date,channel,country,campaign,spend,impressions,clicks
2025-07-01,Display,BR,prospecting,73.87,14774,113
2025-07-01,Display,BR,retargeting,103.43,20686,187
2025-07-01,Display,DE,prospecting,90.92,18185,138
2025-07-01,Display,DE,retargeting,85.87,17174,131
2025-07-01,Display,IN,prospecting,89.05,17810,142
2025-07-01,Display,IN,retargeting,87.76,17551,120
2025-07-01,Display,UK,prospecting,149.89,29977,221
2025-07-01,Display,UK,retargeting,139.82,27965,241
2025-07-01,Display,US,prospecting,232.3,46461,356
2025-07-01,Display,US,retargeting,201.78,40355,295
2025-07-01,Email,BR,lifecycle,27.99,3110,300
2025-07-01,Email,BR,newsletter,29.57,3285,283
2025-07-01,Email,DE,lifecycle,34.08,3787,321
2025-07-01,Email,DE,newsletter,41.54,4615,407
2025-07-01,Email,IN,lifecycle,24.78,2754,239
2025-07-01,Email,IN,newsletter,22.42,2491,236
2025-07-01,Email,UK,lifecycle,37.83,4203,372
2025-07-01,Email,UK,newsletter,41.56,4618,405
2025-07-01,Email,US,lifecycle,61.66,6851,631
2025-07-01,Email,US,newsletter,58.19,6466,604
2025-07-01,Paid Search,BR,brand,293.64,4078,179
2025-07-01,Paid Search,BR,nonbrand,251.23,3489,142
2025-07-01,Paid Search,DE,brand,376.65,5231,245
2025-07-01,Paid Search,DE,nonbrand,330.01,4584,193
2025-07-01,Paid Search,IN,brand,226.14,3141,150
2025-07-01,Paid Search,IN,nonbrand,226.64,3148,138
2025-07-01,Paid Search,UK,brand,466.64,6481,318
2025-07-01,Paid Search,UK,nonbrand,527.4,7325,327
2025-07-01,Paid Search,US,brand,640.39,8894,430
2025-07-01,Paid Search,US,nonbrand,749.56,10411,476
2025-07-01,Paid Social,BR,prospecting,244.78,18829,332
2025-07-01,Paid Social,BR,retargeting,190.93,14687,291
2025-07-01,Paid Social,DE,prospecting,329.24,25326,467
2025-07-01,Paid Social,DE,retargeting,321.33,24718,464
2025-07-01,Paid Social,IN,prospecting,255.2,19631,368
2025-07-01,Paid Social,IN,retargeting,195.23,15018,279
2025-07-01,Paid Social,UK,prospecting,382.52,29425,564
2025-07-01,Paid Social,UK,retargeting,413.22,31786,568
2025-07-01,Paid Social,US,prospecting,538.47,41420,728
2025-07-01,Paid Social,US,retargeting,519.0,39923,716
2025-07-01,Referral,BR,affiliates,90.87,2019,95
2025-07-01,Referral,DE,affiliates,100.08,2224,111
2025-07-01,Referral,IN,affiliates,90.36,2008,110
2025-07-01,Referral,UK,affiliates,134.74,2994,162
2025-07-01,Referral,US,affiliates,191.15,4248,195
2025-07-01,SEO,BR,organic,22.43,3205,225
2025-07-01,SEO,DE,organic,25.78,3683,280
2025-07-01,SEO,IN,organic,23.07,3295,237
2025-07-01,SEO,UK,organic,44.03,6290,376
2025-07-01,SEO,US,organic,56.03,8005,602
2025-07-02,Display,BR,prospecting,93.38,18676,126
2025-07-02,Display,BR,retargeting,75.17,15033,129
2025-07-02,Display,DE,prospecting,124.21,24841,200
2025-07-02,Display,DE,retargeting,121.51,24302,197
2025-07-02,Display,IN,prospecting,81.53,16306,140
2025-07-02,Display,IN,retargeting,90.24,18049,137
2025-07-02,Display,UK,prospecting,162.15,32431,237
2025-07-02,Display,UK,retargeting,139.16,27833,240
2025-07-02,Display,US,prospecting,209.33,41866,329
2025-07-02,Display,US,retargeting,225.27,45055,375
2025-07-02,Email,BR,lifecycle,27.54,3060,274
2025-07-02,Email,BR,newsletter,28.64,3182,337
2025-07-02,Email,DE,lifecycle,30.45,3383,302
2025-07-02,Email,DE,newsletter,38.63,4292,392
2025-07-02,Email,IN,lifecycle,32.99,3666,339
2025-07-02,Email,IN,newsletter,26.53,2948,272
2025-07-02,Email,UK,lifecycle,45.46,5051,449
2025-07-02,Email,UK,newsletter,51.55,5728,564
2025-07-02,Email,US,lifecycle,60.82,6758,576
2025-07-02,Email,US,newsletter,74.48,8275,684
2025-07-02,Paid Search,BR,brand,240.08,3334,131
2025-07-02,Paid Search,BR,nonbrand,261.21,3628,177
2025-07-02,Paid Search,DE,brand,308.47,4284,203
2025-07-02,Paid Search,DE,nonbrand,328.32,4560,194
2025-07-02,Paid Search,IN,brand,254.42,3534,146
2025-07-02,Paid Search,IN,nonbrand,284.98,3958,170
2025-07-02,Paid Search,UK,brand,394.24,5476,235
2025-07-02,Paid Search,UK,nonbrand,464.33,6449,316
2025-07-02,Paid Search,US,brand,612.37,8505,419
2025-07-02,Paid Search,US,nonbrand,630.92,8763,412
2025-07-02,Paid Social,BR,prospecting,224.84,17296,280
2025-07-02,Paid Social,BR,retargeting,273.63,21048,363
2025-07-02,Paid Social,DE,prospecting,283.07,21775,379
2025-07-02,Paid Social,DE,retargeting,257.75,19827,344
2025-07-02,Paid Social,IN,prospecting,206.64,15896,272
2025-07-02,Paid Social,IN,retargeting,210.72,16209,276
2025-07-02,Paid Social,UK,prospecting,348.41,26800,479
2025-07-02,Paid Social,UK,retargeting,364.74,28057,428
2025-07-02,Paid Social,US,prospecting,525.23,40403,698
2025-07-02,Paid Social,US,retargeting,504.03,38772,690
2025-07-02,Referral,BR,affiliates,87.41,1943,101
2025-07-02,Referral,DE,affiliates,120.53,2678,136
2025-07-02,Referral,IN,affiliates,96.6,2147,106
2025-07-02,Referral,UK,affiliates,146.84,3263,159
2025-07-02,Referral,US,affiliates,231.15,5137,263
2025-07-02,SEO,BR,organic,24.71,3530,241
2025-07-02,SEO,DE,organic,32.49,4641,307
2025-07-02,SEO,IN,organic,19.66,2809,202
2025-07-02,SEO,UK,organic,46.1,6585,412
2025-07-02,SEO,US,organic,57.54,8220,567
2025-07-03,Display,BR,prospecting,93.02,18605,158
2025-07-03,Display,BR,retargeting,87.73,17547,153
2025-07-03,Display,DE,prospecting,116.19,23238,180
2025-07-03,Display,DE,retargeting,86.66,17333,135
2025-07-03,Display,IN,prospecting,86.63,17326,149
2025-07-03,Display,IN,retargeting,93.32,18665,157
2025-07-03,Display,UK,prospecting,168.66,33733,257
2025-07-03,Display,UK,retargeting,168.95,33790,293
2025-07-03,Display,US,prospecting,216.31,43263,348
2025-07-03,Display,US,retargeting,170.2,34040,259
2025-07-03,Email,BR,lifecycle,31.85,3539,318
2025-07-03,Email,BR,newsletter,29.02,3225,300
2025-07-03,Email,DE,lifecycle,34.52,3836,334
2025-07-03,Email,DE,newsletter,29.69,3299,300
2025-07-03,Email,IN,lifecycle,28.29,3144,251
2025-07-03,Email,IN,newsletter,24.05,2672,227
2025-07-03,Email,UK,lifecycle,50.1,5567,487
2025-07-03,Email,UK,newsletter,46.66,5184,420
2025-07-03,Email,US,lifecycle,61.63,6848,625
2025-07-03,Email,US,newsletter,57.81,6423,632
2025-07-03,Paid Search,BR,brand,238.01,3306,156
2025-07-03,Paid Search,BR,nonbrand,270.06,3751,161
2025-07-03,Paid Search,DE,brand,303.4,4214,207
2025-07-03,Paid Search,DE,nonbrand,338.47,4701,220
2025-07-03,Paid Search,IN,brand,210.03,2917,140
2025-07-03,Paid Search,IN,nonbrand,292.14,4058,177
2025-07-03,Paid Search,UK,brand,491.3,6824,292
2025-07-03,Paid Search,UK,nonbrand,496.86,6901,329
2025-07-03,Paid Search,US,brand,648.53,9007,417
2025-07-03,Paid Search,US,nonbrand,643.14,8932,372
2025-07-03,Paid Social,BR,prospecting,175.93,13533,250
2025-07-03,Paid Social,BR,retargeting,244.57,18813,332
2025-07-03,Paid Social,DE,prospecting,318.58,24506,440
2025-07-03,Paid Social,DE,retargeting,246.88,18991,342
2025-07-03,Paid Social,IN,prospecting,183.21,14093,238
2025-07-03,Paid Social,IN,retargeting,189.0,14538,257
2025-07-03,Paid Social,UK,prospecting,350.57,26967,465
2025-07-03,Paid Social,UK,retargeting,428.52,32963,538
2025-07-03,Paid Social,US,prospecting,539.99,41538,770
2025-07-03,Paid Social,US,retargeting,429.71,33055,613
2025-07-03,Referral,BR,affiliates,88.57,1968,107
2025-07-03,Referral,DE,affiliates,131.07,2913,146
2025-07-03,Referral,IN,affiliates,83.29,1851,85
2025-07-03,Referral,UK,affiliates,176.39,3920,201
2025-07-03,Referral,US,affiliates,189.19,4204,193
2025-07-03,SEO,BR,organic,31.09,4442,342
2025-07-03,SEO,DE,organic,26.21,3744,259
2025-07-03,SEO,IN,organic,19.42,2774,171
2025-07-03,SEO,UK,organic,36.35,5192,392
2025-07-03,SEO,US,organic,49.22,7031,524
2025-07-04,Display,BR,prospecting,80.57,16114,125
2025-07-04,Display,BR,retargeting,90.01,18003,129
2025-07-04,Display,DE,prospecting,114.64,22927,184
2025-07-04,Display,DE,retargeting,108.79,21759,160
2025-07-04,Display,IN,prospecting,87.71,17542,146
2025-07-04,Display,IN,retargeting,84.89,16978,130
2025-07-04,Display,UK,prospecting,149.22,29845,232
2025-07-04,Display,UK,retargeting,153.32,30663,234
2025-07-04,Display,US,prospecting,169.13,33827,273
2025-07-04,Display,US,retargeting,183.32,36663,304
2025-07-04,Email,BR,lifecycle,31.46,3496,327
2025-07-04,Email,BR,newsletter,22.05,2450,213
2025-07-04,Email,DE,lifecycle,36.06,4007,348
2025-07-04,Email,DE,newsletter,33.88,3764,321
2025-07-04,Email,IN,lifecycle,28.12,3124,305
2025-07-04,Email,IN,newsletter,32.56,3618,341
2025-07-04,Email,UK,lifecycle,50.73,5636,495
2025-07-04,Email,UK,newsletter,48.07,5341,446
2025-07-04,Email,US,lifecycle,68.4,7600,745
2025-07-04,Email,US,newsletter,63.37,7041,668
2025-07-04,Paid Search,BR,brand,271.77,3775,184
2025-07-04,Paid Search,BR,nonbrand,286.15,3974,190
2025-07-04,Paid Search,DE,brand,356.87,4957,211
2025-07-04,Paid Search,DE,nonbrand,370.5,5146,244
2025-07-04,Paid Search,IN,brand,228.84,3178,140
2025-07-04,Paid Search,IN,nonbrand,213.85,2970,132
2025-07-04,Paid Search,UK,brand,501.85,6970,317
2025-07-04,Paid Search,UK,nonbrand,489.87,6804,300
2025-07-04,Paid Search,US,brand,595.08,8265,394
2025-07-04,Paid Search,US,nonbrand,558.23,7753,327
2025-07-04,Paid Social,BR,prospecting,228.44,17572,302
2025-07-04,Paid Social,BR,retargeting,217.69,16745,279
2025-07-04,Paid Social,DE,prospecting,258.67,19898,371
2025-07-04,Paid Social,DE,retargeting,279.76,21520,403
2025-07-04,Paid Social,IN,prospecting,205.43,15802,279
2025-07-04,Paid Social,IN,retargeting,219.39,16876,306
2025-07-04,Paid Social,UK,prospecting,370.45,28496,541
2025-07-04,Paid Social,UK,retargeting,426.88,32837,580
2025-07-04,Paid Social,US,prospecting,519.74,39980,670
2025-07-04,Paid Social,US,retargeting,511.12,39317,750
2025-07-04,Referral,BR,affiliates,88.59,1969,103
2025-07-04,Referral,DE,affiliates,141.3,3140,147
2025-07-04,Referral,IN,affiliates,91.7,2038,89
2025-07-04,Referral,UK,affiliates,149.73,3327,180
2025-07-04,Referral,US,affiliates,202.59,4502,221
2025-07-04,SEO,BR,organic,23.93,3419,241
2025-07-04,SEO,DE,organic,25.37,3625,226
2025-07-04,SEO,IN,organic,25.91,3701,276
2025-07-04,SEO,UK,organic,31.75,4535,304
2025-07-04,SEO,US,organic,55.12,7874,559
2025-07-05,Display,BR,prospecting,81.63,16325,140
2025-07-05,Display,BR,retargeting,104.61,20921,166
2025-07-05,Display,DE,prospecting,111.67,22334,190
2025-07-05,Display,DE,retargeting,137.96,27592,203
2025-07-05,Display,IN,prospecting,93.06,18612,155
2025-07-05,Display,IN,retargeting,78.03,15606,119
2025-07-05,Display,UK,prospecting,177.26,35452,277
2025-07-05,Display,UK,retargeting,157.61,31522,231
2025-07-05,Display,US,prospecting,269.76,53952,443
2025-07-05,Display,US,retargeting,238.36,47671,403
2025-07-05,Email,BR,lifecycle,28.83,3203,288
2025-07-05,Email,BR,newsletter,27.04,3004,274
2025-07-05,Email,DE,lifecycle,32.91,3656,330
2025-07-05,Email,DE,newsletter,38.7,4300,370
2025-07-05,Email,IN,lifecycle,33.32,3702,344
2025-07-05,Email,IN,newsletter,27.26,3029,245
2025-07-05,Email,UK,lifecycle,52.14,5794,465
2025-07-05,Email,UK,newsletter,51.38,5709,509
2025-07-05,Email,US,lifecycle,58.12,6458,531
2025-07-05,Email,US,newsletter,45.82,5091,456
2025-07-05,Paid Search,BR,brand,298.43,4145,203
2025-07-05,Paid Search,BR,nonbrand,342.85,4762,206
2025-07-05,Paid Search,DE,brand,408.8,5678,252
2025-07-05,Paid Search,DE,nonbrand,437.66,6079,257
2025-07-05,Paid Search,IN,brand,246.25,3420,144
2025-07-05,Paid Search,IN,nonbrand,253.26,3517,157
2025-07-05,Paid Search,UK,brand,373.19,5183,245
2025-07-05,Paid Search,UK,nonbrand,523.71,7274,327
2025-07-05,Paid Search,US,brand,679.77,9441,457
2025-07-05,Paid Search,US,nonbrand,714.83,9928,400
2025-07-05,Paid Social,BR,prospecting,194.37,14951,273
2025-07-05,Paid Social,BR,retargeting,216.29,16637,313
2025-07-05,Paid Social,DE,prospecting,355.95,27381,521
2025-07-05,Paid Social,DE,retargeting,263.23,20248,389
2025-07-05,Paid Social,IN,prospecting,214.55,16504,298
2025-07-05,Paid Social,IN,retargeting,224.85,17296,299
2025-07-05,Paid Social,UK,prospecting,403.88,31067,631
2025-07-05,Paid Social,UK,retargeting,374.82,28832,593
2025-07-05,Paid Social,US,prospecting,603.62,46432,874
2025-07-05,Paid Social,US,retargeting,423.64,32588,592
2025-07-05,Referral,BR,affiliates,89.89,1998,99
2025-07-05,Referral,DE,affiliates,159.39,3542,178
2025-07-05,Referral,IN,affiliates,109.3,2429,120
2025-07-05,Referral,UK,affiliates,171.55,3812,189
2025-07-05,Referral,US,affiliates,260.72,5794,264
2025-07-05,SEO,BR,organic,25.98,3712,269
2025-07-05,SEO,DE,organic,32.38,4625,327
2025-07-05,SEO,IN,organic,23.66,3381,205
2025-07-05,SEO,UK,organic,48.13,6876,439
2025-07-05,SEO,US,organic,62.0,8857,653
2025-07-06,Display,BR,prospecting,94.54,18909,154
2025-07-06,Display,BR,retargeting,94.88,18975,146
2025-07-06,Display,DE,prospecting,123.03,24606,182
2025-07-06,Display,DE,retargeting,114.12,22824,162
2025-07-06,Display,IN,prospecting,95.35,19071,143
2025-07-06,Display,IN,retargeting,96.95,19390,174
2025-07-06,Display,UK,prospecting,149.58,29915,236
2025-07-06,Display,UK,retargeting,198.5,39700,335
2025-07-06,Display,US,prospecting,198.54,39707,318
2025-07-06,Display,US,retargeting,202.53,40505,316
2025-07-06,Email,BR,lifecycle,26.99,2999,298
2025-07-06,Email,BR,newsletter,32.58,3620,338
2025-07-06,Email,DE,lifecycle,32.14,3571,319
2025-07-06,Email,DE,newsletter,28.97,3219,329
2025-07-06,Email,IN,lifecycle,27.72,3081,287
2025-07-06,Email,IN,newsletter,27.96,3106,274
2025-07-06,Email,UK,lifecycle,46.11,5124,428
2025-07-06,Email,UK,newsletter,51.43,5714,503
2025-07-06,Email,US,lifecycle,64.64,7182,593
2025-07-06,Email,US,newsletter,72.31,8035,743
2025-07-06,Paid Search,BR,brand,227.34,3157,145
2025-07-06,Paid Search,BR,nonbrand,318.21,4420,191
2025-07-06,Paid Search,DE,brand,367.38,5102,240
2025-07-06,Paid Search,DE,nonbrand,391.3,5435,254
2025-07-06,Paid Search,IN,brand,297.03,4125,183
2025-07-06,Paid Search,IN,nonbrand,265.66,3690,158
2025-07-06,Paid Search,UK,brand,411.31,5713,257
2025-07-06,Paid Search,UK,nonbrand,507.84,7053,321
2025-07-06,Paid Search,US,brand,670.59,9314,448
2025-07-06,Paid Search,US,nonbrand,628.06,8723,413
2025-07-06,Paid Social,BR,prospecting,264.02,20309,369
2025-07-06,Paid Social,BR,retargeting,275.25,21173,368
2025-07-06,Paid Social,DE,prospecting,314.68,24206,438
2025-07-06,Paid Social,DE,retargeting,241.69,18592,353
2025-07-06,Paid Social,IN,prospecting,235.09,18083,291
2025-07-06,Paid Social,IN,retargeting,206.88,15914,278
2025-07-06,Paid Social,UK,prospecting,384.84,29603,540
2025-07-06,Paid Social,UK,retargeting,484.0,37230,598
2025-07-06,Paid Social,US,prospecting,441.33,33949,594
2025-07-06,Paid Social,US,retargeting,510.14,39242,652
2025-07-06,Referral,BR,affiliates,88.54,1967,108
2025-07-06,Referral,DE,affiliates,149.88,3331,158
2025-07-06,Referral,IN,affiliates,91.74,2039,98
2025-07-06,Referral,UK,affiliates,163.54,3634,182
2025-07-06,Referral,US,affiliates,247.73,5505,276
2025-07-06,SEO,BR,organic,22.06,3151,220
2025-07-06,SEO,DE,organic,32.3,4615,317
2025-07-06,SEO,IN,organic,20.63,2947,219
2025-07-06,SEO,UK,organic,43.69,6242,432
2025-07-06,SEO,US,organic,49.86,7122,527
2025-07-07,Display,BR,prospecting,97.39,19477,167
2025-07-07,Display,BR,retargeting,89.24,17849,147
2025-07-07,Display,DE,prospecting,119.86,23971,217
2025-07-07,Display,DE,retargeting,100.65,20129,166
2025-07-07,Display,IN,prospecting,74.31,14862,129
2025-07-07,Display,IN,retargeting,89.96,17992,147
2025-07-07,Display,UK,prospecting,154.95,30990,223
2025-07-07,Display,UK,retargeting,160.95,32190,279
2025-07-07,Display,US,prospecting,154.57,30913,227
2025-07-07,Display,US,retargeting,181.17,36234,273
2025-07-07,Email,BR,lifecycle,28.49,3165,262
2025-07-07,Email,BR,newsletter,25.34,2816,262
2025-07-07,Email,DE,lifecycle,35.99,3998,383
2025-07-07,Email,DE,newsletter,26.98,2997,255
2025-07-07,Email,IN,lifecycle,24.54,2727,211
2025-07-07,Email,IN,newsletter,25.09,2787,234
2025-07-07,Email,UK,lifecycle,40.8,4533,404
2025-07-07,Email,UK,newsletter,55.02,6114,528
2025-07-07,Email,US,lifecycle,52.07,5786,551
2025-07-07,Email,US,newsletter,69.62,7736,727
2025-07-07,Paid Search,BR,brand,265.07,3682,166
2025-07-07,Paid Search,BR,nonbrand,302.21,4197,203
2025-07-07,Paid Search,DE,brand,286.39,3978,180
2025-07-07,Paid Search,DE,nonbrand,371.31,5157,225
2025-07-07,Paid Search,IN,brand,272.22,3781,173
2025-07-07,Paid Search,IN,nonbrand,265.81,3692,146
2025-07-07,Paid Search,UK,brand,458.48,6368,309
2025-07-07,Paid Search,UK,nonbrand,438.93,6096,280
2025-07-07,Paid Search,US,brand,666.49,9257,432
2025-07-07,Paid Search,US,nonbrand,588.87,8179,374
2025-07-07,Paid Social,BR,prospecting,219.04,16849,269
2025-07-07,Paid Social,BR,retargeting,195.93,15071,264
2025-07-07,Paid Social,DE,prospecting,296.94,22842,391
2025-07-07,Paid Social,DE,retargeting,270.55,20812,376
2025-07-07,Paid Social,IN,prospecting,207.63,15971,296
2025-07-07,Paid Social,IN,retargeting,240.2,18477,363
2025-07-07,Paid Social,UK,prospecting,390.92,30071,581
2025-07-07,Paid Social,UK,retargeting,378.34,29103,485
2025-07-07,Paid Social,US,prospecting,499.99,38461,740
2025-07-07,Paid Social,US,retargeting,473.67,36436,660
2025-07-07,Referral,BR,affiliates,107.57,2390,116
2025-07-07,Referral,DE,affiliates,118.44,2632,117
2025-07-07,Referral,IN,affiliates,100.87,2242,114
2025-07-07,Referral,UK,affiliates,152.69,3393,166
2025-07-07,Referral,US,affiliates,217.56,4835,258
2025-07-07,SEO,BR,organic,22.02,3146,212
2025-07-07,SEO,DE,organic,30.48,4354,297
2025-07-07,SEO,IN,organic,24.6,3514,247
2025-07-07,SEO,UK,organic,33.65,4807,341
2025-07-07,SEO,US,organic,59.66,8523,563
2025-07-08,Display,BR,prospecting,94.86,18972,159
2025-07-08,Display,BR,retargeting,85.34,17068,145
2025-07-08,Display,DE,prospecting,109.34,21868,174
2025-07-08,Display,DE,retargeting,123.77,24755,205
2025-07-08,Display,IN,prospecting,73.73,14746,109
2025-07-08,Display,IN,retargeting,64.78,12955,109
2025-07-08,Display,UK,prospecting,168.68,33736,260
2025-07-08,Display,UK,retargeting,147.13,29425,257
2025-07-08,Display,US,prospecting,194.7,38941,305
2025-07-08,Display,US,retargeting,188.87,37774,330
2025-07-08,Email,BR,lifecycle,24.99,2777,263
2025-07-08,Email,BR,newsletter,21.81,2423,225
2025-07-08,Email,DE,lifecycle,37.23,4136,372
2025-07-08,Email,DE,newsletter,34.51,3834,353
2025-07-08,Email,IN,lifecycle,24.21,2690,227
2025-07-08,Email,IN,newsletter,23.61,2623,224
2025-07-08,Email,UK,lifecycle,45.08,5009,390
2025-07-08,Email,UK,newsletter,45.67,5074,460
2025-07-08,Email,US,lifecycle,62.64,6960,626
2025-07-08,Email,US,newsletter,53.28,5920,490
2025-07-08,Paid Search,BR,brand,271.48,3771,183
2025-07-08,Paid Search,BR,nonbrand,318.06,4417,211
2025-07-08,Paid Search,DE,brand,283.48,3937,165
2025-07-08,Paid Search,DE,nonbrand,330.66,4592,207
2025-07-08,Paid Search,IN,brand,256.69,3565,156
2025-07-08,Paid Search,IN,nonbrand,195.98,2722,118
2025-07-08,Paid Search,UK,brand,434.57,6036,286
2025-07-08,Paid Search,UK,nonbrand,555.54,7716,319
2025-07-08,Paid Search,US,brand,668.86,9290,433
2025-07-08,Paid Search,US,nonbrand,654.52,9091,421
2025-07-08,Paid Social,BR,prospecting,276.02,21233,384
2025-07-08,Paid Social,BR,retargeting,287.14,22088,385
2025-07-08,Paid Social,DE,prospecting,286.78,22060,386
2025-07-08,Paid Social,DE,retargeting,331.4,25492,527
2025-07-08,Paid Social,IN,prospecting,175.73,13518,262
2025-07-08,Paid Social,IN,retargeting,212.12,16317,290
2025-07-08,Paid Social,UK,prospecting,294.45,22650,433
2025-07-08,Paid Social,UK,retargeting,378.67,29129,531
2025-07-08,Paid Social,US,prospecting,423.79,32599,573
2025-07-08,Paid Social,US,retargeting,525.67,40437,842
2025-07-08,Referral,BR,affiliates,104.1,2313,108
2025-07-08,Referral,DE,affiliates,128.83,2863,149
2025-07-08,Referral,IN,affiliates,71.01,1578,77
2025-07-08,Referral,UK,affiliates,151.11,3358,174
2025-07-08,Referral,US,affiliates,216.04,4801,231
2025-07-08,SEO,BR,organic,23.78,3398,231
2025-07-08,SEO,DE,organic,26.89,3841,266
2025-07-08,SEO,IN,organic,20.56,2938,216
2025-07-08,SEO,UK,organic,25.16,3595,249
2025-07-08,SEO,US,organic,56.14,8020,564
2025-07-09,Display,BR,prospecting,80.82,16163,110
2025-07-09,Display,BR,retargeting,101.74,20349,166
2025-07-09,Display,DE,prospecting,118.99,23798,195
2025-07-09,Display,DE,retargeting,109.58,21916,182
2025-07-09,Display,IN,prospecting,82.41,16483,123
2025-07-09,Display,IN,retargeting,96.94,19388,160
2025-07-09,Display,UK,prospecting,156.62,31324,258
2025-07-09,Display,UK,retargeting,138.22,27644,228
2025-07-09,Display,US,prospecting,143.61,28723,238
2025-07-09,Display,US,retargeting,200.87,40173,338
2025-07-09,Email,BR,lifecycle,29.99,3332,298
2025-07-09,Email,BR,newsletter,29.74,3304,315
2025-07-09,Email,DE,lifecycle,42.63,4737,441
2025-07-09,Email,DE,newsletter,34.57,3841,358
2025-07-09,Email,IN,lifecycle,25.83,2870,281
2025-07-09,Email,IN,newsletter,27.68,3076,309
2025-07-09,Email,UK,lifecycle,45.14,5016,397
2025-07-09,Email,UK,newsletter,39.7,4411,384
2025-07-09,Email,US,lifecycle,59.57,6619,638
2025-07-09,Email,US,newsletter,57.25,6361,630
2025-07-09,Paid Search,BR,brand,264.11,3668,182
2025-07-09,Paid Search,BR,nonbrand,289.64,4023,183
2025-07-09,Paid Search,DE,brand,280.85,3901,180
2025-07-09,Paid Search,DE,nonbrand,310.1,4307,210
2025-07-09,Paid Search,IN,brand,208.24,2892,134
2025-07-09,Paid Search,IN,nonbrand,200.71,2788,128
2025-07-09,Paid Search,UK,brand,450.94,6263,296
2025-07-09,Paid Search,UK,nonbrand,402.67,5593,228
2025-07-09,Paid Search,US,brand,491.42,6825,317
2025-07-09,Paid Search,US,nonbrand,490.75,6816,280
2025-07-09,Paid Social,BR,prospecting,254.97,19613,364
2025-07-09,Paid Social,BR,retargeting,209.3,16100,291
2025-07-09,Paid Social,DE,prospecting,265.27,20406,381
2025-07-09,Paid Social,DE,retargeting,281.1,21623,381
2025-07-09,Paid Social,IN,prospecting,166.45,12804,238
2025-07-09,Paid Social,IN,retargeting,222.77,17136,302
2025-07-09,Paid Social,UK,prospecting,343.53,26426,458
2025-07-09,Paid Social,UK,retargeting,381.01,29309,584
2025-07-09,Paid Social,US,prospecting,525.21,40401,755
2025-07-09,Paid Social,US,retargeting,623.0,47923,948
2025-07-09,Referral,BR,affiliates,86.88,1931,98
2025-07-09,Referral,DE,affiliates,123.74,2750,139
2025-07-09,Referral,IN,affiliates,81.86,1819,96
2025-07-09,Referral,UK,affiliates,136.39,3031,160
2025-07-09,Referral,US,affiliates,219.24,4872,243
2025-07-09,SEO,BR,organic,25.64,3663,273
2025-07-09,SEO,DE,organic,30.86,4408,298
2025-07-09,SEO,IN,organic,16.84,2406,170
2025-07-09,SEO,UK,organic,35.52,5074,365
2025-07-09,SEO,US,organic,53.23,7604,563
2025-07-10,Display,BR,prospecting,91.88,18376,152
2025-07-10,Display,BR,retargeting,74.74,14947,113
2025-07-10,Display,DE,prospecting,102.2,20439,156
2025-07-10,Display,DE,retargeting,107.5,21500,163
2025-07-10,Display,IN,prospecting,82.68,16535,135
2025-07-10,Display,IN,retargeting,58.13,11626,94
2025-07-10,Display,UK,prospecting,141.08,28217,207
2025-07-10,Display,UK,retargeting,174.64,34927,246
2025-07-10,Display,US,prospecting,176.9,35380,272
2025-07-10,Display,US,retargeting,201.01,40202,325
2025-07-10,Email,BR,lifecycle,28.5,3166,266
2025-07-10,Email,BR,newsletter,25.24,2804,266
2025-07-10,Email,DE,lifecycle,36.61,4067,370
2025-07-10,Email,DE,newsletter,26.42,2935,263
2025-07-10,Email,IN,lifecycle,16.59,1844,164
2025-07-10,Email,IN,newsletter,21.4,2378,195
2025-07-10,Email,UK,lifecycle,51.2,5689,502
2025-07-10,Email,UK,newsletter,48.66,5407,476
2025-07-10,Email,US,lifecycle,68.84,7649,655
2025-07-10,Email,US,newsletter,64.32,7147,662
2025-07-10,Paid Search,BR,brand,244.71,3399,163
2025-07-10,Paid Search,BR,nonbrand,269.98,3750,176
2025-07-10,Paid Search,DE,brand,267.07,3709,173
2025-07-10,Paid Search,DE,nonbrand,365.58,5077,240
2025-07-10,Paid Search,IN,brand,239.28,3323,144
2025-07-10,Paid Search,IN,nonbrand,263.19,3655,166
2025-07-10,Paid Search,UK,brand,405.7,5635,262
2025-07-10,Paid Search,UK,nonbrand,452.2,6281,268
2025-07-10,Paid Search,US,brand,445.61,6189,260
2025-07-10,Paid Search,US,nonbrand,727.08,10098,503
2025-07-10,Paid Social,BR,prospecting,197.22,15171,284
2025-07-10,Paid Social,BR,retargeting,272.64,20972,349
2025-07-10,Paid Social,DE,prospecting,282.42,21725,367
2025-07-10,Paid Social,DE,retargeting,288.53,22195,361
2025-07-10,Paid Social,IN,prospecting,213.69,16437,284
2025-07-10,Paid Social,IN,retargeting,242.36,18643,332
2025-07-10,Paid Social,UK,prospecting,363.99,27999,505
2025-07-10,Paid Social,UK,retargeting,379.77,29213,532
2025-07-10,Paid Social,US,prospecting,608.64,46819,852
2025-07-10,Paid Social,US,retargeting,543.35,41797,618
2025-07-10,Referral,BR,affiliates,106.7,2371,128
2025-07-10,Referral,DE,affiliates,110.26,2450,127
2025-07-10,Referral,IN,affiliates,94.17,2093,104
2025-07-10,Referral,UK,affiliates,169.55,3768,192
2025-07-10,Referral,US,affiliates,196.34,4363,207
2025-07-10,SEO,BR,organic,25.98,3712,271
2025-07-10,SEO,DE,organic,31.2,4458,313
2025-07-10,SEO,IN,organic,19.09,2727,203
2025-07-10,SEO,UK,organic,37.94,5420,387
2025-07-10,SEO,US,organic,54.92,7846,586
2025-07-11,Display,BR,prospecting,100.04,20007,157
2025-07-11,Display,BR,retargeting,85.78,17155,132
2025-07-11,Display,DE,prospecting,114.34,22867,195
2025-07-11,Display,DE,retargeting,130.31,26061,221
2025-07-11,Display,IN,prospecting,77.68,15537,121
2025-07-11,Display,IN,retargeting,93.17,18633,160
2025-07-11,Display,UK,prospecting,145.64,29128,228
2025-07-11,Display,UK,retargeting,154.43,30886,253
2025-07-11,Display,US,prospecting,265.88,53177,443
2025-07-11,Display,US,retargeting,198.3,39660,345
2025-07-11,Email,BR,lifecycle,35.81,3979,406
2025-07-11,Email,BR,newsletter,30.58,3398,290
2025-07-11,Email,DE,lifecycle,28.99,3221,314
2025-07-11,Email,DE,newsletter,35.48,3943,369
2025-07-11,Email,IN,lifecycle,24.87,2763,223
2025-07-11,Email,IN,newsletter,18.89,2099,180
2025-07-11,Email,UK,lifecycle,42.6,4734,423
2025-07-11,Email,UK,newsletter,42.13,4681,428
2025-07-11,Email,US,lifecycle,60.99,6777,612
2025-07-11,Email,US,newsletter,61.17,6797,586
2025-07-11,Paid Search,BR,brand,253.68,3523,150
2025-07-11,Paid Search,BR,nonbrand,304.08,4223,187
2025-07-11,Paid Search,DE,brand,343.5,4771,216
2025-07-11,Paid Search,DE,nonbrand,346.01,4806,227
2025-07-11,Paid Search,IN,brand,226.37,3144,147
2025-07-11,Paid Search,IN,nonbrand,190.48,2646,128
2025-07-11,Paid Search,UK,brand,499.77,6941,356
2025-07-11,Paid Search,UK,nonbrand,452.87,6290,267
2025-07-11,Paid Search,US,brand,683.64,9495,445
2025-07-11,Paid Search,US,nonbrand,623.64,8662,376
2025-07-11,Paid Social,BR,prospecting,171.22,13171,239
2025-07-11,Paid Social,BR,retargeting,221.03,17002,265
2025-07-11,Paid Social,DE,prospecting,267.53,20579,366
2025-07-11,Paid Social,DE,retargeting,210.32,16178,266
2025-07-11,Paid Social,IN,prospecting,241.58,18583,319
2025-07-11,Paid Social,IN,retargeting,242.01,18616,344
2025-07-11,Paid Social,UK,prospecting,338.02,26001,432
2025-07-11,Paid Social,UK,retargeting,257.82,19832,372
2025-07-11,Paid Social,US,prospecting,479.64,36895,694
2025-07-11,Paid Social,US,retargeting,596.96,45920,830
2025-07-11,Referral,BR,affiliates,100.02,2223,106
2025-07-11,Referral,DE,affiliates,118.88,2642,128
2025-07-11,Referral,IN,affiliates,108.59,2413,118
2025-07-11,Referral,UK,affiliates,181.22,4027,199
2025-07-11,Referral,US,affiliates,177.5,3944,188
2025-07-11,SEO,BR,organic,25.05,3579,228
2025-07-11,SEO,DE,organic,34.35,4908,370
2025-07-11,SEO,IN,organic,20.73,2962,208
2025-07-11,SEO,UK,organic,34.63,4947,352
2025-07-11,SEO,US,organic,58.85,8407,633
2025-07-12,Display,BR,prospecting,83.92,16784,144
2025-07-12,Display,BR,retargeting,76.05,15211,126
2025-07-12,Display,DE,prospecting,138.81,27763,220
2025-07-12,Display,DE,retargeting,104.98,20995,175
2025-07-12,Display,IN,prospecting,92.11,18422,149
2025-07-12,Display,IN,retargeting,82.71,16542,147
2025-07-12,Display,UK,prospecting,182.61,36522,297
2025-07-12,Display,UK,retargeting,163.25,32650,270
2025-07-12,Display,US,prospecting,209.72,41944,336
2025-07-12,Display,US,retargeting,192.62,38523,310
2025-07-12,Email,BR,lifecycle,34.48,3831,394
2025-07-12,Email,BR,newsletter,29.23,3248,329
2025-07-12,Email,DE,lifecycle,45.59,5065,448
2025-07-12,Email,DE,newsletter,41.4,4600,422
2025-07-12,Email,IN,lifecycle,27.59,3065,280
2025-07-12,Email,IN,newsletter,26.37,2930,272
2025-07-12,Email,UK,lifecycle,46.51,5167,456
2025-07-12,Email,UK,newsletter,48.19,5354,463
2025-07-12,Email,US,lifecycle,62.41,6935,650
2025-07-12,Email,US,newsletter,69.61,7735,650
2025-07-12,Paid Search,BR,brand,286.77,3983,181
2025-07-12,Paid Search,BR,nonbrand,330.71,4593,207
2025-07-12,Paid Search,DE,brand,415.67,5773,263
2025-07-12,Paid Search,DE,nonbrand,303.71,4218,212
2025-07-12,Paid Search,IN,brand,296.6,4119,190
2025-07-12,Paid Search,IN,nonbrand,254.17,3530,177
2025-07-12,Paid Search,UK,brand,533.88,7415,330
2025-07-12,Paid Search,UK,nonbrand,511.89,7110,308
2025-07-12,Paid Search,US,brand,753.17,10461,432
2025-07-12,Paid Search,US,nonbrand,760.55,10563,480
2025-07-12,Paid Social,BR,prospecting,222.03,17079,271
2025-07-12,Paid Social,BR,retargeting,290.47,22344,413
2025-07-12,Paid Social,DE,prospecting,340.33,26180,460
2025-07-12,Paid Social,DE,retargeting,321.24,24711,484
2025-07-12,Paid Social,IN,prospecting,225.94,17380,318
2025-07-12,Paid Social,IN,retargeting,239.38,18414,311
2025-07-12,Paid Social,UK,prospecting,486.48,37421,665
2025-07-12,Paid Social,UK,retargeting,397.87,30605,540
2025-07-12,Paid Social,US,prospecting,557.74,42903,777
2025-07-12,Paid Social,US,retargeting,591.88,45529,865
2025-07-12,Referral,BR,affiliates,100.12,2225,100
2025-07-12,Referral,DE,affiliates,158.31,3518,183
2025-07-12,Referral,IN,affiliates,95.65,2126,112
2025-07-12,Referral,UK,affiliates,169.94,3777,172
2025-07-12,Referral,US,affiliates,250.4,5564,264
2025-07-12,SEO,BR,organic,28.56,4079,264
2025-07-12,SEO,DE,organic,33.28,4754,312
2025-07-12,SEO,IN,organic,24.5,3500,249
2025-07-12,SEO,UK,organic,47.01,6716,508
2025-07-12,SEO,US,organic,74.88,10698,754
2025-07-13,Display,BR,prospecting,98.41,19683,163
2025-07-13,Display,BR,retargeting,85.61,17121,143
2025-07-13,Display,DE,prospecting,140.14,28029,219
2025-07-13,Display,DE,retargeting,115.36,23072,185
2025-07-13,Display,IN,prospecting,99.29,19858,163
2025-07-13,Display,IN,retargeting,97.11,19423,140
2025-07-13,Display,UK,prospecting,141.46,28292,216
2025-07-13,Display,UK,retargeting,176.0,35200,303
2025-07-13,Display,US,prospecting,182.11,36423,288
2025-07-13,Display,US,retargeting,240.16,48031,370
2025-07-13,Email,BR,lifecycle,25.51,2834,252
2025-07-13,Email,BR,newsletter,28.33,3147,317
2025-07-13,Email,DE,lifecycle,41.26,4585,405
2025-07-13,Email,DE,newsletter,35.67,3963,338
2025-07-13,Email,IN,lifecycle,26.36,2929,274
2025-07-13,Email,IN,newsletter,29.49,3277,287
2025-07-13,Email,UK,lifecycle,60.88,6764,522
2025-07-13,Email,UK,newsletter,51.01,5667,507
2025-07-13,Email,US,lifecycle,63.98,7109,648
2025-07-13,Email,US,newsletter,63.66,7073,674
2025-07-13,Paid Search,BR,brand,296.21,4114,190
2025-07-13,Paid Search,BR,nonbrand,315.83,4386,190
2025-07-13,Paid Search,DE,brand,365.69,5079,225
2025-07-13,Paid Search,DE,nonbrand,351.86,4887,211
2025-07-13,Paid Search,IN,brand,306.58,4258,191
2025-07-13,Paid Search,IN,nonbrand,273.83,3803,179
2025-07-13,Paid Search,UK,brand,492.24,6837,271
2025-07-13,Paid Search,UK,nonbrand,463.2,6433,301
2025-07-13,Paid Search,US,brand,578.55,8035,344
2025-07-13,Paid Search,US,nonbrand,574.22,7975,377
2025-07-13,Paid Social,BR,prospecting,208.4,16031,311
2025-07-13,Paid Social,BR,retargeting,222.65,17127,269
2025-07-13,Paid Social,DE,prospecting,297.79,22907,410
2025-07-13,Paid Social,DE,retargeting,308.65,23742,425
2025-07-13,Paid Social,IN,prospecting,245.68,18899,337
2025-07-13,Paid Social,IN,retargeting,215.71,16593,306
2025-07-13,Paid Social,UK,prospecting,407.9,31377,544
2025-07-13,Paid Social,UK,retargeting,340.36,26182,457
2025-07-13,Paid Social,US,prospecting,599.29,46099,747
2025-07-13,Paid Social,US,retargeting,623.59,47968,854
2025-07-13,Referral,BR,affiliates,88.86,1975,99
2025-07-13,Referral,DE,affiliates,140.33,3118,165
2025-07-13,Referral,IN,affiliates,83.65,1859,94
2025-07-13,Referral,UK,affiliates,193.43,4298,214
2025-07-13,Referral,US,affiliates,277.46,6166,323
2025-07-13,SEO,BR,organic,22.92,3275,213
2025-07-13,SEO,DE,organic,30.22,4317,318
2025-07-13,SEO,IN,organic,24.37,3481,250
2025-07-13,SEO,UK,organic,39.18,5597,391
2025-07-13,SEO,US,organic,62.89,8985,687
2025-07-14,Display,BR,prospecting,104.99,20997,174
2025-07-14,Display,BR,retargeting,93.89,18778,151
2025-07-14,Display,DE,prospecting,131.07,26214,202
2025-07-14,Display,DE,retargeting,124.81,24962,198
2025-07-14,Display,IN,prospecting,94.72,18945,168
2025-07-14,Display,IN,retargeting,87.98,17597,140
2025-07-14,Display,UK,prospecting,133.66,26732,218
2025-07-14,Display,UK,retargeting,166.66,33333,290
2025-07-14,Display,US,prospecting,204.12,40824,350
2025-07-14,Display,US,retargeting,235.89,47178,355
2025-07-14,Email,BR,lifecycle,25.44,2827,261
2025-07-14,Email,BR,newsletter,31.57,3508,331
2025-07-14,Email,DE,lifecycle,25.76,2862,269
2025-07-14,Email,DE,newsletter,34.16,3796,353
2025-07-14,Email,IN,lifecycle,20.3,2256,210
2025-07-14,Email,IN,newsletter,23.14,2571,234
2025-07-14,Email,UK,lifecycle,53.64,5960,586
2025-07-14,Email,UK,newsletter,40.77,4530,392
2025-07-14,Email,US,lifecycle,73.68,8186,658
2025-07-14,Email,US,newsletter,74.7,8300,756
2025-07-14,Paid Search,BR,brand,291.03,4042,162
2025-07-14,Paid Search,BR,nonbrand,223.97,3111,148
2025-07-14,Paid Search,DE,brand,247.17,3433,168
2025-07-14,Paid Search,DE,nonbrand,335.8,4664,197
2025-07-14,Paid Search,IN,brand,280.26,3892,171
2025-07-14,Paid Search,IN,nonbrand,261.13,3627,177
2025-07-14,Paid Search,UK,brand,513.4,7131,352
2025-07-14,Paid Search,UK,nonbrand,469.31,6518,290
2025-07-14,Paid Search,US,brand,474.26,6587,320
2025-07-14,Paid Search,US,nonbrand,542.88,7540,319
2025-07-14,Paid Social,BR,prospecting,275.65,21204,391
2025-07-14,Paid Social,BR,retargeting,226.63,17433,330
2025-07-14,Paid Social,DE,prospecting,231.89,17837,302
2025-07-14,Paid Social,DE,retargeting,260.09,20007,364
2025-07-14,Paid Social,IN,prospecting,232.46,17882,330
2025-07-14,Paid Social,IN,retargeting,171.71,13209,241
2025-07-14,Paid Social,UK,prospecting,384.85,29604,520
2025-07-14,Paid Social,UK,retargeting,450.41,34647,627
2025-07-14,Paid Social,US,prospecting,382.52,29425,562
2025-07-14,Paid Social,US,retargeting,622.14,47857,838
2025-07-14,Referral,BR,affiliates,100.43,2232,117
2025-07-14,Referral,DE,affiliates,150.4,3342,185
2025-07-14,Referral,IN,affiliates,108.39,2409,126
2025-07-14,Referral,UK,affiliates,151.32,3363,166
2025-07-14,Referral,US,affiliates,232.81,5174,237
2025-07-14,SEO,BR,organic,25.53,3648,272
2025-07-14,SEO,DE,organic,25.28,3611,256
2025-07-14,SEO,IN,organic,25.37,3624,282
2025-07-14,SEO,UK,organic,40.26,5751,402
2025-07-14,SEO,US,organic,59.55,8507,572
2025-07-15,Display,BR,prospecting,76.61,15322,121
2025-07-15,Display,BR,retargeting,94.1,18820,152
2025-07-15,Display,DE,prospecting,116.94,23387,184
2025-07-15,Display,DE,retargeting,96.35,19269,148
2025-07-15,Display,IN,prospecting,96.96,19393,159
2025-07-15,Display,IN,retargeting,82.54,16508,132
2025-07-15,Display,UK,prospecting,161.63,32326,235
2025-07-15,Display,UK,retargeting,160.7,32139,271
2025-07-15,Display,US,prospecting,181.59,36317,260
2025-07-15,Display,US,retargeting,156.86,31371,249
2025-07-15,Email,BR,lifecycle,20.9,2323,203
2025-07-15,Email,BR,newsletter,22.89,2544,229
2025-07-15,Email,DE,lifecycle,29.72,3303,292
2025-07-15,Email,DE,newsletter,36.24,4027,351
2025-07-15,Email,IN,lifecycle,24.43,2714,242
2025-07-15,Email,IN,newsletter,25.43,2826,276
2025-07-15,Email,UK,lifecycle,40.43,4493,369
2025-07-15,Email,UK,newsletter,42.46,4717,394
2025-07-15,Email,US,lifecycle,49.55,5506,579
2025-07-15,Email,US,newsletter,56.15,6238,578
2025-07-15,Paid Search,BR,brand,306.54,4258,197
2025-07-15,Paid Search,BR,nonbrand,243.95,3388,146
2025-07-15,Paid Search,DE,brand,331.42,4603,196
2025-07-15,Paid Search,DE,nonbrand,318.41,4422,190
2025-07-15,Paid Search,IN,brand,226.19,3142,143
2025-07-15,Paid Search,IN,nonbrand,244.51,3396,160
2025-07-15,Paid Search,UK,brand,477.62,6634,290
2025-07-15,Paid Search,UK,nonbrand,443.08,6154,280
2025-07-15,Paid Search,US,brand,617.79,8580,406
2025-07-15,Paid Search,US,nonbrand,525.41,7297,318
2025-07-15,Paid Social,BR,prospecting,225.84,17373,290
2025-07-15,Paid Social,BR,retargeting,247.96,19074,375
2025-07-15,Paid Social,DE,prospecting,225.69,17361,278
2025-07-15,Paid Social,DE,retargeting,288.76,22212,387
2025-07-15,Paid Social,IN,prospecting,213.92,16455,307
2025-07-15,Paid Social,IN,retargeting,212.42,16340,263
2025-07-15,Paid Social,UK,prospecting,355.02,27309,469
2025-07-15,Paid Social,UK,retargeting,448.6,34508,597
2025-07-15,Paid Social,US,prospecting,476.9,36685,657
2025-07-15,Paid Social,US,retargeting,464.1,35700,632
2025-07-15,Referral,BR,affiliates,118.08,2624,108
2025-07-15,Referral,DE,affiliates,104.93,2332,122
2025-07-15,Referral,IN,affiliates,87.1,1936,103
2025-07-15,Referral,UK,affiliates,150.18,3337,169
2025-07-15,Referral,US,affiliates,223.7,4971,244
2025-07-15,SEO,BR,organic,24.16,3451,216
2025-07-15,SEO,DE,organic,24.61,3516,252
2025-07-15,SEO,IN,organic,21.48,3069,223
2025-07-15,SEO,UK,organic,51.65,7378,541
2025-07-15,SEO,US,organic,55.53,7933,505
2025-07-16,Display,BR,prospecting,102.99,20598,156
2025-07-16,Display,BR,retargeting,87.05,17410,140
2025-07-16,Display,DE,prospecting,113.49,22698,186
2025-07-16,Display,DE,retargeting,137.15,27429,222
2025-07-16,Display,IN,prospecting,69.83,13966,108
2025-07-16,Display,IN,retargeting,87.4,17480,136
2025-07-16,Display,UK,prospecting,142.8,28561,241
2025-07-16,Display,UK,retargeting,166.74,33348,257
2025-07-16,Display,US,prospecting,224.62,44924,345
2025-07-16,Display,US,retargeting,165.57,33114,277
2025-07-16,Email,BR,lifecycle,20.17,2242,198
2025-07-16,Email,BR,newsletter,31.8,3534,319
2025-07-16,Email,DE,lifecycle,31.92,3546,329
2025-07-16,Email,DE,newsletter,35.71,3967,394
2025-07-16,Email,IN,lifecycle,20.3,2255,217
2025-07-16,Email,IN,newsletter,21.23,2359,221
2025-07-16,Email,UK,lifecycle,53.19,5911,506
2025-07-16,Email,UK,newsletter,47.81,5312,500
2025-07-16,Email,US,lifecycle,56.46,6273,572
2025-07-16,Email,US,newsletter,80.77,8975,809
2025-07-16,Paid Search,BR,brand,261.76,3636,186
2025-07-16,Paid Search,BR,nonbrand,262.4,3644,179
2025-07-16,Paid Search,DE,brand,332.56,4619,201
2025-07-16,Paid Search,DE,nonbrand,399.49,5548,246
2025-07-16,Paid Search,IN,brand,166.96,2319,108
2025-07-16,Paid Search,IN,nonbrand,237.82,3303,164
2025-07-16,Paid Search,UK,brand,405.61,5633,255
2025-07-16,Paid Search,UK,nonbrand,366.39,5089,212
2025-07-16,Paid Search,US,brand,678.72,9427,462
2025-07-16,Paid Search,US,nonbrand,628.86,8734,397
2025-07-16,Paid Social,BR,prospecting,251.45,19342,332
2025-07-16,Paid Social,BR,retargeting,244.09,18776,335
2025-07-16,Paid Social,DE,prospecting,224.08,17237,320
2025-07-16,Paid Social,DE,retargeting,288.42,22186,389
2025-07-16,Paid Social,IN,prospecting,187.02,14386,276
2025-07-16,Paid Social,IN,retargeting,234.5,18039,360
2025-07-16,Paid Social,UK,prospecting,376.15,28935,512
2025-07-16,Paid Social,UK,retargeting,415.4,31954,600
2025-07-16,Paid Social,US,prospecting,531.03,40848,770
2025-07-16,Paid Social,US,retargeting,460.11,35393,658
2025-07-16,Referral,BR,affiliates,96.65,2148,114
2025-07-16,Referral,DE,affiliates,115.08,2557,131
2025-07-16,Referral,IN,affiliates,95.49,2122,104
2025-07-16,Referral,UK,affiliates,168.72,3749,189
2025-07-16,Referral,US,affiliates,185.6,4124,211
2025-07-16,SEO,BR,organic,24.48,3497,256
2025-07-16,SEO,DE,organic,31.32,4474,313
2025-07-16,SEO,IN,organic,20.87,2982,192
2025-07-16,SEO,UK,organic,40.77,5824,421
2025-07-16,SEO,US,organic,66.65,9522,655
2025-07-17,Display,BR,prospecting,108.02,21603,168
2025-07-17,Display,BR,retargeting,102.64,20528,167
2025-07-17,Display,DE,prospecting,106.97,21393,173
2025-07-17,Display,DE,retargeting,110.11,22023,193
2025-07-17,Display,IN,prospecting,71.34,14267,119
2025-07-17,Display,IN,retargeting,82.05,16409,139
2025-07-17,Display,UK,prospecting,124.46,24891,203
2025-07-17,Display,UK,retargeting,158.9,31781,239
2025-07-17,Display,US,prospecting,181.78,36355,312
2025-07-17,Display,US,retargeting,227.99,45598,395
2025-07-17,Email,BR,lifecycle,27.5,3056,256
2025-07-17,Email,BR,newsletter,25.05,2783,246
2025-07-17,Email,DE,lifecycle,37.33,4147,426
2025-07-17,Email,DE,newsletter,27.13,3014,278
2025-07-17,Email,IN,lifecycle,30.17,3352,289
2025-07-17,Email,IN,newsletter,28.04,3116,273
2025-07-17,Email,UK,lifecycle,39.13,4348,362
2025-07-17,Email,UK,newsletter,42.24,4694,466
2025-07-17,Email,US,lifecycle,61.31,6813,564
2025-07-17,Email,US,newsletter,70.15,7794,659
2025-07-17,Paid Search,BR,brand,256.48,3562,166
2025-07-17,Paid Search,BR,nonbrand,296.72,4121,182
2025-07-17,Paid Search,DE,brand,424.47,5895,265
2025-07-17,Paid Search,DE,nonbrand,358.69,4982,193
2025-07-17,Paid Search,IN,brand,195.98,2722,138
2025-07-17,Paid Search,IN,nonbrand,273.93,3805,190
2025-07-17,Paid Search,UK,brand,472.23,6559,318
2025-07-17,Paid Search,UK,nonbrand,452.74,6288,275
2025-07-17,Paid Search,US,brand,742.18,10308,456
2025-07-17,Paid Search,US,nonbrand,615.33,8546,451
2025-07-17,Paid Social,BR,prospecting,218.38,16798,307
2025-07-17,Paid Social,BR,retargeting,255.98,19690,382
2025-07-17,Paid Social,DE,prospecting,303.6,23354,445
2025-07-17,Paid Social,DE,retargeting,246.7,18977,325
2025-07-17,Paid Social,IN,prospecting,212.12,16317,274
2025-07-17,Paid Social,IN,retargeting,216.08,16621,325
2025-07-17,Paid Social,UK,prospecting,321.89,24761,460
2025-07-17,Paid Social,UK,retargeting,366.06,28159,458
2025-07-17,Paid Social,US,prospecting,331.89,25530,479
2025-07-17,Paid Social,US,retargeting,549.58,42275,709
2025-07-17,Referral,BR,affiliates,108.03,2401,110
2025-07-17,Referral,DE,affiliates,126.6,2813,129
2025-07-17,Referral,IN,affiliates,84.88,1886,95
2025-07-17,Referral,UK,affiliates,169.03,3756,206
2025-07-17,Referral,US,affiliates,239.91,5331,281
2025-07-17,SEO,BR,organic,23.07,3296,236
2025-07-17,SEO,DE,organic,33.02,4717,316
2025-07-17,SEO,IN,organic,25.41,3630,246
2025-07-17,SEO,UK,organic,39.64,5663,375
2025-07-17,SEO,US,organic,44.72,6389,479
2025-07-18,Display,BR,prospecting,88.02,17605,126
2025-07-18,Display,BR,retargeting,105.13,21026,175
2025-07-18,Display,DE,prospecting,88.52,17705,141
2025-07-18,Display,DE,retargeting,124.91,24981,213
2025-07-18,Display,IN,prospecting,80.02,16003,122
2025-07-18,Display,IN,retargeting,90.0,18000,146
2025-07-18,Display,UK,prospecting,175.16,35031,281
2025-07-18,Display,UK,retargeting,160.76,32152,265
2025-07-18,Display,US,prospecting,210.09,42018,373
2025-07-18,Display,US,retargeting,241.81,48362,387
2025-07-18,Email,BR,lifecycle,23.25,2583,215
2025-07-18,Email,BR,newsletter,27.66,3073,273
2025-07-18,Email,DE,lifecycle,24.23,2692,228
2025-07-18,Email,DE,newsletter,30.23,3359,290
2025-07-18,Email,IN,lifecycle,24.1,2678,249
2025-07-18,Email,IN,newsletter,26.82,2979,266
2025-07-18,Email,UK,lifecycle,42.86,4762,462
2025-07-18,Email,UK,newsletter,50.5,5611,537
2025-07-18,Email,US,lifecycle,56.38,6265,574
2025-07-18,Email,US,newsletter,67.14,7460,692
2025-07-18,Paid Search,BR,brand,285.55,3966,194
2025-07-18,Paid Search,BR,nonbrand,270.61,3758,169
2025-07-18,Paid Search,DE,brand,279.83,3887,184
2025-07-18,Paid Search,DE,nonbrand,395.01,5486,244
2025-07-18,Paid Search,IN,brand,291.12,4043,192
2025-07-18,Paid Search,IN,nonbrand,257.21,3572,170
2025-07-18,Paid Search,UK,brand,400.14,5558,226
2025-07-18,Paid Search,UK,nonbrand,392.46,5451,254
2025-07-18,Paid Search,US,brand,648.26,9004,377
2025-07-18,Paid Search,US,nonbrand,576.42,8006,367
2025-07-18,Paid Social,BR,prospecting,221.21,17016,319
2025-07-18,Paid Social,BR,retargeting,212.86,16374,294
2025-07-18,Paid Social,DE,prospecting,243.56,18735,301
2025-07-18,Paid Social,DE,retargeting,293.86,22605,418
2025-07-18,Paid Social,IN,prospecting,237.27,18251,333
2025-07-18,Paid Social,IN,retargeting,121.58,9352,160
2025-07-18,Paid Social,UK,prospecting,369.13,28395,507
2025-07-18,Paid Social,UK,retargeting,331.23,25479,483
2025-07-18,Paid Social,US,prospecting,449.07,34544,593
2025-07-18,Paid Social,US,retargeting,508.47,39113,754
2025-07-18,Referral,BR,affiliates,94.01,2089,109
2025-07-18,Referral,DE,affiliates,131.32,2918,145
2025-07-18,Referral,IN,affiliates,89.93,1999,105
2025-07-18,Referral,UK,affiliates,158.6,3524,169
2025-07-18,Referral,US,affiliates,229.58,5102,262
2025-07-18,SEO,BR,organic,21.36,3051,215
2025-07-18,SEO,DE,organic,26.92,3846,276
2025-07-18,SEO,IN,organic,24.7,3529,256
2025-07-18,SEO,UK,organic,39.75,5678,395
2025-07-18,SEO,US,organic,42.95,6135,401
2025-07-19,Display,BR,prospecting,93.64,18727,145
2025-07-19,Display,BR,retargeting,96.84,19369,161
2025-07-19,Display,DE,prospecting,102.37,20474,157
2025-07-19,Display,DE,retargeting,134.85,26970,212
2025-07-19,Display,IN,prospecting,90.38,18076,153
2025-07-19,Display,IN,retargeting,112.99,22599,202
2025-07-19,Display,UK,prospecting,141.28,28257,241
2025-07-19,Display,UK,retargeting,148.47,29694,226
2025-07-19,Display,US,prospecting,189.48,37896,345
2025-07-19,Display,US,retargeting,163.59,32717,281
2025-07-19,Email,BR,lifecycle,35.07,3896,389
2025-07-19,Email,BR,newsletter,29.9,3322,260
2025-07-19,Email,DE,lifecycle,36.1,4011,394
2025-07-19,Email,DE,newsletter,34.88,3876,356
2025-07-19,Email,IN,lifecycle,20.21,2245,204
2025-07-19,Email,IN,newsletter,26.92,2991,278
2025-07-19,Email,UK,lifecycle,46.95,5217,481
2025-07-19,Email,UK,newsletter,43.05,4783,439
2025-07-19,Email,US,lifecycle,69.8,7755,716
2025-07-19,Email,US,newsletter,57.69,6410,570
2025-07-19,Paid Search,BR,brand,314.44,4367,199
2025-07-19,Paid Search,BR,nonbrand,332.94,4624,218
2025-07-19,Paid Search,DE,brand,349.04,4848,199
2025-07-19,Paid Search,DE,nonbrand,377.79,5247,228
2025-07-19,Paid Search,IN,brand,255.62,3550,169
2025-07-19,Paid Search,IN,nonbrand,247.7,3440,161
2025-07-19,Paid Search,UK,brand,539.75,7497,312
2025-07-19,Paid Search,UK,nonbrand,386.66,5370,250
2025-07-19,Paid Search,US,brand,629.77,8747,388
2025-07-19,Paid Search,US,nonbrand,578.96,8041,397
2025-07-19,Paid Social,BR,prospecting,243.18,18706,327
2025-07-19,Paid Social,BR,retargeting,246.62,18971,374
2025-07-19,Paid Social,DE,prospecting,316.16,24320,447
2025-07-19,Paid Social,DE,retargeting,349.02,26847,480
2025-07-19,Paid Social,IN,prospecting,238.03,18310,322
2025-07-19,Paid Social,IN,retargeting,247.16,19012,319
2025-07-19,Paid Social,UK,prospecting,361.15,27781,444
2025-07-19,Paid Social,UK,retargeting,374.79,28830,520
2025-07-19,Paid Social,US,prospecting,621.88,47837,814
2025-07-19,Paid Social,US,retargeting,563.84,43372,778
2025-07-19,Referral,BR,affiliates,115.69,2571,113
2025-07-19,Referral,DE,affiliates,128.38,2853,130
2025-07-19,Referral,IN,affiliates,89.04,1979,84
2025-07-19,Referral,UK,affiliates,187.71,4171,189
2025-07-19,Referral,US,affiliates,255.75,5683,283
2025-07-19,SEO,BR,organic,22.24,3178,216
2025-07-19,SEO,DE,organic,33.55,4793,346
2025-07-19,SEO,IN,organic,23.26,3323,250
2025-07-19,SEO,UK,organic,46.89,6698,481
2025-07-19,SEO,US,organic,59.67,8524,544
2025-07-20,Display,BR,prospecting,109.74,21948,160
2025-07-20,Display,BR,retargeting,100.57,20114,161
2025-07-20,Display,DE,prospecting,119.59,23917,183
2025-07-20,Display,DE,retargeting,119.82,23963,198
2025-07-20,Display,IN,prospecting,86.94,17388,140
2025-07-20,Display,IN,retargeting,75.1,15019,128
2025-07-20,Display,UK,prospecting,158.84,31767,249
2025-07-20,Display,UK,retargeting,198.08,39616,345
2025-07-20,Display,US,prospecting,288.2,57640,463
2025-07-20,Display,US,retargeting,241.18,48236,381
2025-07-20,Email,BR,lifecycle,33.36,3707,333
2025-07-20,Email,BR,newsletter,27.79,3088,303
2025-07-20,Email,DE,lifecycle,40.05,4450,389
2025-07-20,Email,DE,newsletter,32.83,3648,310
2025-07-20,Email,IN,lifecycle,26.19,2909,260
2025-07-20,Email,IN,newsletter,27.39,3044,284
2025-07-20,Email,UK,lifecycle,48.36,5374,470
2025-07-20,Email,UK,newsletter,43.02,4780,414
2025-07-20,Email,US,lifecycle,65.46,7273,694
2025-07-20,Email,US,newsletter,73.1,8122,730
2025-07-20,Paid Search,BR,brand,277.65,3856,173
2025-07-20,Paid Search,BR,nonbrand,339.14,4710,212
2025-07-20,Paid Search,DE,brand,441.09,6126,254
2025-07-20,Paid Search,DE,nonbrand,369.72,5135,242
2025-07-20,Paid Search,IN,brand,244.32,3393,181
2025-07-20,Paid Search,IN,nonbrand,269.72,3746,166
2025-07-20,Paid Search,UK,brand,485.27,6740,274
2025-07-20,Paid Search,UK,nonbrand,496.21,6892,297
2025-07-20,Paid Search,US,brand,588.42,8173,370
2025-07-20,Paid Search,US,nonbrand,558.89,7762,375
2025-07-20,Paid Social,BR,prospecting,276.51,21270,402
2025-07-20,Paid Social,BR,retargeting,280.66,21589,378
2025-07-20,Paid Social,DE,prospecting,310.12,23855,457
2025-07-20,Paid Social,DE,retargeting,296.77,22829,422
2025-07-20,Paid Social,IN,prospecting,243.84,18757,336
2025-07-20,Paid Social,IN,retargeting,248.77,19136,349
2025-07-20,Paid Social,UK,prospecting,393.28,30253,520
2025-07-20,Paid Social,UK,retargeting,501.66,38589,686
2025-07-20,Paid Social,US,prospecting,615.32,47332,885
2025-07-20,Paid Social,US,retargeting,532.83,40987,696
2025-07-20,Referral,BR,affiliates,102.27,2273,104
2025-07-20,Referral,DE,affiliates,142.69,3171,151
2025-07-20,Referral,IN,affiliates,121.33,2696,134
2025-07-20,Referral,UK,affiliates,146.77,3262,152
2025-07-20,Referral,US,affiliates,263.4,5853,283
2025-07-20,SEO,BR,organic,27.04,3863,290
2025-07-20,SEO,DE,organic,31.87,4552,303
2025-07-20,SEO,IN,organic,24.7,3529,236
2025-07-20,SEO,UK,organic,46.23,6605,446
2025-07-20,SEO,US,organic,63.22,9032,567
2025-07-21,Display,BR,prospecting,88.37,17673,129
2025-07-21,Display,BR,retargeting,85.48,17095,136
2025-07-21,Display,DE,prospecting,111.51,22303,173
2025-07-21,Display,DE,retargeting,106.49,21297,159
2025-07-21,Display,IN,prospecting,77.36,15472,127
2025-07-21,Display,IN,retargeting,51.16,10231,89
2025-07-21,Display,UK,prospecting,139.44,27889,215
2025-07-21,Display,UK,retargeting,128.34,25668,184
2025-07-21,Display,US,prospecting,215.66,43131,355
2025-07-21,Display,US,retargeting,243.34,48667,371
2025-07-21,Email,BR,lifecycle,26.23,2915,263
2025-07-21,Email,BR,newsletter,24.64,2737,264
2025-07-21,Email,DE,lifecycle,22.37,2485,242
2025-07-21,Email,DE,newsletter,39.86,4429,405
2025-07-21,Email,IN,lifecycle,27.53,3059,269
2025-07-21,Email,IN,newsletter,20.7,2300,207
2025-07-21,Email,UK,lifecycle,48.55,5395,470
2025-07-21,Email,UK,newsletter,55.53,6170,546
2025-07-21,Email,US,lifecycle,62.88,6987,664
2025-07-21,Email,US,newsletter,65.43,7270,748
2025-07-21,Paid Search,BR,brand,296.87,4123,190
2025-07-21,Paid Search,BR,nonbrand,310.17,4308,190
2025-07-21,Paid Search,DE,brand,357.25,4962,196
2025-07-21,Paid Search,DE,nonbrand,300.85,4178,192
2025-07-21,Paid Search,IN,brand,297.55,4133,192
2025-07-21,Paid Search,IN,nonbrand,259.99,3611,162
2025-07-21,Paid Search,UK,brand,441.9,6138,263
2025-07-21,Paid Search,UK,nonbrand,478.38,6644,302
2025-07-21,Paid Search,US,brand,610.94,8485,384
2025-07-21,Paid Search,US,nonbrand,606.55,8424,387
2025-07-21,Paid Social,BR,prospecting,234.41,18032,290
2025-07-21,Paid Social,BR,retargeting,206.84,15911,246
2025-07-21,Paid Social,DE,prospecting,280.26,21558,402
2025-07-21,Paid Social,DE,retargeting,253.05,19465,358
2025-07-21,Paid Social,IN,prospecting,195.64,15049,285
2025-07-21,Paid Social,IN,retargeting,199.65,15357,253
2025-07-21,Paid Social,UK,prospecting,260.92,20070,328
2025-07-21,Paid Social,UK,retargeting,345.32,26563,431
2025-07-21,Paid Social,US,prospecting,531.25,40866,722
2025-07-21,Paid Social,US,retargeting,472.04,36311,698
2025-07-21,Referral,BR,affiliates,68.58,1524,79
2025-07-21,Referral,DE,affiliates,131.98,2933,164
2025-07-21,Referral,IN,affiliates,101.01,2245,111
2025-07-21,Referral,UK,affiliates,154.82,3441,165
2025-07-21,Referral,US,affiliates,258.21,5738,303
2025-07-21,SEO,BR,organic,25.54,3649,257
2025-07-21,SEO,DE,organic,32.73,4675,301
2025-07-21,SEO,IN,organic,20.83,2976,236
2025-07-21,SEO,UK,organic,35.33,5048,342
2025-07-21,SEO,US,organic,37.48,5354,391
2025-07-22,Display,BR,prospecting,64.85,12969,104
2025-07-22,Display,BR,retargeting,97.16,19432,155
2025-07-22,Display,DE,prospecting,132.09,26418,217
2025-07-22,Display,DE,retargeting,112.37,22474,188
2025-07-22,Display,IN,prospecting,79.8,15961,114
2025-07-22,Display,IN,retargeting,78.7,15740,117
2025-07-22,Display,UK,prospecting,145.22,29044,251
2025-07-22,Display,UK,retargeting,156.19,31238,258
2025-07-22,Display,US,prospecting,199.76,39952,335
2025-07-22,Display,US,retargeting,182.27,36454,269
2025-07-22,Email,BR,lifecycle,26.04,2893,248
2025-07-22,Email,BR,newsletter,25.91,2878,233
2025-07-22,Email,DE,lifecycle,36.92,4102,384
2025-07-22,Email,DE,newsletter,36.47,4052,360
2025-07-22,Email,IN,lifecycle,25.37,2819,249
2025-07-22,Email,IN,newsletter,20.83,2314,213
2025-07-22,Email,UK,lifecycle,45.76,5084,463
2025-07-22,Email,UK,newsletter,36.88,4098,392
2025-07-22,Email,US,lifecycle,61.86,6873,611
2025-07-22,Email,US,newsletter,45.48,5053,479
2025-07-22,Paid Search,BR,brand,302.95,4208,180
2025-07-22,Paid Search,BR,nonbrand,310.3,4310,194
2025-07-22,Paid Search,DE,brand,361.76,5024,227
2025-07-22,Paid Search,DE,nonbrand,339.34,4713,204
2025-07-22,Paid Search,IN,brand,286.22,3975,184
2025-07-22,Paid Search,IN,nonbrand,299.73,4163,184
2025-07-22,Paid Search,UK,brand,414.89,5762,266
2025-07-22,Paid Search,UK,nonbrand,480.36,6672,340
2025-07-22,Paid Search,US,brand,588.03,8167,393
2025-07-22,Paid Search,US,nonbrand,575.86,7998,339
2025-07-22,Paid Social,BR,prospecting,197.24,15172,256
2025-07-22,Paid Social,BR,retargeting,241.42,18571,333
2025-07-22,Paid Social,DE,prospecting,297.23,22864,401
2025-07-22,Paid Social,DE,retargeting,276.36,21258,373
2025-07-22,Paid Social,IN,prospecting,202.05,15542,296
2025-07-22,Paid Social,IN,retargeting,231.64,17818,347
2025-07-22,Paid Social,UK,prospecting,325.54,25042,457
2025-07-22,Paid Social,UK,retargeting,270.08,20775,352
2025-07-22,Paid Social,US,prospecting,562.09,43238,822
2025-07-22,Paid Social,US,retargeting,607.14,46703,763
2025-07-22,Referral,BR,affiliates,88.04,1956,105
2025-07-22,Referral,DE,affiliates,100.41,2231,105
2025-07-22,Referral,IN,affiliates,107.1,2380,122
2025-07-22,Referral,UK,affiliates,179.24,3983,212
2025-07-22,Referral,US,affiliates,187.86,4175,198
2025-07-22,SEO,BR,organic,23.72,3389,217
2025-07-22,SEO,DE,organic,33.25,4750,334
2025-07-22,SEO,IN,organic,19.01,2715,192
2025-07-22,SEO,UK,organic,38.18,5454,350
2025-07-22,SEO,US,organic,54.19,7742,495
2025-07-23,Display,BR,prospecting,89.26,17852,147
2025-07-23,Display,BR,retargeting,77.39,15478,118
2025-07-23,Display,DE,prospecting,130.73,26146,217
2025-07-23,Display,DE,retargeting,122.57,24515,186
2025-07-23,Display,IN,prospecting,87.61,17521,121
2025-07-23,Display,IN,retargeting,78.0,15599,119
2025-07-23,Display,UK,prospecting,134.57,26914,239
2025-07-23,Display,UK,retargeting,126.4,25281,206
2025-07-23,Display,US,prospecting,196.1,39221,338
2025-07-23,Display,US,retargeting,241.78,48355,375
2025-07-23,Email,BR,lifecycle,31.93,3548,323
2025-07-23,Email,BR,newsletter,23.8,2644,251
2025-07-23,Email,DE,lifecycle,37.4,4155,387
2025-07-23,Email,DE,newsletter,29.36,3263,279
2025-07-23,Email,IN,lifecycle,22.12,2457,222
2025-07-23,Email,IN,newsletter,24.48,2720,250
2025-07-23,Email,UK,lifecycle,48.5,5389,449
2025-07-23,Email,UK,newsletter,45.02,5002,389
2025-07-23,Email,US,lifecycle,60.22,6691,540
2025-07-23,Email,US,newsletter,50.7,5633,535
2025-07-23,Paid Search,BR,brand,313.0,4347,184
2025-07-23,Paid Search,BR,nonbrand,237.27,3295,156
2025-07-23,Paid Search,DE,brand,343.41,4770,200
2025-07-23,Paid Search,DE,nonbrand,339.28,4712,220
2025-07-23,Paid Search,IN,brand,249.14,3460,162
2025-07-23,Paid Search,IN,nonbrand,271.85,3776,176
2025-07-23,Paid Search,UK,brand,517.92,7193,334
2025-07-23,Paid Search,UK,nonbrand,482.4,6700,301
2025-07-23,Paid Search,US,brand,535.47,7437,327
2025-07-23,Paid Search,US,nonbrand,559.58,7772,372
2025-07-23,Paid Social,BR,prospecting,269.8,20754,327
2025-07-23,Paid Social,BR,retargeting,219.89,16915,336
2025-07-23,Paid Social,DE,prospecting,287.65,22127,376
2025-07-23,Paid Social,DE,retargeting,311.24,23941,393
2025-07-23,Paid Social,IN,prospecting,204.06,15697,306
2025-07-23,Paid Social,IN,retargeting,222.61,17124,300
2025-07-23,Paid Social,UK,prospecting,442.51,34039,631
2025-07-23,Paid Social,UK,retargeting,422.91,32532,628
2025-07-23,Paid Social,US,prospecting,521.24,40095,714
2025-07-23,Paid Social,US,retargeting,441.06,33927,590
2025-07-23,Referral,BR,affiliates,97.88,2175,109
2025-07-23,Referral,DE,affiliates,131.33,2919,125
2025-07-23,Referral,IN,affiliates,79.97,1777,85
2025-07-23,Referral,UK,affiliates,179.13,3981,184
2025-07-23,Referral,US,affiliates,183.26,4073,193
2025-07-23,SEO,BR,organic,24.05,3435,223
2025-07-23,SEO,DE,organic,21.92,3132,229
2025-07-23,SEO,IN,organic,27.9,3986,286
2025-07-23,SEO,UK,organic,36.93,5276,305
2025-07-23,SEO,US,organic,53.03,7575,548
2025-07-24,Display,BR,prospecting,95.4,19080,152
2025-07-24,Display,BR,retargeting,109.76,21952,167
2025-07-24,Display,DE,prospecting,103.58,20715,174
2025-07-24,Display,DE,retargeting,99.51,19903,166
2025-07-24,Display,IN,prospecting,69.57,13914,101
2025-07-24,Display,IN,retargeting,79.03,15805,121
2025-07-24,Display,UK,prospecting,163.4,32680,251
2025-07-24,Display,UK,retargeting,148.73,29746,235
2025-07-24,Display,US,prospecting,189.68,37936,309
2025-07-24,Display,US,retargeting,198.84,39767,294
2025-07-24,Email,BR,lifecycle,32.66,3629,297
2025-07-24,Email,BR,newsletter,33.47,3719,335
2025-07-24,Email,DE,lifecycle,30.42,3380,301
2025-07-24,Email,DE,newsletter,32.99,3666,313
2025-07-24,Email,IN,lifecycle,22.81,2535,224
2025-07-24,Email,IN,newsletter,26.36,2929,262
2025-07-24,Email,UK,lifecycle,42.97,4775,440
2025-07-24,Email,UK,newsletter,55.18,6131,540
2025-07-24,Email,US,lifecycle,51.51,5723,529
2025-07-24,Email,US,newsletter,63.57,7063,739
2025-07-24,Paid Search,BR,brand,328.71,4565,221
2025-07-24,Paid Search,BR,nonbrand,286.59,3980,172
2025-07-24,Paid Search,DE,brand,352.03,4889,215
2025-07-24,Paid Search,DE,nonbrand,283.07,3932,185
2025-07-24,Paid Search,IN,brand,239.58,3328,141
2025-07-24,Paid Search,IN,nonbrand,284.52,3952,170
2025-07-24,Paid Search,UK,brand,443.13,6155,282
2025-07-24,Paid Search,UK,nonbrand,346.79,4817,208
2025-07-24,Paid Search,US,brand,759.38,10547,485
2025-07-24,Paid Search,US,nonbrand,722.69,10037,411
2025-07-24,Paid Social,BR,prospecting,217.82,16755,285
2025-07-24,Paid Social,BR,retargeting,231.33,17795,331
2025-07-24,Paid Social,DE,prospecting,190.43,14648,265
2025-07-24,Paid Social,DE,retargeting,240.66,18513,302
2025-07-24,Paid Social,IN,prospecting,205.66,15820,292
2025-07-24,Paid Social,IN,retargeting,189.92,14609,289
2025-07-24,Paid Social,UK,prospecting,413.75,31827,582
2025-07-24,Paid Social,UK,retargeting,444.0,34154,607
2025-07-24,Paid Social,US,prospecting,541.79,41676,796
2025-07-24,Paid Social,US,retargeting,549.78,42291,735
2025-07-24,Referral,BR,affiliates,108.83,2419,138
2025-07-24,Referral,DE,affiliates,135.91,3020,158
2025-07-24,Referral,IN,affiliates,68.96,1532,82
2025-07-24,Referral,UK,affiliates,176.64,3925,183
2025-07-24,Referral,US,affiliates,220.57,4902,265
2025-07-24,SEO,BR,organic,22.0,3143,198
2025-07-24,SEO,DE,organic,33.83,4833,359
2025-07-24,SEO,IN,organic,20.64,2948,191
2025-07-24,SEO,UK,organic,38.77,5539,379
2025-07-24,SEO,US,organic,59.02,8431,579
2025-07-25,Display,BR,prospecting,98.28,19656,153
2025-07-25,Display,BR,retargeting,102.61,20523,170
2025-07-25,Display,DE,prospecting,123.91,24782,198
2025-07-25,Display,DE,retargeting,96.54,19308,182
2025-07-25,Display,IN,prospecting,106.01,21202,187
2025-07-25,Display,IN,retargeting,73.54,14709,127
2025-07-25,Display,UK,prospecting,152.44,30488,242
2025-07-25,Display,UK,retargeting,140.13,28026,212
2025-07-25,Display,US,prospecting,184.55,36910,312
2025-07-25,Display,US,retargeting,210.76,42153,378
2025-07-25,Email,BR,lifecycle,24.05,2672,229
2025-07-25,Email,BR,newsletter,25.52,2835,252
2025-07-25,Email,DE,lifecycle,29.16,3241,287
2025-07-25,Email,DE,newsletter,38.44,4271,441
2025-07-25,Email,IN,lifecycle,23.97,2663,250
2025-07-25,Email,IN,newsletter,26.5,2945,255
2025-07-25,Email,UK,lifecycle,47.16,5240,456
2025-07-25,Email,UK,newsletter,44.98,4998,470
2025-07-25,Email,US,lifecycle,62.22,6913,561
2025-07-25,Email,US,newsletter,59.95,6662,613
2025-07-25,Paid Search,BR,brand,242.64,3370,164
2025-07-25,Paid Search,BR,nonbrand,251.05,3487,156
2025-07-25,Paid Search,DE,brand,370.08,5140,240
2025-07-25,Paid Search,DE,nonbrand,316.58,4397,189
2025-07-25,Paid Search,IN,brand,244.29,3393,149
2025-07-25,Paid Search,IN,nonbrand,230.04,3195,142
2025-07-25,Paid Search,UK,brand,428.13,5946,245
2025-07-25,Paid Search,UK,nonbrand,377.61,5245,234
2025-07-25,Paid Search,US,brand,739.81,10275,435
2025-07-25,Paid Search,US,nonbrand,603.27,8379,413
2025-07-25,Paid Social,BR,prospecting,213.33,16410,322
2025-07-25,Paid Social,BR,retargeting,227.95,17535,306
2025-07-25,Paid Social,DE,prospecting,271.12,20856,381
2025-07-25,Paid Social,DE,retargeting,301.66,23205,494
2025-07-25,Paid Social,IN,prospecting,235.85,18142,324
2025-07-25,Paid Social,IN,retargeting,238.41,18340,314
2025-07-25,Paid Social,UK,prospecting,435.63,33510,575
2025-07-25,Paid Social,UK,retargeting,450.99,34691,635
2025-07-25,Paid Social,US,prospecting,488.51,37577,694
2025-07-25,Paid Social,US,retargeting,539.68,41514,843
2025-07-25,Referral,BR,affiliates,94.51,2100,99
2025-07-25,Referral,DE,affiliates,124.63,2770,133
2025-07-25,Referral,IN,affiliates,85.16,1892,90
2025-07-25,Referral,UK,affiliates,180.13,4003,205
2025-07-25,Referral,US,affiliates,192.65,4281,219
2025-07-25,SEO,BR,organic,25.52,3646,274
2025-07-25,SEO,DE,organic,31.0,4428,332
2025-07-25,SEO,IN,organic,22.85,3264,244
2025-07-25,SEO,UK,organic,48.91,6987,493
2025-07-25,SEO,US,organic,56.95,8135,543
2025-07-26,Display,BR,prospecting,87.15,17429,132
2025-07-26,Display,BR,retargeting,83.42,16685,128
2025-07-26,Display,DE,prospecting,114.83,22966,188
2025-07-26,Display,DE,retargeting,143.5,28700,222
2025-07-26,Display,IN,prospecting,89.55,17910,133
2025-07-26,Display,IN,retargeting,98.67,19735,149
2025-07-26,Display,UK,prospecting,181.58,36315,309
2025-07-26,Display,UK,retargeting,165.05,33010,231
2025-07-26,Display,US,prospecting,198.5,39701,326
2025-07-26,Display,US,retargeting,200.32,40065,329
2025-07-26,Email,BR,lifecycle,25.51,2834,237
2025-07-26,Email,BR,newsletter,33.3,3700,343
2025-07-26,Email,DE,lifecycle,32.76,3640,313
2025-07-26,Email,DE,newsletter,33.71,3745,339
2025-07-26,Email,IN,lifecycle,25.38,2820,246
2025-07-26,Email,IN,newsletter,25.63,2848,268
2025-07-26,Email,UK,lifecycle,49.18,5465,507
2025-07-26,Email,UK,newsletter,56.6,6288,527
2025-07-26,Email,US,lifecycle,51.86,5762,556
2025-07-26,Email,US,newsletter,61.7,6855,621
2025-07-26,Paid Search,BR,brand,292.82,4067,172
2025-07-26,Paid Search,BR,nonbrand,234.48,3257,147
2025-07-26,Paid Search,DE,brand,329.92,4582,198
2025-07-26,Paid Search,DE,nonbrand,351.24,4878,213
2025-07-26,Paid Search,IN,brand,275.27,3823,167
2025-07-26,Paid Search,IN,nonbrand,251.11,3488,135
2025-07-26,Paid Search,UK,brand,466.63,6481,251
2025-07-26,Paid Search,UK,nonbrand,602.6,8369,379
2025-07-26,Paid Search,US,brand,747.41,10381,480
2025-07-26,Paid Search,US,nonbrand,757.98,10528,479
2025-07-26,Paid Social,BR,prospecting,160.89,12376,250
2025-07-26,Paid Social,BR,retargeting,220.56,16966,311
2025-07-26,Paid Social,DE,prospecting,320.04,24619,446
2025-07-26,Paid Social,DE,retargeting,279.73,21518,422
2025-07-26,Paid Social,IN,prospecting,160.41,12339,219
2025-07-26,Paid Social,IN,retargeting,189.34,14565,260
2025-07-26,Paid Social,UK,prospecting,473.63,36433,666
2025-07-26,Paid Social,UK,retargeting,456.6,35123,599
2025-07-26,Paid Social,US,prospecting,555.74,42749,783
2025-07-26,Paid Social,US,retargeting,444.26,34174,590
2025-07-26,Referral,BR,affiliates,104.31,2318,109
2025-07-26,Referral,DE,affiliates,101.24,2250,118
2025-07-26,Referral,IN,affiliates,124.05,2757,134
2025-07-26,Referral,UK,affiliates,165.49,3678,193
2025-07-26,Referral,US,affiliates,203.11,4514,231
2025-07-26,SEO,BR,organic,26.17,3739,284
2025-07-26,SEO,DE,organic,30.41,4344,311
2025-07-26,SEO,IN,organic,19.49,2784,190
2025-07-26,SEO,UK,organic,46.52,6645,435
2025-07-26,SEO,US,organic,45.78,6540,430
2025-07-27,Display,BR,prospecting,94.24,18849,148
2025-07-27,Display,BR,retargeting,88.17,17635,148
2025-07-27,Display,DE,prospecting,131.72,26344,209
2025-07-27,Display,DE,retargeting,111.01,22202,209
2025-07-27,Display,IN,prospecting,100.54,20108,168
2025-07-27,Display,IN,retargeting,74.48,14896,112
2025-07-27,Display,UK,prospecting,150.46,30092,240
2025-07-27,Display,UK,retargeting,168.98,33797,262
2025-07-27,Display,US,prospecting,263.28,52655,434
2025-07-27,Display,US,retargeting,245.47,49093,390
2025-07-27,Email,BR,lifecycle,28.16,3129,303
2025-07-27,Email,BR,newsletter,32.82,3647,294
2025-07-27,Email,DE,lifecycle,24.81,2757,248
2025-07-27,Email,DE,newsletter,40.26,4473,392
2025-07-27,Email,IN,lifecycle,22.74,2526,249
2025-07-27,Email,IN,newsletter,29.18,3242,297
2025-07-27,Email,UK,lifecycle,40.59,4509,418
2025-07-27,Email,UK,newsletter,52.51,5835,538
2025-07-27,Email,US,lifecycle,60.44,6716,578
2025-07-27,Email,US,newsletter,74.25,8251,712
2025-07-27,Paid Search,BR,brand,292.58,4064,193
2025-07-27,Paid Search,BR,nonbrand,282.11,3918,185
2025-07-27,Paid Search,DE,brand,403.72,5607,256
2025-07-27,Paid Search,DE,nonbrand,383.36,5324,208
2025-07-27,Paid Search,IN,brand,319.27,4434,207
2025-07-27,Paid Search,IN,nonbrand,260.27,3615,179
2025-07-27,Paid Search,UK,brand,518.09,7196,325
2025-07-27,Paid Search,UK,nonbrand,425.79,5914,264
2025-07-27,Paid Search,US,brand,584.78,8122,366
2025-07-27,Paid Search,US,nonbrand,615.36,8547,323
2025-07-27,Paid Social,BR,prospecting,262.03,20156,368
2025-07-27,Paid Social,BR,retargeting,235.87,18144,346
2025-07-27,Paid Social,DE,prospecting,364.27,28021,499
2025-07-27,Paid Social,DE,retargeting,313.2,24093,469
2025-07-27,Paid Social,IN,prospecting,224.02,17232,278
2025-07-27,Paid Social,IN,retargeting,221.67,17051,330
2025-07-27,Paid Social,UK,prospecting,438.59,33738,590
2025-07-27,Paid Social,UK,retargeting,464.33,35718,642
2025-07-27,Paid Social,US,prospecting,506.28,38945,685
2025-07-27,Paid Social,US,retargeting,493.24,37941,595
2025-07-27,Referral,BR,affiliates,96.57,2146,105
2025-07-27,Referral,DE,affiliates,125.55,2790,130
2025-07-27,Referral,IN,affiliates,91.55,2035,98
2025-07-27,Referral,UK,affiliates,137.72,3060,139
2025-07-27,Referral,US,affiliates,267.98,5955,308
2025-07-27,SEO,BR,organic,24.83,3548,265
2025-07-27,SEO,DE,organic,30.5,4358,300
2025-07-27,SEO,IN,organic,25.91,3702,248
2025-07-27,SEO,UK,organic,42.87,6125,464
2025-07-27,SEO,US,organic,50.86,7266,515
2025-07-28,Display,BR,prospecting,100.7,20140,153
2025-07-28,Display,BR,retargeting,94.69,18938,151
2025-07-28,Display,DE,prospecting,123.57,24713,177
2025-07-28,Display,DE,retargeting,117.46,23491,193
2025-07-28,Display,IN,prospecting,76.87,15375,118
2025-07-28,Display,IN,retargeting,87.09,17419,130
2025-07-28,Display,UK,prospecting,188.68,37735,313
2025-07-28,Display,UK,retargeting,132.98,26597,206
2025-07-28,Display,US,prospecting,189.35,37871,286
2025-07-28,Display,US,retargeting,223.11,44622,394
2025-07-28,Email,BR,lifecycle,28.44,3160,256
2025-07-28,Email,BR,newsletter,28.22,3135,282
2025-07-28,Email,DE,lifecycle,32.48,3609,321
2025-07-28,Email,DE,newsletter,39.41,4379,380
2025-07-28,Email,IN,lifecycle,24.59,2732,237
2025-07-28,Email,IN,newsletter,29.01,3224,254
2025-07-28,Email,UK,lifecycle,47.68,5298,460
2025-07-28,Email,UK,newsletter,45.03,5003,460
2025-07-28,Email,US,lifecycle,64.41,7157,669
2025-07-28,Email,US,newsletter,54.39,6043,529
2025-07-28,Paid Search,BR,brand,267.22,3711,166
2025-07-28,Paid Search,BR,nonbrand,313.39,4353,195
2025-07-28,Paid Search,DE,brand,282.32,3921,173
2025-07-28,Paid Search,DE,nonbrand,356.72,4954,208
2025-07-28,Paid Search,IN,brand,260.44,3617,161
2025-07-28,Paid Search,IN,nonbrand,243.6,3383,150
2025-07-28,Paid Search,UK,brand,470.44,6534,286
2025-07-28,Paid Search,UK,nonbrand,483.71,6718,302
2025-07-28,Paid Search,US,brand,670.83,9317,400
2025-07-28,Paid Search,US,nonbrand,626.28,8698,383
2025-07-28,Paid Social,BR,prospecting,228.07,17544,304
2025-07-28,Paid Social,BR,retargeting,229.26,17635,316
2025-07-28,Paid Social,DE,prospecting,338.67,26052,438
2025-07-28,Paid Social,DE,retargeting,262.6,20200,349
2025-07-28,Paid Social,IN,prospecting,204.59,15738,306
2025-07-28,Paid Social,IN,retargeting,202.67,15590,275
2025-07-28,Paid Social,UK,prospecting,355.15,27319,458
2025-07-28,Paid Social,UK,retargeting,377.95,29073,480
2025-07-28,Paid Social,US,prospecting,583.88,44914,820
2025-07-28,Paid Social,US,retargeting,466.69,35899,624
2025-07-28,Referral,BR,affiliates,114.15,2537,124
2025-07-28,Referral,DE,affiliates,126.5,2811,137
2025-07-28,Referral,IN,affiliates,99.26,2206,118
2025-07-28,Referral,UK,affiliates,155.26,3450,154
2025-07-28,Referral,US,affiliates,190.13,4225,210
2025-07-28,SEO,BR,organic,26.53,3791,263
2025-07-28,SEO,DE,organic,30.16,4308,302
2025-07-28,SEO,IN,organic,18.84,2692,185
2025-07-28,SEO,UK,organic,46.04,6578,432
2025-07-28,SEO,US,organic,48.85,6978,466
2025-07-29,Display,BR,prospecting,89.44,17887,143
2025-07-29,Display,BR,retargeting,86.43,17286,145
2025-07-29,Display,DE,prospecting,129.39,25878,204
2025-07-29,Display,DE,retargeting,109.87,21975,168
2025-07-29,Display,IN,prospecting,88.27,17654,139
2025-07-29,Display,IN,retargeting,88.9,17781,166
2025-07-29,Display,UK,prospecting,115.82,23165,194
2025-07-29,Display,UK,retargeting,149.61,29922,255
2025-07-29,Display,US,prospecting,150.9,30179,237
2025-07-29,Display,US,retargeting,244.64,48928,361
2025-07-29,Email,BR,lifecycle,25.36,2818,236
2025-07-29,Email,BR,newsletter,26.59,2954,267
2025-07-29,Email,DE,lifecycle,34.67,3852,351
2025-07-29,Email,DE,newsletter,38.71,4301,398
2025-07-29,Email,IN,lifecycle,20.81,2312,220
2025-07-29,Email,IN,newsletter,24.51,2723,233
2025-07-29,Email,UK,lifecycle,45.56,5062,399
2025-07-29,Email,UK,newsletter,44.34,4926,405
2025-07-29,Email,US,lifecycle,69.49,7721,668
2025-07-29,Email,US,newsletter,57.48,6387,504
2025-07-29,Paid Search,BR,brand,249.2,3461,159
2025-07-29,Paid Search,BR,nonbrand,285.19,3961,198
2025-07-29,Paid Search,DE,brand,351.13,4877,228
2025-07-29,Paid Search,DE,nonbrand,314.25,4365,188
2025-07-29,Paid Search,IN,brand,269.31,3740,170
2025-07-29,Paid Search,IN,nonbrand,217.77,3025,140
2025-07-29,Paid Search,UK,brand,472.73,6566,304
2025-07-29,Paid Search,UK,nonbrand,413.29,5740,236
2025-07-29,Paid Search,US,brand,654.74,9094,403
2025-07-29,Paid Search,US,nonbrand,604.02,8389,392
2025-07-29,Paid Social,BR,prospecting,227.91,17532,311
2025-07-29,Paid Social,BR,retargeting,222.43,17110,357
2025-07-29,Paid Social,DE,prospecting,235.46,18113,334
2025-07-29,Paid Social,DE,retargeting,262.36,20181,363
2025-07-29,Paid Social,IN,prospecting,172.47,13267,234
2025-07-29,Paid Social,IN,retargeting,185.99,14307,262
2025-07-29,Paid Social,UK,prospecting,328.63,25279,475
2025-07-29,Paid Social,UK,retargeting,281.83,21679,393
2025-07-29,Paid Social,US,prospecting,599.24,46096,889
2025-07-29,Paid Social,US,retargeting,541.05,41620,770
2025-07-29,Referral,BR,affiliates,113.39,2520,128
2025-07-29,Referral,DE,affiliates,107.63,2392,128
2025-07-29,Referral,IN,affiliates,77.25,1717,75
2025-07-29,Referral,UK,affiliates,172.37,3830,182
2025-07-29,Referral,US,affiliates,215.91,4798,219
2025-07-29,SEO,BR,organic,25.88,3697,237
2025-07-29,SEO,DE,organic,28.21,4030,261
2025-07-29,SEO,IN,organic,26.45,3779,286
2025-07-29,SEO,UK,organic,40.94,5849,432
2025-07-29,SEO,US,organic,58.84,8406,588
2025-07-30,Display,BR,prospecting,73.51,14703,107
2025-07-30,Display,BR,retargeting,95.91,19183,159
2025-07-30,Display,DE,prospecting,105.88,21177,166
2025-07-30,Display,DE,retargeting,110.41,22081,168
2025-07-30,Display,IN,prospecting,83.52,16704,133
2025-07-30,Display,IN,retargeting,85.66,17132,136
2025-07-30,Display,UK,prospecting,121.51,24302,188
2025-07-30,Display,UK,retargeting,175.14,35029,267
2025-07-30,Display,US,prospecting,174.22,34845,270
2025-07-30,Display,US,retargeting,237.59,47517,377
2025-07-30,Email,BR,lifecycle,28.47,3164,250
2025-07-30,Email,BR,newsletter,27.64,3071,278
2025-07-30,Email,DE,lifecycle,28.82,3202,264
2025-07-30,Email,DE,newsletter,34.49,3832,332
2025-07-30,Email,IN,lifecycle,27.58,3064,292
2025-07-30,Email,IN,newsletter,25.68,2853,249
2025-07-30,Email,UK,lifecycle,41.16,4573,405
2025-07-30,Email,UK,newsletter,33.57,3730,337
2025-07-30,Email,US,lifecycle,77.9,8656,756
2025-07-30,Email,US,newsletter,56.05,6228,587
2025-07-30,Paid Search,BR,brand,221.94,3083,143
2025-07-30,Paid Search,BR,nonbrand,335.49,4660,208
2025-07-30,Paid Search,DE,brand,344.85,4790,222
2025-07-30,Paid Search,DE,nonbrand,356.61,4953,224
2025-07-30,Paid Search,IN,brand,282.32,3921,188
2025-07-30,Paid Search,IN,nonbrand,285.19,3961,194
2025-07-30,Paid Search,UK,brand,473.42,6575,308
2025-07-30,Paid Search,UK,nonbrand,454.45,6312,268
2025-07-30,Paid Search,US,brand,639.97,8889,396
2025-07-30,Paid Search,US,nonbrand,483.9,6721,298
2025-07-30,Paid Social,BR,prospecting,214.19,16477,305
2025-07-30,Paid Social,BR,retargeting,267.55,20581,359
2025-07-30,Paid Social,DE,prospecting,269.54,20734,384
2025-07-30,Paid Social,DE,retargeting,332.76,25597,438
2025-07-30,Paid Social,IN,prospecting,222.95,17150,318
2025-07-30,Paid Social,IN,retargeting,213.84,16449,315
2025-07-30,Paid Social,UK,prospecting,426.74,32827,620
2025-07-30,Paid Social,UK,retargeting,376.38,28952,533
2025-07-30,Paid Social,US,prospecting,590.28,45406,815
2025-07-30,Paid Social,US,retargeting,484.11,37239,702
2025-07-30,Referral,BR,affiliates,88.24,1961,94
2025-07-30,Referral,DE,affiliates,133.27,2962,136
2025-07-30,Referral,IN,affiliates,79.27,1762,98
2025-07-30,Referral,UK,affiliates,175.41,3898,203
2025-07-30,Referral,US,affiliates,173.77,3862,196
2025-07-30,SEO,BR,organic,19.58,2798,183
2025-07-30,SEO,DE,organic,26.64,3805,255
2025-07-30,SEO,IN,organic,26.75,3822,275
2025-07-30,SEO,UK,organic,32.15,4593,330
2025-07-30,SEO,US,organic,56.45,8064,578
2025-07-31,Display,BR,prospecting,103.33,20667,172
2025-07-31,Display,BR,retargeting,86.09,17218,145
2025-07-31,Display,DE,prospecting,126.15,25231,189
2025-07-31,Display,DE,retargeting,131.77,26354,241
2025-07-31,Display,IN,prospecting,90.95,18191,160
2025-07-31,Display,IN,retargeting,87.3,17459,144
2025-07-31,Display,UK,prospecting,181.5,36300,298
2025-07-31,Display,UK,retargeting,126.34,25268,208
2025-07-31,Display,US,prospecting,224.97,44995,334
2025-07-31,Display,US,retargeting,202.21,40443,362
2025-07-31,Email,BR,lifecycle,33.31,3701,315
2025-07-31,Email,BR,newsletter,28.84,3205,265
2025-07-31,Email,DE,lifecycle,37.68,4186,377
2025-07-31,Email,DE,newsletter,38.8,4312,363
2025-07-31,Email,IN,lifecycle,27.92,3102,282
2025-07-31,Email,IN,newsletter,24.13,2681,238
2025-07-31,Email,UK,lifecycle,42.69,4744,390
2025-07-31,Email,UK,newsletter,43.26,4807,417
2025-07-31,Email,US,lifecycle,57.61,6401,548
2025-07-31,Email,US,newsletter,64.45,7161,595
2025-07-31,Paid Search,BR,brand,272.92,3791,181
2025-07-31,Paid Search,BR,nonbrand,275.66,3829,170
2025-07-31,Paid Search,DE,brand,312.44,4339,187
2025-07-31,Paid Search,DE,nonbrand,330.02,4584,195
2025-07-31,Paid Search,IN,brand,212.69,2954,140
2025-07-31,Paid Search,IN,nonbrand,273.65,3801,174
2025-07-31,Paid Search,UK,brand,565.47,7854,356
2025-07-31,Paid Search,UK,nonbrand,415.67,5773,257
2025-07-31,Paid Search,US,brand,698.38,9700,429
2025-07-31,Paid Search,US,nonbrand,711.4,9881,464
2025-07-31,Paid Social,BR,prospecting,209.4,16108,263
2025-07-31,Paid Social,BR,retargeting,252.19,19399,370
2025-07-31,Paid Social,DE,prospecting,228.32,17563,320
2025-07-31,Paid Social,DE,retargeting,233.62,17971,298
2025-07-31,Paid Social,IN,prospecting,188.26,14482,271
2025-07-31,Paid Social,IN,retargeting,238.61,18354,319
2025-07-31,Paid Social,UK,prospecting,377.79,29061,553
2025-07-31,Paid Social,UK,retargeting,402.84,30988,569
2025-07-31,Paid Social,US,prospecting,481.31,37024,688
2025-07-31,Paid Social,US,retargeting,500.89,38530,788
2025-07-31,Referral,BR,affiliates,78.51,1745,90
2025-07-31,Referral,DE,affiliates,130.47,2899,143
2025-07-31,Referral,IN,affiliates,87.13,1936,105
2025-07-31,Referral,UK,affiliates,149.85,3330,168
2025-07-31,Referral,US,affiliates,217.57,4835,241
2025-07-31,SEO,BR,organic,24.13,3448,227
2025-07-31,SEO,DE,organic,27.44,3920,274
2025-07-31,SEO,IN,organic,23.49,3355,222
2025-07-31,SEO,UK,organic,47.97,6853,542
2025-07-31,SEO,US,organic,49.96,7137,518
2025-08-01,Display,BR,prospecting,87.6,17520,135
2025-08-01,Display,BR,retargeting,106.36,21272,165
2025-08-01,Display,DE,prospecting,87.13,17426,135
2025-08-01,Display,DE,retargeting,111.24,22248,183
2025-08-01,Display,IN,prospecting,80.45,16091,133
2025-08-01,Display,IN,retargeting,91.81,18361,137
2025-08-01,Display,UK,prospecting,158.37,31675,253
2025-08-01,Display,UK,retargeting,134.49,26899,199
2025-08-01,Display,US,prospecting,196.17,39235,283
2025-08-01,Display,US,retargeting,277.76,55551,441
2025-08-01,Email,BR,lifecycle,22.42,2491,218
2025-08-01,Email,BR,newsletter,27.3,3033,280
2025-08-01,Email,DE,lifecycle,34.13,3792,367
2025-08-01,Email,DE,newsletter,31.6,3511,315
2025-08-01,Email,IN,lifecycle,21.75,2417,218
2025-08-01,Email,IN,newsletter,24.35,2706,261
2025-08-01,Email,UK,lifecycle,42.8,4755,430
2025-08-01,Email,UK,newsletter,46.21,5134,474
2025-08-01,Email,US,lifecycle,54.39,6043,567
2025-08-01,Email,US,newsletter,48.17,5352,508
2025-08-01,Paid Search,BR,brand,244.86,3401,154
2025-08-01,Paid Search,BR,nonbrand,348.96,4847,216
2025-08-01,Paid Search,DE,brand,336.25,4670,208
2025-08-01,Paid Search,DE,nonbrand,221.06,3070,134
2025-08-01,Paid Search,IN,brand,269.65,3745,167
2025-08-01,Paid Search,IN,nonbrand,238.18,3308,162
2025-08-01,Paid Search,UK,brand,427.63,5939,279
2025-08-01,Paid Search,UK,nonbrand,479.84,6665,297
2025-08-01,Paid Search,US,brand,653.17,9072,452
2025-08-01,Paid Search,US,nonbrand,597.05,8292,354
2025-08-01,Paid Social,BR,prospecting,214.81,16524,287
2025-08-01,Paid Social,BR,retargeting,232.6,17892,337
2025-08-01,Paid Social,DE,prospecting,332.21,25555,463
2025-08-01,Paid Social,DE,retargeting,297.33,22872,397
2025-08-01,Paid Social,IN,prospecting,197.22,15171,253
2025-08-01,Paid Social,IN,retargeting,236.9,18223,303
2025-08-01,Paid Social,UK,prospecting,486.75,37442,649
2025-08-01,Paid Social,UK,retargeting,368.55,28350,483
2025-08-01,Paid Social,US,prospecting,447.86,34451,622
2025-08-01,Paid Social,US,retargeting,417.28,32099,627
2025-08-01,Referral,BR,affiliates,75.11,1669,86
2025-08-01,Referral,DE,affiliates,121.82,2707,138
2025-08-01,Referral,IN,affiliates,110.17,2448,118
2025-08-01,Referral,UK,affiliates,141.27,3139,150
2025-08-01,Referral,US,affiliates,246.41,5476,260
2025-08-01,SEO,BR,organic,21.22,3031,212
2025-08-01,SEO,DE,organic,26.23,3747,258
2025-08-01,SEO,IN,organic,22.28,3183,216
2025-08-01,SEO,UK,organic,39.21,5601,405
2025-08-01,SEO,US,organic,54.88,7840,580
2025-08-02,Display,BR,prospecting,109.74,21948,180
2025-08-02,Display,BR,retargeting,97.13,19426,159
2025-08-02,Display,DE,prospecting,140.16,28032,226
2025-08-02,Display,DE,retargeting,116.1,23220,179
2025-08-02,Display,IN,prospecting,105.51,21102,173
2025-08-02,Display,IN,retargeting,89.52,17904,151
2025-08-02,Display,UK,prospecting,168.35,33669,250
2025-08-02,Display,UK,retargeting,178.43,35685,294
2025-08-02,Display,US,prospecting,214.81,42962,335
2025-08-02,Display,US,retargeting,253.71,50743,466
2025-08-02,Email,BR,lifecycle,27.55,3061,292
2025-08-02,Email,BR,newsletter,23.64,2626,251
2025-08-02,Email,DE,lifecycle,37.52,4169,396
2025-08-02,Email,DE,newsletter,47.24,5249,471
2025-08-02,Email,IN,lifecycle,24.39,2710,233
2025-08-02,Email,IN,newsletter,27.23,3025,325
2025-08-02,Email,UK,lifecycle,47.09,5232,464
2025-08-02,Email,UK,newsletter,49.87,5541,519
2025-08-02,Email,US,lifecycle,69.6,7734,670
2025-08-02,Email,US,newsletter,61.59,6843,614
2025-08-02,Paid Search,BR,brand,294.1,4085,199
2025-08-02,Paid Search,BR,nonbrand,297.3,4129,171
2025-08-02,Paid Search,DE,brand,336.69,4676,224
2025-08-02,Paid Search,DE,nonbrand,342.71,4760,198
2025-08-02,Paid Search,IN,brand,257.41,3575,154
2025-08-02,Paid Search,IN,nonbrand,287.39,3992,166
2025-08-02,Paid Search,UK,brand,455.34,6324,289
2025-08-02,Paid Search,UK,nonbrand,493.13,6849,298
2025-08-02,Paid Search,US,brand,713.14,9905,443
2025-08-02,Paid Search,US,nonbrand,713.64,9912,411
2025-08-02,Paid Social,BR,prospecting,256.06,19697,385
2025-08-02,Paid Social,BR,retargeting,220.37,16951,292
2025-08-02,Paid Social,DE,prospecting,340.08,26160,518
2025-08-02,Paid Social,DE,retargeting,366.23,28171,547
2025-08-02,Paid Social,IN,prospecting,271.7,20900,355
2025-08-02,Paid Social,IN,retargeting,241.68,18591,305
2025-08-02,Paid Social,UK,prospecting,386.59,29738,573
2025-08-02,Paid Social,UK,retargeting,395.53,30425,536
2025-08-02,Paid Social,US,prospecting,629.45,48419,878
2025-08-02,Paid Social,US,retargeting,698.15,53704,978
2025-08-02,Referral,BR,affiliates,111.0,2467,135
2025-08-02,Referral,DE,affiliates,129.65,2881,138
2025-08-02,Referral,IN,affiliates,107.4,2387,127
2025-08-02,Referral,UK,affiliates,154.52,3434,179
2025-08-02,Referral,US,affiliates,266.78,5928,277
2025-08-02,SEO,BR,organic,26.31,3758,285
2025-08-02,SEO,DE,organic,37.57,5367,378
2025-08-02,SEO,IN,organic,23.19,3312,251
2025-08-02,SEO,UK,organic,31.45,4493,287
2025-08-02,SEO,US,organic,50.83,7261,513
2025-08-03,Display,BR,prospecting,80.72,16145,136
2025-08-03,Display,BR,retargeting,125.12,25024,209
2025-08-03,Display,DE,prospecting,120.83,24167,180
2025-08-03,Display,DE,retargeting,117.28,23455,185
2025-08-03,Display,IN,prospecting,72.97,14593,126
2025-08-03,Display,IN,retargeting,85.18,17037,122
2025-08-03,Display,UK,prospecting,169.96,33992,256
2025-08-03,Display,UK,retargeting,163.1,32620,226
2025-08-03,Display,US,prospecting,248.78,49756,392
2025-08-03,Display,US,retargeting,232.31,46462,389
2025-08-03,Email,BR,lifecycle,24.25,2694,239
2025-08-03,Email,BR,newsletter,22.74,2527,233
2025-08-03,Email,DE,lifecycle,34.61,3845,347
2025-08-03,Email,DE,newsletter,37.41,4157,365
2025-08-03,Email,IN,lifecycle,25.31,2812,245
2025-08-03,Email,IN,newsletter,32.11,3568,274
2025-08-03,Email,UK,lifecycle,58.71,6524,566
2025-08-03,Email,UK,newsletter,62.82,6981,643
2025-08-03,Email,US,lifecycle,80.13,8904,838
2025-08-03,Email,US,newsletter,51.92,5769,523
2025-08-03,Paid Search,BR,brand,263.16,3655,168
2025-08-03,Paid Search,BR,nonbrand,291.66,4051,171
2025-08-03,Paid Search,DE,brand,316.84,4401,203
2025-08-03,Paid Search,DE,nonbrand,410.67,5704,259
2025-08-03,Paid Search,IN,brand,186.13,2585,124
2025-08-03,Paid Search,IN,nonbrand,273.77,3802,196
2025-08-03,Paid Search,UK,brand,437.45,6076,282
2025-08-03,Paid Search,UK,nonbrand,458.72,6371,284
2025-08-03,Paid Search,US,brand,704.49,9785,434
2025-08-03,Paid Search,US,nonbrand,595.41,8270,371
2025-08-03,Paid Social,BR,prospecting,260.99,20076,339
2025-08-03,Paid Social,BR,retargeting,218.43,16802,295
2025-08-03,Paid Social,DE,prospecting,315.74,24288,421
2025-08-03,Paid Social,DE,retargeting,327.92,25225,477
2025-08-03,Paid Social,IN,prospecting,249.13,19164,377
2025-08-03,Paid Social,IN,retargeting,176.98,13614,254
2025-08-03,Paid Social,UK,prospecting,499.64,38434,671
2025-08-03,Paid Social,UK,retargeting,357.26,27481,511
2025-08-03,Paid Social,US,prospecting,580.99,44692,888
2025-08-03,Paid Social,US,retargeting,550.05,42312,721
2025-08-03,Referral,BR,affiliates,105.1,2336,113
2025-08-03,Referral,DE,affiliates,132.27,2939,149
2025-08-03,Referral,IN,affiliates,71.45,1588,80
2025-08-03,Referral,UK,affiliates,161.13,3581,180
2025-08-03,Referral,US,affiliates,261.88,5820,290
2025-08-03,SEO,BR,organic,16.08,2297,174
2025-08-03,SEO,DE,organic,32.54,4648,299
2025-08-03,SEO,IN,organic,23.57,3367,232
2025-08-03,SEO,UK,organic,34.82,4974,370
2025-08-03,SEO,US,organic,72.48,10355,679
2025-08-04,Display,BR,prospecting,88.4,17680,144
2025-08-04,Display,BR,retargeting,96.19,19238,140
2025-08-04,Display,DE,prospecting,112.08,22416,172
2025-08-04,Display,DE,retargeting,105.36,21071,173
2025-08-04,Display,IN,prospecting,91.6,18319,141
2025-08-04,Display,IN,retargeting,87.03,17406,131
2025-08-04,Display,UK,prospecting,159.76,31951,246
2025-08-04,Display,UK,retargeting,152.22,30444,274
2025-08-04,Display,US,prospecting,183.01,36603,295
2025-08-04,Display,US,retargeting,177.68,35537,307
2025-08-04,Email,BR,lifecycle,24.21,2690,236
2025-08-04,Email,BR,newsletter,31.78,3532,313
2025-08-04,Email,DE,lifecycle,36.64,4071,423
2025-08-04,Email,DE,newsletter,38.27,4252,362
2025-08-04,Email,IN,lifecycle,24.58,2731,249
2025-08-04,Email,IN,newsletter,27.38,3042,279
2025-08-04,Email,UK,lifecycle,56.1,6234,517
2025-08-04,Email,UK,newsletter,46.36,5152,466
2025-08-04,Email,US,lifecycle,71.69,7965,691
2025-08-04,Email,US,newsletter,58.28,6475,581
2025-08-04,Paid Search,BR,brand,233.6,3244,151
2025-08-04,Paid Search,BR,nonbrand,227.8,3164,138
2025-08-04,Paid Search,DE,brand,322.12,4474,184
2025-08-04,Paid Search,DE,nonbrand,268.5,3729,172
2025-08-04,Paid Search,IN,brand,183.69,2551,120
2025-08-04,Paid Search,IN,nonbrand,268.0,3722,178
2025-08-04,Paid Search,UK,brand,481.68,6690,288
2025-08-04,Paid Search,UK,nonbrand,392.0,5444,246
2025-08-04,Paid Search,US,brand,630.27,8754,344
2025-08-04,Paid Search,US,nonbrand,593.53,8243,372
2025-08-04,Paid Social,BR,prospecting,218.04,16773,288
2025-08-04,Paid Social,BR,retargeting,277.38,21337,408
2025-08-04,Paid Social,DE,prospecting,285.91,21993,426
2025-08-04,Paid Social,DE,retargeting,235.55,18119,307
2025-08-04,Paid Social,IN,prospecting,219.75,16903,310
2025-08-04,Paid Social,IN,retargeting,172.62,13278,245
2025-08-04,Paid Social,UK,prospecting,366.74,28211,528
2025-08-04,Paid Social,UK,retargeting,328.84,25295,450
2025-08-04,Paid Social,US,prospecting,524.49,40345,779
2025-08-04,Paid Social,US,retargeting,534.8,41139,813
2025-08-04,Referral,BR,affiliates,86.71,1927,98
2025-08-04,Referral,DE,affiliates,119.55,2657,133
2025-08-04,Referral,IN,affiliates,94.73,2105,116
2025-08-04,Referral,UK,affiliates,123.17,2737,136
2025-08-04,Referral,US,affiliates,213.27,4739,218
2025-08-04,SEO,BR,organic,24.49,3498,238
2025-08-04,SEO,DE,organic,37.99,5426,354
2025-08-04,SEO,IN,organic,23.0,3286,238
2025-08-04,SEO,UK,organic,45.26,6466,499
2025-08-04,SEO,US,organic,57.53,8219,591
2025-08-05,Display,BR,prospecting,95.11,19022,159
2025-08-05,Display,BR,retargeting,75.12,15023,132
2025-08-05,Display,DE,prospecting,84.64,16929,148
2025-08-05,Display,DE,retargeting,103.03,20606,165
2025-08-05,Display,IN,prospecting,83.33,16666,142
2025-08-05,Display,IN,retargeting,88.08,17616,135
2025-08-05,Display,UK,prospecting,154.76,30951,261
2025-08-05,Display,UK,retargeting,167.71,33542,266
2025-08-05,Display,US,prospecting,216.97,43394,359
2025-08-05,Display,US,retargeting,164.64,32928,285
2025-08-05,Email,BR,lifecycle,25.94,2882,264
2025-08-05,Email,BR,newsletter,18.39,2043,214
2025-08-05,Email,DE,lifecycle,38.82,4313,375
2025-08-05,Email,DE,newsletter,32.15,3572,314
2025-08-05,Email,IN,lifecycle,25.41,2823,253
2025-08-05,Email,IN,newsletter,27.09,3010,272
2025-08-05,Email,UK,lifecycle,30.15,3351,323
2025-08-05,Email,UK,newsletter,48.2,5356,490
2025-08-05,Email,US,lifecycle,52.99,5887,522
2025-08-05,Email,US,newsletter,65.75,7305,712
2025-08-05,Paid Search,BR,brand,276.45,3840,164
2025-08-05,Paid Search,BR,nonbrand,304.72,4232,203
2025-08-05,Paid Search,DE,brand,291.58,4050,189
2025-08-05,Paid Search,DE,nonbrand,340.66,4731,218
2025-08-05,Paid Search,IN,brand,216.37,3005,122
2025-08-05,Paid Search,IN,nonbrand,206.72,2871,131
2025-08-05,Paid Search,UK,brand,508.86,7068,315
2025-08-05,Paid Search,UK,nonbrand,462.55,6424,305
2025-08-05,Paid Search,US,brand,475.51,6604,281
2025-08-05,Paid Search,US,nonbrand,542.07,7529,332
2025-08-05,Paid Social,BR,prospecting,249.59,19199,346
2025-08-05,Paid Social,BR,retargeting,196.92,15148,275
2025-08-05,Paid Social,DE,prospecting,326.5,25115,432
2025-08-05,Paid Social,DE,retargeting,237.02,18232,322
2025-08-05,Paid Social,IN,prospecting,214.79,16522,287
2025-08-05,Paid Social,IN,retargeting,209.5,16115,309
2025-08-05,Paid Social,UK,prospecting,433.33,33333,582
2025-08-05,Paid Social,UK,retargeting,455.83,35064,620
2025-08-05,Paid Social,US,prospecting,465.83,35833,648
2025-08-05,Paid Social,US,retargeting,471.46,36266,638
2025-08-05,Referral,BR,affiliates,98.72,2194,114
2025-08-05,Referral,DE,affiliates,101.07,2246,116
2025-08-05,Referral,IN,affiliates,75.56,1679,89
2025-08-05,Referral,UK,affiliates,149.26,3317,150
2025-08-05,Referral,US,affiliates,243.8,5418,269
2025-08-05,SEO,BR,organic,25.94,3706,225
2025-08-05,SEO,DE,organic,31.21,4458,327
2025-08-05,SEO,IN,organic,22.15,3164,232
2025-08-05,SEO,UK,organic,32.27,4609,288
2025-08-05,SEO,US,organic,58.85,8407,612
2025-08-06,Display,BR,prospecting,88.61,17723,124
2025-08-06,Display,BR,retargeting,111.97,22394,204
2025-08-06,Display,DE,prospecting,106.72,21344,154
2025-08-06,Display,DE,retargeting,105.23,21046,172
2025-08-06,Display,IN,prospecting,72.06,14411,122
2025-08-06,Display,IN,retargeting,90.85,18170,147
2025-08-06,Display,UK,prospecting,131.95,26390,223
2025-08-06,Display,UK,retargeting,135.03,27006,180
2025-08-06,Display,US,prospecting,185.34,37068,300
2025-08-06,Display,US,retargeting,166.55,33310,267
2025-08-06,Email,BR,lifecycle,24.52,2725,239
2025-08-06,Email,BR,newsletter,27.5,3055,260
2025-08-06,Email,DE,lifecycle,31.94,3549,318
2025-08-06,Email,DE,newsletter,35.59,3955,346
2025-08-06,Email,IN,lifecycle,25.99,2888,278
2025-08-06,Email,IN,newsletter,23.29,2587,230
2025-08-06,Email,UK,lifecycle,47.4,5266,461
2025-08-06,Email,UK,newsletter,51.03,5671,474
2025-08-06,Email,US,lifecycle,59.43,6603,596
2025-08-06,Email,US,newsletter,65.82,7313,706
2025-08-06,Paid Search,BR,brand,273.52,3799,193
2025-08-06,Paid Search,BR,nonbrand,252.46,3506,157
2025-08-06,Paid Search,DE,brand,348.82,4845,204
2025-08-06,Paid Search,DE,nonbrand,399.7,5551,250
2025-08-06,Paid Search,IN,brand,261.96,3638,161
2025-08-06,Paid Search,IN,nonbrand,241.96,3361,164
2025-08-06,Paid Search,UK,brand,441.63,6134,279
2025-08-06,Paid Search,UK,nonbrand,382.59,5314,238
2025-08-06,Paid Search,US,brand,610.53,8480,376
2025-08-06,Paid Search,US,nonbrand,694.12,9641,466
2025-08-06,Paid Social,BR,prospecting,221.75,17058,312
2025-08-06,Paid Social,BR,retargeting,226.94,17457,321
2025-08-06,Paid Social,DE,prospecting,320.52,24656,473
2025-08-06,Paid Social,DE,retargeting,254.61,19585,368
2025-08-06,Paid Social,IN,prospecting,201.16,15474,276
2025-08-06,Paid Social,IN,retargeting,204.38,15721,278
2025-08-06,Paid Social,UK,prospecting,449.1,34546,613
2025-08-06,Paid Social,UK,retargeting,457.05,35158,705
2025-08-06,Paid Social,US,prospecting,529.45,40727,743
2025-08-06,Paid Social,US,retargeting,464.27,35713,617
2025-08-06,Referral,BR,affiliates,81.42,1809,90
2025-08-06,Referral,DE,affiliates,113.24,2516,140
2025-08-06,Referral,IN,affiliates,80.4,1787,101
2025-08-06,Referral,UK,affiliates,160.12,3558,170
2025-08-06,Referral,US,affiliates,226.01,5023,247
2025-08-06,SEO,BR,organic,23.56,3366,219
2025-08-06,SEO,DE,organic,31.96,4566,304
2025-08-06,SEO,IN,organic,24.47,3496,194
2025-08-06,SEO,UK,organic,46.24,6606,480
2025-08-06,SEO,US,organic,62.61,8944,619
2025-08-07,Display,BR,prospecting,76.77,15354,119
2025-08-07,Display,BR,retargeting,101.26,20253,171
2025-08-07,Display,DE,prospecting,130.03,26005,206
2025-08-07,Display,DE,retargeting,134.16,26831,237
2025-08-07,Display,IN,prospecting,101.22,20245,171
2025-08-07,Display,IN,retargeting,65.16,13032,99
2025-08-07,Display,UK,prospecting,163.75,32751,274
2025-08-07,Display,UK,retargeting,139.82,27964,214
2025-08-07,Display,US,prospecting,215.22,43043,339
2025-08-07,Display,US,retargeting,178.75,35750,278
2025-08-07,Email,BR,lifecycle,28.52,3168,326
2025-08-07,Email,BR,newsletter,26.08,2898,273
2025-08-07,Email,DE,lifecycle,36.61,4068,334
2025-08-07,Email,DE,newsletter,35.74,3971,344
2025-08-07,Email,IN,lifecycle,25.9,2878,252
2025-08-07,Email,IN,newsletter,21.95,2439,227
2025-08-07,Email,UK,lifecycle,49.86,5540,569
2025-08-07,Email,UK,newsletter,47.64,5293,475
2025-08-07,Email,US,lifecycle,66.55,7395,672
2025-08-07,Email,US,newsletter,55.12,6124,550
2025-08-07,Paid Search,BR,brand,287.06,3987,184
2025-08-07,Paid Search,BR,nonbrand,247.57,3438,150
2025-08-07,Paid Search,DE,brand,289.2,4017,196
2025-08-07,Paid Search,DE,nonbrand,304.88,4235,173
2025-08-07,Paid Search,IN,brand,249.4,3464,157
2025-08-07,Paid Search,IN,nonbrand,244.32,3393,142
2025-08-07,Paid Search,UK,brand,402.24,5587,264
2025-08-07,Paid Search,UK,nonbrand,470.29,6532,301
2025-08-07,Paid Search,US,brand,563.61,7828,338
2025-08-07,Paid Search,US,nonbrand,626.48,8701,372
2025-08-07,Paid Social,BR,prospecting,210.14,16164,280
2025-08-07,Paid Social,BR,retargeting,233.36,17951,291
2025-08-07,Paid Social,DE,prospecting,318.44,24496,474
2025-08-07,Paid Social,DE,retargeting,284.89,21914,381
2025-08-07,Paid Social,IN,prospecting,254.22,19556,375
2025-08-07,Paid Social,IN,retargeting,192.78,14829,244
2025-08-07,Paid Social,UK,prospecting,327.02,25156,387
2025-08-07,Paid Social,UK,retargeting,372.67,28667,487
2025-08-07,Paid Social,US,prospecting,437.72,33671,581
2025-08-07,Paid Social,US,retargeting,618.77,47598,835
2025-08-07,Referral,BR,affiliates,104.54,2323,115
2025-08-07,Referral,DE,affiliates,120.33,2674,155
2025-08-07,Referral,IN,affiliates,92.84,2063,93
2025-08-07,Referral,UK,affiliates,157.19,3493,195
2025-08-07,Referral,US,affiliates,203.41,4520,224
2025-08-07,SEO,BR,organic,20.52,2932,220
2025-08-07,SEO,DE,organic,26.02,3718,250
2025-08-07,SEO,IN,organic,19.46,2780,209
2025-08-07,SEO,UK,organic,40.15,5736,422
2025-08-07,SEO,US,organic,60.23,8604,592
2025-08-08,Display,BR,prospecting,63.78,12756,109
2025-08-08,Display,BR,retargeting,93.46,18692,157
2025-08-08,Display,DE,prospecting,106.01,21202,158
2025-08-08,Display,DE,retargeting,121.27,24254,181
2025-08-08,Display,IN,prospecting,100.11,20022,159
2025-08-08,Display,IN,retargeting,80.13,16026,140
2025-08-08,Display,UK,prospecting,160.78,32157,264
2025-08-08,Display,UK,retargeting,137.48,27497,208
2025-08-08,Display,US,prospecting,191.67,38335,290
2025-08-08,Display,US,retargeting,234.35,46870,372
2025-08-08,Email,BR,lifecycle,27.3,3033,263
2025-08-08,Email,BR,newsletter,27.33,3037,277
2025-08-08,Email,DE,lifecycle,36.62,4069,357
2025-08-08,Email,DE,newsletter,29.78,3309,303
2025-08-08,Email,IN,lifecycle,29.16,3240,285
2025-08-08,Email,IN,newsletter,25.73,2859,260
2025-08-08,Email,UK,lifecycle,43.53,4837,436
2025-08-08,Email,UK,newsletter,44.23,4914,421
2025-08-08,Email,US,lifecycle,66.99,7444,633
2025-08-08,Email,US,newsletter,64.19,7133,607
2025-08-08,Paid Search,BR,brand,338.49,4701,221
2025-08-08,Paid Search,BR,nonbrand,309.38,4297,208
2025-08-08,Paid Search,DE,brand,363.82,5053,241
2025-08-08,Paid Search,DE,nonbrand,335.27,4657,202
2025-08-08,Paid Search,IN,brand,251.24,3489,164
2025-08-08,Paid Search,IN,nonbrand,264.2,3669,162
2025-08-08,Paid Search,UK,brand,402.7,5593,246
2025-08-08,Paid Search,UK,nonbrand,587.77,8164,355
2025-08-08,Paid Search,US,brand,510.68,7093,346
2025-08-08,Paid Search,US,nonbrand,629.91,8749,401
2025-08-08,Paid Social,BR,prospecting,228.78,17598,318
2025-08-08,Paid Social,BR,retargeting,215.11,16547,310
2025-08-08,Paid Social,DE,prospecting,294.63,22664,401
2025-08-08,Paid Social,DE,retargeting,286.9,22069,399
2025-08-08,Paid Social,IN,prospecting,224.55,17273,328
2025-08-08,Paid Social,IN,retargeting,251.67,19359,299
2025-08-08,Paid Social,UK,prospecting,350.75,26981,477
2025-08-08,Paid Social,UK,retargeting,385.01,29616,568
2025-08-08,Paid Social,US,prospecting,541.04,41618,741
2025-08-08,Paid Social,US,retargeting,387.14,29780,496
2025-08-08,Referral,BR,affiliates,90.97,2022,89
2025-08-08,Referral,DE,affiliates,139.47,3099,159
2025-08-08,Referral,IN,affiliates,102.06,2268,115
2025-08-08,Referral,UK,affiliates,152.61,3391,166
2025-08-08,Referral,US,affiliates,224.35,4985,255
2025-08-08,SEO,BR,organic,29.43,4204,298
2025-08-08,SEO,DE,organic,29.01,4145,292
2025-08-08,SEO,IN,organic,25.86,3694,245
2025-08-08,SEO,UK,organic,43.13,6161,426
2025-08-08,SEO,US,organic,53.83,7690,618
2025-08-09,Display,BR,prospecting,114.07,22813,188
2025-08-09,Display,BR,retargeting,103.92,20784,172
2025-08-09,Display,DE,prospecting,130.87,26174,200
2025-08-09,Display,DE,retargeting,115.55,23111,192
2025-08-09,Display,IN,prospecting,66.4,13280,103
2025-08-09,Display,IN,retargeting,77.1,15420,127
2025-08-09,Display,UK,prospecting,188.28,37656,309
2025-08-09,Display,UK,retargeting,154.01,30803,237
2025-08-09,Display,US,prospecting,210.7,42139,355
2025-08-09,Display,US,retargeting,229.67,45934,346
2025-08-09,Email,BR,lifecycle,29.97,3330,307
2025-08-09,Email,BR,newsletter,24.97,2775,280
2025-08-09,Email,DE,lifecycle,37.98,4220,421
2025-08-09,Email,DE,newsletter,32.0,3556,363
2025-08-09,Email,IN,lifecycle,26.71,2968,240
2025-08-09,Email,IN,newsletter,30.48,3387,298
2025-08-09,Email,UK,lifecycle,53.59,5954,547
2025-08-09,Email,UK,newsletter,47.75,5305,507
2025-08-09,Email,US,lifecycle,69.72,7747,727
2025-08-09,Email,US,newsletter,63.65,7072,672
2025-08-09,Paid Search,BR,brand,298.94,4152,169
2025-08-09,Paid Search,BR,nonbrand,329.53,4577,225
2025-08-09,Paid Search,DE,brand,310.37,4311,197
2025-08-09,Paid Search,DE,nonbrand,305.05,4237,186
2025-08-09,Paid Search,IN,brand,327.29,4546,216
2025-08-09,Paid Search,IN,nonbrand,245.2,3406,167
2025-08-09,Paid Search,UK,brand,519.84,7220,335
2025-08-09,Paid Search,UK,nonbrand,560.32,7782,362
2025-08-09,Paid Search,US,brand,782.33,10866,484
2025-08-09,Paid Search,US,nonbrand,757.05,10515,475
2025-08-09,Paid Social,BR,prospecting,201.77,15520,290
2025-08-09,Paid Social,BR,retargeting,212.1,16315,299
2025-08-09,Paid Social,DE,prospecting,288.74,22211,440
2025-08-09,Paid Social,DE,retargeting,255.38,19645,362
2025-08-09,Paid Social,IN,prospecting,201.13,15471,254
2025-08-09,Paid Social,IN,retargeting,223.81,17216,363
2025-08-09,Paid Social,UK,prospecting,352.02,27078,490
2025-08-09,Paid Social,UK,retargeting,354.53,27271,457
2025-08-09,Paid Social,US,prospecting,632.22,48633,892
2025-08-09,Paid Social,US,retargeting,560.6,43123,755
2025-08-09,Referral,BR,affiliates,89.52,1989,100
2025-08-09,Referral,DE,affiliates,139.26,3095,154
2025-08-09,Referral,IN,affiliates,109.56,2435,109
2025-08-09,Referral,UK,affiliates,157.27,3495,165
2025-08-09,Referral,US,affiliates,256.05,5690,295
2025-08-09,SEO,BR,organic,29.28,4183,287
2025-08-09,SEO,DE,organic,32.43,4632,306
2025-08-09,SEO,IN,organic,22.38,3197,219
2025-08-09,SEO,UK,organic,41.54,5934,355
2025-08-09,SEO,US,organic,56.58,8083,522
2025-08-10,Display,BR,prospecting,99.21,19841,176
2025-08-10,Display,BR,retargeting,82.59,16519,130
2025-08-10,Display,DE,prospecting,120.92,24185,191
2025-08-10,Display,DE,retargeting,134.61,26922,214
2025-08-10,Display,IN,prospecting,90.18,18037,137
2025-08-10,Display,IN,retargeting,94.26,18851,145
2025-08-10,Display,UK,prospecting,194.56,38912,316
2025-08-10,Display,UK,retargeting,186.37,37275,292
2025-08-10,Display,US,prospecting,238.1,47619,379
2025-08-10,Display,US,retargeting,200.81,40162,320
2025-08-10,Email,BR,lifecycle,27.84,3093,292
2025-08-10,Email,BR,newsletter,30.12,3346,308
2025-08-10,Email,DE,lifecycle,43.4,4822,424
2025-08-10,Email,DE,newsletter,35.24,3916,381
2025-08-10,Email,IN,lifecycle,22.35,2484,232
2025-08-10,Email,IN,newsletter,31.97,3552,320
2025-08-10,Email,UK,lifecycle,57.73,6415,579
2025-08-10,Email,UK,newsletter,46.14,5127,480
2025-08-10,Email,US,lifecycle,61.53,6836,605
2025-08-10,Email,US,newsletter,75.65,8406,712
2025-08-10,Paid Search,BR,brand,305.84,4248,182
2025-08-10,Paid Search,BR,nonbrand,328.28,4559,221
2025-08-10,Paid Search,DE,brand,336.72,4677,212
2025-08-10,Paid Search,DE,nonbrand,431.82,5997,263
2025-08-10,Paid Search,IN,brand,224.59,3119,143
2025-08-10,Paid Search,IN,nonbrand,185.45,2576,103
2025-08-10,Paid Search,UK,brand,524.66,7287,323
2025-08-10,Paid Search,UK,nonbrand,523.22,7267,334
2025-08-10,Paid Search,US,brand,785.21,10906,529
2025-08-10,Paid Search,US,nonbrand,740.52,10285,420
2025-08-10,Paid Social,BR,prospecting,247.57,19044,383
2025-08-10,Paid Social,BR,retargeting,218.16,16782,301
2025-08-10,Paid Social,DE,prospecting,328.77,25290,468
2025-08-10,Paid Social,DE,retargeting,269.53,20733,382
2025-08-10,Paid Social,IN,prospecting,183.68,14129,279
2025-08-10,Paid Social,IN,retargeting,235.15,18088,336
2025-08-10,Paid Social,UK,prospecting,342.17,26320,462
2025-08-10,Paid Social,UK,retargeting,432.36,33259,622
2025-08-10,Paid Social,US,prospecting,647.97,49844,943
2025-08-10,Paid Social,US,retargeting,463.12,35625,632
2025-08-10,Referral,BR,affiliates,98.24,2183,113
2025-08-10,Referral,DE,affiliates,151.15,3359,172
2025-08-10,Referral,IN,affiliates,97.95,2177,105
2025-08-10,Referral,UK,affiliates,159.5,3544,173
2025-08-10,Referral,US,affiliates,194.38,4319,207
2025-08-10,SEO,BR,organic,24.05,3436,234
2025-08-10,SEO,DE,organic,29.66,4237,316
2025-08-10,SEO,IN,organic,21.44,3063,234
2025-08-10,SEO,UK,organic,45.51,6501,447
2025-08-10,SEO,US,organic,66.74,9534,687
2025-08-11,Display,BR,prospecting,101.58,20317,179
2025-08-11,Display,BR,retargeting,69.81,13963,111
2025-08-11,Display,DE,prospecting,125.59,25118,189
2025-08-11,Display,DE,retargeting,90.17,18034,140
2025-08-11,Display,IN,prospecting,88.6,17720,135
2025-08-11,Display,IN,retargeting,88.81,17761,151
2025-08-11,Display,UK,prospecting,154.4,30880,253
2025-08-11,Display,UK,retargeting,118.2,23639,182
2025-08-11,Display,US,prospecting,218.49,43698,340
2025-08-11,Display,US,retargeting,197.22,39445,315
2025-08-11,Email,BR,lifecycle,26.04,2894,251
2025-08-11,Email,BR,newsletter,27.39,3044,284
2025-08-11,Email,DE,lifecycle,30.5,3389,277
2025-08-11,Email,DE,newsletter,37.85,4205,423
2025-08-11,Email,IN,lifecycle,19.77,2197,204
2025-08-11,Email,IN,newsletter,17.29,1921,179
2025-08-11,Email,UK,lifecycle,37.22,4135,380
2025-08-11,Email,UK,newsletter,46.93,5214,488
2025-08-11,Email,US,lifecycle,64.36,7151,665
2025-08-11,Email,US,newsletter,59.21,6579,537
2025-08-11,Paid Search,BR,brand,232.76,3233,156
2025-08-11,Paid Search,BR,nonbrand,255.7,3551,152
2025-08-11,Paid Search,DE,brand,309.11,4293,191
2025-08-11,Paid Search,DE,nonbrand,330.81,4595,208
2025-08-11,Paid Search,IN,brand,244.24,3392,158
2025-08-11,Paid Search,IN,nonbrand,213.24,2962,138
2025-08-11,Paid Search,UK,brand,474.58,6591,295
2025-08-11,Paid Search,UK,nonbrand,440.96,6124,290
2025-08-11,Paid Search,US,brand,699.58,9716,439
2025-08-11,Paid Search,US,nonbrand,656.72,9121,378
2025-08-11,Paid Social,BR,prospecting,181.54,13965,249
2025-08-11,Paid Social,BR,retargeting,208.16,16012,294
2025-08-11,Paid Social,DE,prospecting,305.73,23518,401
2025-08-11,Paid Social,DE,retargeting,251.35,19334,353
2025-08-11,Paid Social,IN,prospecting,218.1,16777,319
2025-08-11,Paid Social,IN,retargeting,228.41,17570,319
2025-08-11,Paid Social,UK,prospecting,401.0,30846,614
2025-08-11,Paid Social,UK,retargeting,449.68,34591,649
2025-08-11,Paid Social,US,prospecting,543.85,41834,787
2025-08-11,Paid Social,US,retargeting,476.87,36682,689
2025-08-11,Referral,BR,affiliates,90.47,2010,100
2025-08-11,Referral,DE,affiliates,98.78,2195,108
2025-08-11,Referral,IN,affiliates,90.74,2016,114
2025-08-11,Referral,UK,affiliates,147.86,3286,165
2025-08-11,Referral,US,affiliates,186.64,4148,218
2025-08-11,SEO,BR,organic,23.02,3288,220
2025-08-11,SEO,DE,organic,28.05,4007,259
2025-08-11,SEO,IN,organic,22.73,3247,247
2025-08-11,SEO,UK,organic,41.11,5873,397
2025-08-11,SEO,US,organic,53.63,7662,570
2025-08-12,Display,BR,prospecting,98.93,19786,161
2025-08-12,Display,BR,retargeting,88.56,17713,150
2025-08-12,Display,DE,prospecting,113.82,22764,188
2025-08-12,Display,DE,retargeting,129.63,25926,221
2025-08-12,Display,IN,prospecting,85.92,17183,130
2025-08-12,Display,IN,retargeting,78.91,15781,123
2025-08-12,Display,UK,prospecting,126.5,25299,208
2025-08-12,Display,UK,retargeting,127.09,25418,193
2025-08-12,Display,US,prospecting,196.3,39259,311
2025-08-12,Display,US,retargeting,194.08,38815,342
2025-08-12,Email,BR,lifecycle,25.58,2842,258
2025-08-12,Email,BR,newsletter,35.55,3950,366
2025-08-12,Email,DE,lifecycle,31.69,3521,333
2025-08-12,Email,DE,newsletter,26.04,2894,252
2025-08-12,Email,IN,lifecycle,29.28,3254,310
2025-08-12,Email,IN,newsletter,31.66,3518,325
2025-08-12,Email,UK,lifecycle,45.22,5024,482
2025-08-12,Email,UK,newsletter,43.6,4844,481
2025-08-12,Email,US,lifecycle,66.78,7420,667
2025-08-12,Email,US,newsletter,38.65,4294,398
2025-08-12,Paid Search,BR,brand,225.79,3136,144
2025-08-12,Paid Search,BR,nonbrand,265.4,3686,161
2025-08-12,Paid Search,DE,brand,386.86,5373,252
2025-08-12,Paid Search,DE,nonbrand,335.65,4662,228
2025-08-12,Paid Search,IN,brand,253.72,3524,159
2025-08-12,Paid Search,IN,nonbrand,242.98,3375,157
2025-08-12,Paid Search,UK,brand,409.51,5688,269
2025-08-12,Paid Search,UK,nonbrand,341.51,4743,223
2025-08-12,Paid Search,US,brand,619.22,8600,388
2025-08-12,Paid Search,US,nonbrand,498.31,6921,312
2025-08-12,Paid Social,BR,prospecting,195.08,15006,269
2025-08-12,Paid Social,BR,retargeting,203.58,15660,275
2025-08-12,Paid Social,DE,prospecting,271.79,20907,368
2025-08-12,Paid Social,DE,retargeting,272.12,20932,362
2025-08-12,Paid Social,IN,prospecting,202.61,15586,278
2025-08-12,Paid Social,IN,retargeting,205.33,15794,289
2025-08-12,Paid Social,UK,prospecting,362.12,27856,466
2025-08-12,Paid Social,UK,retargeting,302.82,23293,406
2025-08-12,Paid Social,US,prospecting,417.65,32127,540
2025-08-12,Paid Social,US,retargeting,462.34,35565,625
2025-08-12,Referral,BR,affiliates,99.1,2202,105
2025-08-12,Referral,DE,affiliates,113.61,2525,114
2025-08-12,Referral,IN,affiliates,101.09,2246,115
2025-08-12,Referral,UK,affiliates,171.64,3814,201
2025-08-12,Referral,US,affiliates,209.94,4665,230
2025-08-12,SEO,BR,organic,18.09,2585,168
2025-08-12,SEO,DE,organic,31.17,4452,312
2025-08-12,SEO,IN,organic,22.87,3267,235
2025-08-12,SEO,UK,organic,39.38,5625,430
2025-08-12,SEO,US,organic,48.61,6944,476
2025-08-13,Display,BR,prospecting,95.28,19055,150
2025-08-13,Display,BR,retargeting,103.62,20724,156
2025-08-13,Display,DE,prospecting,98.71,19742,171
2025-08-13,Display,DE,retargeting,128.41,25682,187
2025-08-13,Display,IN,prospecting,96.32,19264,158
2025-08-13,Display,IN,retargeting,74.37,14873,115
2025-08-13,Display,UK,prospecting,179.7,35940,263
2025-08-13,Display,UK,retargeting,123.9,24779,184
2025-08-13,Display,US,prospecting,188.72,37745,289
2025-08-13,Display,US,retargeting,219.25,43850,363
2025-08-13,Email,BR,lifecycle,25.88,2875,251
2025-08-13,Email,BR,newsletter,27.09,3010,254
2025-08-13,Email,DE,lifecycle,30.23,3359,309
2025-08-13,Email,DE,newsletter,31.89,3543,351
2025-08-13,Email,IN,lifecycle,25.95,2883,276
2025-08-13,Email,IN,newsletter,25.67,2853,260
2025-08-13,Email,UK,lifecycle,54.89,6099,585
2025-08-13,Email,UK,newsletter,47.79,5310,468
2025-08-13,Email,US,lifecycle,53.3,5922,552
2025-08-13,Email,US,newsletter,66.46,7384,713
2025-08-13,Paid Search,BR,brand,317.39,4408,176
2025-08-13,Paid Search,BR,nonbrand,264.81,3678,184
2025-08-13,Paid Search,DE,brand,346.62,4814,212
2025-08-13,Paid Search,DE,nonbrand,387.59,5383,254
2025-08-13,Paid Search,IN,brand,222.9,3096,134
2025-08-13,Paid Search,IN,nonbrand,246.37,3422,172
2025-08-13,Paid Search,UK,brand,456.93,6346,251
2025-08-13,Paid Search,UK,nonbrand,374.0,5195,242
2025-08-13,Paid Search,US,brand,697.4,9686,434
2025-08-13,Paid Search,US,nonbrand,550.03,7639,385
2025-08-13,Paid Social,BR,prospecting,168.43,12956,255
2025-08-13,Paid Social,BR,retargeting,257.68,19822,344
2025-08-13,Paid Social,DE,prospecting,266.13,20471,394
2025-08-13,Paid Social,DE,retargeting,344.01,26462,461
2025-08-13,Paid Social,IN,prospecting,168.81,12985,217
2025-08-13,Paid Social,IN,retargeting,267.1,20546,338
2025-08-13,Paid Social,UK,prospecting,372.78,28675,499
2025-08-13,Paid Social,UK,retargeting,391.07,30083,502
2025-08-13,Paid Social,US,prospecting,511.95,39381,750
2025-08-13,Paid Social,US,retargeting,440.94,33918,564
2025-08-13,Referral,BR,affiliates,108.11,2402,108
2025-08-13,Referral,DE,affiliates,148.05,3290,164
2025-08-13,Referral,IN,affiliates,70.5,1567,83
2025-08-13,Referral,UK,affiliates,158.04,3512,182
2025-08-13,Referral,US,affiliates,182.1,4047,224
2025-08-13,SEO,BR,organic,25.06,3579,282
2025-08-13,SEO,DE,organic,31.2,4457,298
2025-08-13,SEO,IN,organic,17.2,2458,180
2025-08-13,SEO,UK,organic,34.46,4923,343
2025-08-13,SEO,US,organic,65.93,9419,653
2025-08-14,Display,BR,prospecting,85.38,17076,129
2025-08-14,Display,BR,retargeting,93.02,18604,139
2025-08-14,Display,DE,prospecting,111.76,22351,188
2025-08-14,Display,DE,retargeting,140.79,28159,193
2025-08-14,Display,IN,prospecting,94.18,18836,149
2025-08-14,Display,IN,retargeting,87.24,17447,147
2025-08-14,Display,UK,prospecting,129.92,25985,198
2025-08-14,Display,UK,retargeting,172.9,34581,290
2025-08-14,Display,US,prospecting,238.15,47631,369
2025-08-14,Display,US,retargeting,178.74,35748,327
2025-08-14,Email,BR,lifecycle,27.98,3109,284
2025-08-14,Email,BR,newsletter,30.95,3439,293
2025-08-14,Email,DE,lifecycle,36.2,4022,380
2025-08-14,Email,DE,newsletter,38.54,4282,391
2025-08-14,Email,IN,lifecycle,25.03,2781,262
2025-08-14,Email,IN,newsletter,27.08,3009,261
2025-08-14,Email,UK,lifecycle,37.81,4201,338
2025-08-14,Email,UK,newsletter,39.03,4336,377
2025-08-14,Email,US,lifecycle,69.51,7724,678
2025-08-14,Email,US,newsletter,56.64,6293,553
2025-08-14,Paid Search,BR,brand,236.89,3290,157
2025-08-14,Paid Search,BR,nonbrand,291.43,4048,185
2025-08-14,Paid Search,DE,brand,324.56,4508,206
2025-08-14,Paid Search,DE,nonbrand,359.45,4992,211
2025-08-14,Paid Search,IN,brand,245.04,3403,151
2025-08-14,Paid Search,IN,nonbrand,293.55,4077,166
2025-08-14,Paid Search,UK,brand,450.24,6253,260
2025-08-14,Paid Search,UK,nonbrand,512.37,7116,318
2025-08-14,Paid Search,US,brand,600.3,8337,375
2025-08-14,Paid Search,US,nonbrand,527.22,7322,341
2025-08-14,Paid Social,BR,prospecting,217.35,16719,291
2025-08-14,Paid Social,BR,retargeting,221.77,17059,303
2025-08-14,Paid Social,DE,prospecting,315.25,24250,461
2025-08-14,Paid Social,DE,retargeting,246.44,18957,318
2025-08-14,Paid Social,IN,prospecting,213.98,16460,315
2025-08-14,Paid Social,IN,retargeting,180.54,13888,238
2025-08-14,Paid Social,UK,prospecting,394.72,30363,517
2025-08-14,Paid Social,UK,retargeting,393.95,30304,481
2025-08-14,Paid Social,US,prospecting,627.78,48291,865
2025-08-14,Paid Social,US,retargeting,501.65,38588,628
2025-08-14,Referral,BR,affiliates,107.39,2386,123
2025-08-14,Referral,DE,affiliates,107.85,2397,128
2025-08-14,Referral,IN,affiliates,105.87,2353,121
2025-08-14,Referral,UK,affiliates,217.87,4842,232
2025-08-14,Referral,US,affiliates,181.52,4034,195
2025-08-14,SEO,BR,organic,19.79,2827,218
2025-08-14,SEO,DE,organic,24.85,3550,251
2025-08-14,SEO,IN,organic,20.45,2922,217
2025-08-14,SEO,UK,organic,41.17,5881,401
2025-08-14,SEO,US,organic,47.3,6757,462
2025-08-15,Display,BR,prospecting,93.91,18782,146
2025-08-15,Display,BR,retargeting,106.89,21378,167
2025-08-15,Display,DE,prospecting,132.18,26435,224
2025-08-15,Display,DE,retargeting,124.33,24866,202
2025-08-15,Display,IN,prospecting,83.89,16779,138
2025-08-15,Display,IN,retargeting,80.01,16001,109
2025-08-15,Display,UK,prospecting,153.82,30765,231
2025-08-15,Display,UK,retargeting,136.93,27386,235
2025-08-15,Display,US,prospecting,213.68,42736,330
2025-08-15,Display,US,retargeting,207.94,41589,290
2025-08-15,Email,BR,lifecycle,20.47,2274,206
2025-08-15,Email,BR,newsletter,21.82,2425,215
2025-08-15,Email,DE,lifecycle,32.17,3575,316
2025-08-15,Email,DE,newsletter,28.34,3149,300
2025-08-15,Email,IN,lifecycle,25.71,2856,270
2025-08-15,Email,IN,newsletter,19.3,2144,226
2025-08-15,Email,UK,lifecycle,43.74,4859,460
2025-08-15,Email,UK,newsletter,45.13,5014,442
2025-08-15,Email,US,lifecycle,67.0,7444,638
2025-08-15,Email,US,newsletter,57.9,6433,593
2025-08-15,Paid Search,BR,brand,232.76,3233,141
2025-08-15,Paid Search,BR,nonbrand,315.7,4385,194
2025-08-15,Paid Search,DE,brand,352.52,4896,232
2025-08-15,Paid Search,DE,nonbrand,297.67,4134,194
2025-08-15,Paid Search,IN,brand,197.09,2737,123
2025-08-15,Paid Search,IN,nonbrand,260.97,3625,179
2025-08-15,Paid Search,UK,brand,455.12,6321,259
2025-08-15,Paid Search,UK,nonbrand,401.46,5576,255
2025-08-15,Paid Search,US,brand,613.28,8518,423
2025-08-15,Paid Search,US,nonbrand,650.98,9041,365
2025-08-15,Paid Social,BR,prospecting,264.57,20352,337
2025-08-15,Paid Social,BR,retargeting,207.81,15985,280
2025-08-15,Paid Social,DE,prospecting,332.53,25579,431
2025-08-15,Paid Social,DE,retargeting,244.68,18822,307
2025-08-15,Paid Social,IN,prospecting,196.7,15131,280
2025-08-15,Paid Social,IN,retargeting,188.48,14499,288
2025-08-15,Paid Social,UK,prospecting,287.2,22092,384
2025-08-15,Paid Social,UK,retargeting,392.97,30229,524
2025-08-15,Paid Social,US,prospecting,446.92,34378,582
2025-08-15,Paid Social,US,retargeting,345.17,26552,484
2025-08-15,Referral,BR,affiliates,96.42,2143,107
2025-08-15,Referral,DE,affiliates,107.44,2387,109
2025-08-15,Referral,IN,affiliates,79.07,1757,90
2025-08-15,Referral,UK,affiliates,151.4,3364,181
2025-08-15,Referral,US,affiliates,202.13,4492,203
2025-08-15,SEO,BR,organic,25.54,3649,243
2025-08-15,SEO,DE,organic,30.57,4367,297
2025-08-15,SEO,IN,organic,16.03,2290,174
2025-08-15,SEO,UK,organic,30.83,4404,297
2025-08-15,SEO,US,organic,42.14,6020,421
2025-08-16,Display,BR,prospecting,112.12,22424,175
2025-08-16,Display,BR,retargeting,110.84,22169,184
2025-08-16,Display,DE,prospecting,126.73,25347,186
2025-08-16,Display,DE,retargeting,125.87,25174,200
2025-08-16,Display,IN,prospecting,111.67,22333,184
2025-08-16,Display,IN,retargeting,102.71,20543,172
2025-08-16,Display,UK,prospecting,154.54,30909,264
2025-08-16,Display,UK,retargeting,153.21,30641,241
2025-08-16,Display,US,prospecting,205.16,41033,323
2025-08-16,Display,US,retargeting,223.02,44604,331
2025-08-16,Email,BR,lifecycle,29.69,3299,294
2025-08-16,Email,BR,newsletter,32.22,3580,341
2025-08-16,Email,DE,lifecycle,32.88,3654,309
2025-08-16,Email,DE,newsletter,41.28,4586,424
2025-08-16,Email,IN,lifecycle,26.82,2980,278
2025-08-16,Email,IN,newsletter,25.56,2840,261
2025-08-16,Email,UK,lifecycle,45.26,5029,466
2025-08-16,Email,UK,newsletter,56.75,6305,513
2025-08-16,Email,US,lifecycle,58.83,6537,603
2025-08-16,Email,US,newsletter,67.18,7465,655
2025-08-16,Paid Search,BR,brand,285.68,3968,194
2025-08-16,Paid Search,BR,nonbrand,299.7,4163,195
2025-08-16,Paid Search,DE,brand,268.06,3723,162
2025-08-16,Paid Search,DE,nonbrand,330.91,4596,215
2025-08-16,Paid Search,IN,brand,307.62,4272,192
2025-08-16,Paid Search,IN,nonbrand,265.68,3690,160
2025-08-16,Paid Search,UK,brand,528.4,7339,284
2025-08-16,Paid Search,UK,nonbrand,438.23,6087,291
2025-08-16,Paid Search,US,brand,561.06,7793,302
2025-08-16,Paid Search,US,nonbrand,659.03,9153,335
2025-08-16,Paid Social,BR,prospecting,235.83,18140,331
2025-08-16,Paid Social,BR,retargeting,242.26,18635,379
2025-08-16,Paid Social,DE,prospecting,272.1,20930,374
2025-08-16,Paid Social,DE,retargeting,258.33,19871,355
2025-08-16,Paid Social,IN,prospecting,233.22,17940,295
2025-08-16,Paid Social,IN,retargeting,194.45,14957,280
2025-08-16,Paid Social,UK,prospecting,460.2,35400,677
2025-08-16,Paid Social,UK,retargeting,477.23,36710,682
2025-08-16,Paid Social,US,prospecting,534.35,41104,799
2025-08-16,Paid Social,US,retargeting,517.79,39830,720
2025-08-16,Referral,BR,affiliates,99.76,2217,120
2025-08-16,Referral,DE,affiliates,123.41,2742,129
2025-08-16,Referral,IN,affiliates,96.47,2144,104
2025-08-16,Referral,UK,affiliates,179.02,3978,209
2025-08-16,Referral,US,affiliates,256.95,5710,300
2025-08-16,SEO,BR,organic,28.65,4093,256
2025-08-16,SEO,DE,organic,34.01,4858,340
2025-08-16,SEO,IN,organic,21.49,3070,235
2025-08-16,SEO,UK,organic,47.27,6754,482
2025-08-16,SEO,US,organic,64.24,9178,677
2025-08-17,Display,BR,prospecting,96.5,19301,149
2025-08-17,Display,BR,retargeting,95.79,19158,145
2025-08-17,Display,DE,prospecting,117.77,23554,186
2025-08-17,Display,DE,retargeting,137.95,27589,203
2025-08-17,Display,IN,prospecting,97.44,19487,146
2025-08-17,Display,IN,retargeting,106.22,21245,163
2025-08-17,Display,UK,prospecting,151.02,30205,266
2025-08-17,Display,UK,retargeting,128.4,25680,205
2025-08-17,Display,US,prospecting,198.14,39629,330
2025-08-17,Display,US,retargeting,193.09,38619,302
2025-08-17,Email,BR,lifecycle,25.68,2853,239
2025-08-17,Email,BR,newsletter,29.44,3272,299
2025-08-17,Email,DE,lifecycle,42.98,4776,425
2025-08-17,Email,DE,newsletter,30.98,3443,303
2025-08-17,Email,IN,lifecycle,27.64,3071,289
2025-08-17,Email,IN,newsletter,28.87,3208,302
2025-08-17,Email,UK,lifecycle,53.81,5979,539
2025-08-17,Email,UK,newsletter,46.49,5165,422
2025-08-17,Email,US,lifecycle,71.66,7962,695
2025-08-17,Email,US,newsletter,53.47,5941,558
2025-08-17,Paid Search,BR,brand,283.55,3938,176
2025-08-17,Paid Search,BR,nonbrand,354.59,4925,235
2025-08-17,Paid Search,DE,brand,356.47,4951,215
2025-08-17,Paid Search,DE,nonbrand,379.6,5272,226
2025-08-17,Paid Search,IN,brand,241.28,3351,134
2025-08-17,Paid Search,IN,nonbrand,261.75,3635,159
2025-08-17,Paid Search,UK,brand,490.58,6814,294
2025-08-17,Paid Search,UK,nonbrand,468.27,6504,281
2025-08-17,Paid Search,US,brand,675.7,9385,372
2025-08-17,Paid Search,US,nonbrand,537.36,7463,351
2025-08-17,Paid Social,BR,prospecting,257.33,19795,379
2025-08-17,Paid Social,BR,retargeting,258.03,19848,377
2025-08-17,Paid Social,DE,prospecting,289.16,22243,405
2025-08-17,Paid Social,DE,retargeting,321.37,24721,467
2025-08-17,Paid Social,IN,prospecting,230.58,17737,315
2025-08-17,Paid Social,IN,retargeting,260.04,20003,344
2025-08-17,Paid Social,UK,prospecting,381.46,29343,575
2025-08-17,Paid Social,UK,retargeting,495.41,38108,642
2025-08-17,Paid Social,US,prospecting,628.65,48358,947
2025-08-17,Paid Social,US,retargeting,531.66,40897,712
2025-08-17,Referral,BR,affiliates,94.97,2110,96
2025-08-17,Referral,DE,affiliates,158.26,3517,170
2025-08-17,Referral,IN,affiliates,87.87,1953,93
2025-08-17,Referral,UK,affiliates,163.55,3634,177
2025-08-17,Referral,US,affiliates,256.11,5691,292
2025-08-17,SEO,BR,organic,25.27,3609,255
2025-08-17,SEO,DE,organic,29.59,4228,318
2025-08-17,SEO,IN,organic,21.58,3083,217
2025-08-17,SEO,UK,organic,43.47,6210,436
2025-08-17,SEO,US,organic,52.3,7472,517
2025-08-18,Display,BR,prospecting,108.52,21705,164
2025-08-18,Display,BR,retargeting,100.91,20182,159
2025-08-18,Display,DE,prospecting,140.35,28069,231
2025-08-18,Display,DE,retargeting,102.15,20431,147
2025-08-18,Display,IN,prospecting,77.58,15516,116
2025-08-18,Display,IN,retargeting,90.72,18144,139
2025-08-18,Display,UK,prospecting,160.77,32154,224
2025-08-18,Display,UK,retargeting,142.63,28526,213
2025-08-18,Display,US,prospecting,223.26,44652,366
2025-08-18,Display,US,retargeting,236.69,47338,413
2025-08-18,Email,BR,lifecycle,25.43,2826,283
2025-08-18,Email,BR,newsletter,27.37,3041,270
2025-08-18,Email,DE,lifecycle,40.33,4481,417
2025-08-18,Email,DE,newsletter,29.49,3277,308
2025-08-18,Email,IN,lifecycle,23.21,2579,206
2025-08-18,Email,IN,newsletter,20.87,2319,202
2025-08-18,Email,UK,lifecycle,50.49,5611,557
2025-08-18,Email,UK,newsletter,53.95,5994,560
2025-08-18,Email,US,lifecycle,65.46,7274,712
2025-08-18,Email,US,newsletter,60.18,6686,641
2025-08-18,Paid Search,BR,brand,236.37,3283,150
2025-08-18,Paid Search,BR,nonbrand,293.62,4078,177
2025-08-18,Paid Search,DE,brand,410.77,5705,238
2025-08-18,Paid Search,DE,nonbrand,306.53,4257,201
2025-08-18,Paid Search,IN,brand,302.22,4197,184
2025-08-18,Paid Search,IN,nonbrand,275.18,3822,159
2025-08-18,Paid Search,UK,brand,477.79,6636,312
2025-08-18,Paid Search,UK,nonbrand,385.49,5354,232
2025-08-18,Paid Search,US,brand,600.74,8344,363
2025-08-18,Paid Search,US,nonbrand,582.91,8096,362
2025-08-18,Paid Social,BR,prospecting,283.25,21789,401
2025-08-18,Paid Social,BR,retargeting,211.76,16289,276
2025-08-18,Paid Social,DE,prospecting,287.75,22135,386
2025-08-18,Paid Social,DE,retargeting,274.75,21135,349
2025-08-18,Paid Social,IN,prospecting,187.71,14439,309
2025-08-18,Paid Social,IN,retargeting,221.98,17075,285
2025-08-18,Paid Social,UK,prospecting,391.68,30129,520
2025-08-18,Paid Social,UK,retargeting,357.85,27527,498
2025-08-18,Paid Social,US,prospecting,533.83,41064,751
2025-08-18,Paid Social,US,retargeting,415.95,31996,560
2025-08-18,Referral,BR,affiliates,74.25,1650,80
2025-08-18,Referral,DE,affiliates,108.32,2407,123
2025-08-18,Referral,IN,affiliates,74.41,1654,80
2025-08-18,Referral,UK,affiliates,150.78,3351,166
2025-08-18,Referral,US,affiliates,220.23,4894,262
2025-08-18,SEO,BR,organic,20.55,2936,204
2025-08-18,SEO,DE,organic,27.01,3858,259
2025-08-18,SEO,IN,organic,22.37,3196,214
2025-08-18,SEO,UK,organic,41.46,5923,395
2025-08-18,SEO,US,organic,55.78,7969,662
2025-08-19,Display,BR,prospecting,72.36,14473,119
2025-08-19,Display,BR,retargeting,104.36,20873,166
2025-08-19,Display,DE,prospecting,125.64,25129,212
2025-08-19,Display,DE,retargeting,105.07,21013,188
2025-08-19,Display,IN,prospecting,75.53,15105,119
2025-08-19,Display,IN,retargeting,83.15,16629,149
2025-08-19,Display,UK,prospecting,151.38,30276,265
2025-08-19,Display,UK,retargeting,162.36,32472,261
2025-08-19,Display,US,prospecting,201.29,40258,352
2025-08-19,Display,US,retargeting,191.5,38300,304
2025-08-19,Email,BR,lifecycle,21.51,2390,223
2025-08-19,Email,BR,newsletter,27.37,3041,296
2025-08-19,Email,DE,lifecycle,31.78,3532,316
2025-08-19,Email,DE,newsletter,32.51,3612,335
2025-08-19,Email,IN,lifecycle,27.34,3038,255
2025-08-19,Email,IN,newsletter,15.86,1762,160
2025-08-19,Email,UK,lifecycle,44.98,4998,497
2025-08-19,Email,UK,newsletter,44.99,4999,412
2025-08-19,Email,US,lifecycle,65.65,7294,659
2025-08-19,Email,US,newsletter,63.38,7043,624
2025-08-19,Paid Search,BR,brand,255.03,3542,171
2025-08-19,Paid Search,BR,nonbrand,257.26,3573,163
2025-08-19,Paid Search,DE,brand,336.16,4669,197
2025-08-19,Paid Search,DE,nonbrand,246.83,3428,153
2025-08-19,Paid Search,IN,brand,241.72,3357,152
2025-08-19,Paid Search,IN,nonbrand,225.48,3132,132
2025-08-19,Paid Search,UK,brand,444.78,6178,273
2025-08-19,Paid Search,UK,nonbrand,376.25,5226,238
2025-08-19,Paid Search,US,brand,502.52,6979,314
2025-08-19,Paid Search,US,nonbrand,488.83,6789,326
2025-08-19,Paid Social,BR,prospecting,231.3,17792,318
2025-08-19,Paid Social,BR,retargeting,244.48,18806,380
2025-08-19,Paid Social,DE,prospecting,291.85,22450,461
2025-08-19,Paid Social,DE,retargeting,246.1,18930,346
2025-08-19,Paid Social,IN,prospecting,217.57,16736,302
2025-08-19,Paid Social,IN,retargeting,189.01,14539,254
2025-08-19,Paid Social,UK,prospecting,395.05,30389,523
2025-08-19,Paid Social,UK,retargeting,397.37,30567,501
2025-08-19,Paid Social,US,prospecting,644.08,49544,930
2025-08-19,Paid Social,US,retargeting,586.48,45114,831
2025-08-19,Referral,BR,affiliates,93.91,2087,96
2025-08-19,Referral,DE,affiliates,125.52,2789,159
2025-08-19,Referral,IN,affiliates,91.06,2024,85
2025-08-19,Referral,UK,affiliates,186.28,4140,214
2025-08-19,Referral,US,affiliates,216.36,4808,245
2025-08-19,SEO,BR,organic,27.06,3865,281
2025-08-19,SEO,DE,organic,30.97,4425,297
2025-08-19,SEO,IN,organic,19.53,2790,192
2025-08-19,SEO,UK,organic,26.9,3843,273
2025-08-19,SEO,US,organic,64.49,9213,627
2025-08-20,Display,BR,prospecting,71.13,14225,125
2025-08-20,Display,BR,retargeting,87.27,17454,131
2025-08-20,Display,DE,prospecting,120.94,24189,214
2025-08-20,Display,DE,retargeting,109.3,21860,180
2025-08-20,Display,IN,prospecting,92.83,18566,142
2025-08-20,Display,IN,retargeting,98.47,19694,153
2025-08-20,Display,UK,prospecting,155.91,31182,251
2025-08-20,Display,UK,retargeting,151.32,30265,245
2025-08-20,Display,US,prospecting,194.38,38875,334
2025-08-20,Display,US,retargeting,174.65,34930,255
2025-08-20,Email,BR,lifecycle,25.3,2811,229
2025-08-20,Email,BR,newsletter,31.85,3539,281
2025-08-20,Email,DE,lifecycle,27.62,3069,283
2025-08-20,Email,DE,newsletter,40.47,4497,362
2025-08-20,Email,IN,lifecycle,22.71,2523,210
2025-08-20,Email,IN,newsletter,25.21,2801,255
2025-08-20,Email,UK,lifecycle,44.23,4914,466
2025-08-20,Email,UK,newsletter,43.76,4862,409
2025-08-20,Email,US,lifecycle,70.73,7859,649
2025-08-20,Email,US,newsletter,62.08,6898,583
2025-08-20,Paid Search,BR,brand,303.36,4213,179
2025-08-20,Paid Search,BR,nonbrand,290.65,4037,192
2025-08-20,Paid Search,DE,brand,333.14,4627,185
2025-08-20,Paid Search,DE,nonbrand,328.34,4560,188
2025-08-20,Paid Search,IN,brand,272.22,3781,167
2025-08-20,Paid Search,IN,nonbrand,238.25,3309,153
2025-08-20,Paid Search,UK,brand,455.88,6332,288
2025-08-20,Paid Search,UK,nonbrand,437.93,6082,281
2025-08-20,Paid Search,US,brand,591.15,8210,385
2025-08-20,Paid Search,US,nonbrand,591.01,8208,350
2025-08-20,Paid Social,BR,prospecting,200.07,15390,253
2025-08-20,Paid Social,BR,retargeting,186.69,14361,252
2025-08-20,Paid Social,DE,prospecting,258.11,19855,362
2025-08-20,Paid Social,DE,retargeting,263.38,20260,382
2025-08-20,Paid Social,IN,prospecting,189.87,14606,251
2025-08-20,Paid Social,IN,retargeting,181.01,13924,246
2025-08-20,Paid Social,UK,prospecting,427.56,32889,551
2025-08-20,Paid Social,UK,retargeting,370.88,28529,506
2025-08-20,Paid Social,US,prospecting,452.08,34775,655
2025-08-20,Paid Social,US,retargeting,460.31,35409,691
2025-08-20,Referral,BR,affiliates,84.4,1875,100
2025-08-20,Referral,DE,affiliates,123.02,2734,130
2025-08-20,Referral,IN,affiliates,88.61,1969,98
2025-08-20,Referral,UK,affiliates,175.41,3898,207
2025-08-20,Referral,US,affiliates,264.46,5877,335
2025-08-20,SEO,BR,organic,23.5,3358,247
2025-08-20,SEO,DE,organic,20.3,2901,199
2025-08-20,SEO,IN,organic,20.12,2874,203
2025-08-20,SEO,UK,organic,33.87,4839,327
2025-08-20,SEO,US,organic,44.15,6307,478
2025-08-21,Display,BR,prospecting,98.43,19686,166
2025-08-21,Display,BR,retargeting,85.74,17148,117
2025-08-21,Display,DE,prospecting,114.18,22837,194
2025-08-21,Display,DE,retargeting,128.06,25613,205
2025-08-21,Display,IN,prospecting,72.99,14597,111
2025-08-21,Display,IN,retargeting,82.99,16599,140
2025-08-21,Display,UK,prospecting,132.3,26461,225
2025-08-21,Display,UK,retargeting,144.76,28952,229
2025-08-21,Display,US,prospecting,200.72,40144,359
2025-08-21,Display,US,retargeting,218.25,43651,344
2025-08-21,Email,BR,lifecycle,27.28,3031,266
2025-08-21,Email,BR,newsletter,27.21,3023,251
2025-08-21,Email,DE,lifecycle,40.38,4486,391
2025-08-21,Email,DE,newsletter,30.46,3385,302
2025-08-21,Email,IN,lifecycle,21.58,2397,232
2025-08-21,Email,IN,newsletter,24.05,2673,213
2025-08-21,Email,UK,lifecycle,34.92,3880,338
2025-08-21,Email,UK,newsletter,44.61,4957,443
2025-08-21,Email,US,lifecycle,59.32,6591,572
2025-08-21,Email,US,newsletter,55.13,6125,503
2025-08-21,Paid Search,BR,brand,238.45,3312,140
2025-08-21,Paid Search,BR,nonbrand,318.03,4417,185
2025-08-21,Paid Search,DE,brand,351.69,4885,229
2025-08-21,Paid Search,DE,nonbrand,271.37,3769,174
2025-08-21,Paid Search,IN,brand,240.44,3339,148
2025-08-21,Paid Search,IN,nonbrand,210.36,2922,123
2025-08-21,Paid Search,UK,brand,473.31,6574,315
2025-08-21,Paid Search,UK,nonbrand,392.91,5457,233
2025-08-21,Paid Search,US,brand,588.29,8171,378
2025-08-21,Paid Search,US,nonbrand,475.98,6611,304
2025-08-21,Paid Social,BR,prospecting,203.42,15648,281
2025-08-21,Paid Social,BR,retargeting,250.91,19301,348
2025-08-21,Paid Social,DE,prospecting,337.14,25934,465
2025-08-21,Paid Social,DE,retargeting,248.87,19144,307
2025-08-21,Paid Social,IN,prospecting,191.18,14706,249
2025-08-21,Paid Social,IN,retargeting,235.17,18090,366
2025-08-21,Paid Social,UK,prospecting,362.04,27849,541
2025-08-21,Paid Social,UK,retargeting,338.84,26064,437
2025-08-21,Paid Social,US,prospecting,436.19,33553,655
2025-08-21,Paid Social,US,retargeting,480.87,36990,635
2025-08-21,Referral,BR,affiliates,107.58,2391,128
2025-08-21,Referral,DE,affiliates,90.18,2004,101
2025-08-21,Referral,IN,affiliates,84.95,1888,96
2025-08-21,Referral,UK,affiliates,123.5,2744,125
2025-08-21,Referral,US,affiliates,197.52,4389,217
2025-08-21,SEO,BR,organic,23.73,3390,221
2025-08-21,SEO,DE,organic,29.34,4191,319
2025-08-21,SEO,IN,organic,24.88,3554,248
2025-08-21,SEO,UK,organic,36.74,5248,310
2025-08-21,SEO,US,organic,52.54,7505,543
2025-08-22,Display,BR,prospecting,79.24,15847,124
2025-08-22,Display,BR,retargeting,89.35,17870,134
2025-08-22,Display,DE,prospecting,119.46,23892,201
2025-08-22,Display,DE,retargeting,98.56,19711,178
2025-08-22,Display,IN,prospecting,76.59,15317,135
2025-08-22,Display,IN,retargeting,75.92,15183,123
2025-08-22,Display,UK,prospecting,143.39,28678,236
2025-08-22,Display,UK,retargeting,118.95,23790,195
2025-08-22,Display,US,prospecting,205.72,41144,340
2025-08-22,Display,US,retargeting,199.0,39800,296
2025-08-22,Email,BR,lifecycle,27.81,3090,252
2025-08-22,Email,BR,newsletter,23.88,2653,203
2025-08-22,Email,DE,lifecycle,34.81,3868,357
2025-08-22,Email,DE,newsletter,26.1,2900,275
2025-08-22,Email,IN,lifecycle,19.26,2140,184
2025-08-22,Email,IN,newsletter,28.34,3149,271
2025-08-22,Email,UK,lifecycle,51.44,5715,478
2025-08-22,Email,UK,newsletter,42.29,4699,412
2025-08-22,Email,US,lifecycle,61.67,6852,580
2025-08-22,Email,US,newsletter,66.37,7375,701
2025-08-22,Paid Search,BR,brand,219.52,3049,136
2025-08-22,Paid Search,BR,nonbrand,326.82,4539,204
2025-08-22,Paid Search,DE,brand,364.92,5068,253
2025-08-22,Paid Search,DE,nonbrand,393.42,5464,249
2025-08-22,Paid Search,IN,brand,240.75,3344,155
2025-08-22,Paid Search,IN,nonbrand,282.79,3928,185
2025-08-22,Paid Search,UK,brand,362.52,5035,245
2025-08-22,Paid Search,UK,nonbrand,400.28,5559,249
2025-08-22,Paid Search,US,brand,721.06,10015,440
2025-08-22,Paid Search,US,nonbrand,630.76,8761,414
2025-08-22,Paid Social,BR,prospecting,219.69,16899,327
2025-08-22,Paid Social,BR,retargeting,219.44,16880,320
2025-08-22,Paid Social,DE,prospecting,288.5,22192,428
2025-08-22,Paid Social,DE,retargeting,284.34,21872,387
2025-08-22,Paid Social,IN,prospecting,188.51,14500,289
2025-08-22,Paid Social,IN,retargeting,210.11,16162,288
2025-08-22,Paid Social,UK,prospecting,272.82,20986,403
2025-08-22,Paid Social,UK,retargeting,378.02,29079,521
2025-08-22,Paid Social,US,prospecting,566.87,43605,819
2025-08-22,Paid Social,US,retargeting,459.14,35318,639
2025-08-22,Referral,BR,affiliates,91.47,2033,113
2025-08-22,Referral,DE,affiliates,116.94,2599,130
2025-08-22,Referral,IN,affiliates,84.34,1874,90
2025-08-22,Referral,UK,affiliates,137.04,3045,153
2025-08-22,Referral,US,affiliates,216.99,4822,256
2025-08-22,SEO,BR,organic,20.81,2973,224
2025-08-22,SEO,DE,organic,35.03,5005,348
2025-08-22,SEO,IN,organic,26.8,3829,252
2025-08-22,SEO,UK,organic,42.21,6030,439
2025-08-22,SEO,US,organic,62.11,8872,625
2025-08-23,Display,BR,prospecting,118.0,23599,200
2025-08-23,Display,BR,retargeting,67.33,13467,109
2025-08-23,Display,DE,prospecting,129.29,25858,240
2025-08-23,Display,DE,retargeting,104.78,20955,178
2025-08-23,Display,IN,prospecting,84.37,16873,123
2025-08-23,Display,IN,retargeting,79.82,15965,131
2025-08-23,Display,UK,prospecting,143.35,28670,249
2025-08-23,Display,UK,retargeting,151.72,30344,247
2025-08-23,Display,US,prospecting,211.76,42352,350
2025-08-23,Display,US,retargeting,223.66,44732,328
2025-08-23,Email,BR,lifecycle,24.38,2709,255
2025-08-23,Email,BR,newsletter,26.33,2925,282
2025-08-23,Email,DE,lifecycle,37.33,4148,373
2025-08-23,Email,DE,newsletter,29.56,3284,300
2025-08-23,Email,IN,lifecycle,25.32,2813,244
2025-08-23,Email,IN,newsletter,25.56,2840,244
2025-08-23,Email,UK,lifecycle,45.37,5041,474
2025-08-23,Email,UK,newsletter,36.12,4013,380
2025-08-23,Email,US,lifecycle,43.71,4857,465
2025-08-23,Email,US,newsletter,56.31,6256,525
2025-08-23,Paid Search,BR,brand,316.44,4395,208
2025-08-23,Paid Search,BR,nonbrand,324.77,4511,189
2025-08-23,Paid Search,DE,brand,270.17,3752,183
2025-08-23,Paid Search,DE,nonbrand,362.89,5040,224
2025-08-23,Paid Search,IN,brand,242.33,3366,142
2025-08-23,Paid Search,IN,nonbrand,272.86,3790,164
2025-08-23,Paid Search,UK,brand,455.62,6328,284
2025-08-23,Paid Search,UK,nonbrand,429.38,5964,267
2025-08-23,Paid Search,US,brand,708.27,9837,470
2025-08-23,Paid Search,US,nonbrand,668.64,9287,407
2025-08-23,Paid Social,BR,prospecting,218.91,16839,281
2025-08-23,Paid Social,BR,retargeting,235.54,18118,288
2025-08-23,Paid Social,DE,prospecting,315.01,24231,427
2025-08-23,Paid Social,DE,retargeting,391.51,30116,596
2025-08-23,Paid Social,IN,prospecting,246.63,18972,359
2025-08-23,Paid Social,IN,retargeting,253.91,19532,326
2025-08-23,Paid Social,UK,prospecting,397.54,30580,547
2025-08-23,Paid Social,UK,retargeting,426.65,32819,573
2025-08-23,Paid Social,US,prospecting,456.53,35118,582
2025-08-23,Paid Social,US,retargeting,527.81,40601,773
2025-08-23,Referral,BR,affiliates,110.14,2448,126
2025-08-23,Referral,DE,affiliates,117.96,2621,129
2025-08-23,Referral,IN,affiliates,109.62,2436,121
2025-08-23,Referral,UK,affiliates,165.71,3682,184
2025-08-23,Referral,US,affiliates,211.35,4697,227
2025-08-23,SEO,BR,organic,25.85,3694,253
2025-08-23,SEO,DE,organic,21.75,3106,234
2025-08-23,SEO,IN,organic,20.6,2943,211
2025-08-23,SEO,UK,organic,37.35,5336,386
2025-08-23,SEO,US,organic,61.51,8787,669
2025-08-24,Display,BR,prospecting,109.8,21961,179
2025-08-24,Display,BR,retargeting,97.8,19560,161
2025-08-24,Display,DE,prospecting,87.29,17459,140
2025-08-24,Display,DE,retargeting,121.63,24326,215
2025-08-24,Display,IN,prospecting,90.44,18087,162
2025-08-24,Display,IN,retargeting,79.41,15882,125
2025-08-24,Display,UK,prospecting,153.93,30786,249
2025-08-24,Display,UK,retargeting,160.48,32095,241
2025-08-24,Display,US,prospecting,243.64,48728,378
2025-08-24,Display,US,retargeting,182.63,36525,327
2025-08-24,Email,BR,lifecycle,29.78,3309,297
2025-08-24,Email,BR,newsletter,31.17,3463,310
2025-08-24,Email,DE,lifecycle,35.93,3992,344
2025-08-24,Email,DE,newsletter,39.45,4383,406
2025-08-24,Email,IN,lifecycle,29.98,3331,300
2025-08-24,Email,IN,newsletter,25.75,2861,248
2025-08-24,Email,UK,lifecycle,46.5,5167,503
2025-08-24,Email,UK,newsletter,52.31,5812,525
2025-08-24,Email,US,lifecycle,72.42,8047,758
2025-08-24,Email,US,newsletter,59.07,6564,604
2025-08-24,Paid Search,BR,brand,300.62,4175,173
2025-08-24,Paid Search,BR,nonbrand,284.73,3955,167
2025-08-24,Paid Search,DE,brand,283.19,3933,160
2025-08-24,Paid Search,DE,nonbrand,316.28,4393,197
2025-08-24,Paid Search,IN,brand,263.92,3666,149
2025-08-24,Paid Search,IN,nonbrand,238.11,3307,138
2025-08-24,Paid Search,UK,brand,446.39,6200,302
2025-08-24,Paid Search,UK,nonbrand,502.75,6983,272
2025-08-24,Paid Search,US,brand,639.55,8883,424
2025-08-24,Paid Search,US,nonbrand,784.9,10901,478
2025-08-24,Paid Social,BR,prospecting,220.7,16977,301
2025-08-24,Paid Social,BR,retargeting,216.87,16683,296
2025-08-24,Paid Social,DE,prospecting,358.09,27545,526
2025-08-24,Paid Social,DE,retargeting,315.23,24248,451
2025-08-24,Paid Social,IN,prospecting,209.53,16118,315
2025-08-24,Paid Social,IN,retargeting,215.27,16559,297
2025-08-24,Paid Social,UK,prospecting,403.74,31057,512
2025-08-24,Paid Social,UK,retargeting,404.51,31116,520
2025-08-24,Paid Social,US,prospecting,519.66,39974,806
2025-08-24,Paid Social,US,retargeting,615.78,47367,813
2025-08-24,Referral,BR,affiliates,95.08,2113,111
2025-08-24,Referral,DE,affiliates,136.42,3032,151
2025-08-24,Referral,IN,affiliates,116.86,2597,134
2025-08-24,Referral,UK,affiliates,157.77,3506,169
2025-08-24,Referral,US,affiliates,192.0,4267,220
2025-08-24,SEO,BR,organic,24.62,3517,255
2025-08-24,SEO,DE,organic,34.65,4951,343
2025-08-24,SEO,IN,organic,25.96,3708,235
2025-08-24,SEO,UK,organic,54.91,7844,556
2025-08-24,SEO,US,organic,55.55,7935,502
2025-08-25,Display,BR,prospecting,104.14,20828,166
2025-08-25,Display,BR,retargeting,95.04,19008,157
2025-08-25,Display,DE,prospecting,114.53,22905,180
2025-08-25,Display,DE,retargeting,118.76,23752,177
2025-08-25,Display,IN,prospecting,78.32,15665,127
2025-08-25,Display,IN,retargeting,80.13,16025,126
2025-08-25,Display,UK,prospecting,143.72,28743,211
2025-08-25,Display,UK,retargeting,128.44,25688,220
2025-08-25,Display,US,prospecting,226.56,45313,380
2025-08-25,Display,US,retargeting,216.01,43202,338
2025-08-25,Email,BR,lifecycle,29.83,3315,298
2025-08-25,Email,BR,newsletter,27.65,3072,293
2025-08-25,Email,DE,lifecycle,29.65,3295,299
2025-08-25,Email,DE,newsletter,27.47,3052,262
2025-08-25,Email,IN,lifecycle,22.74,2526,210
2025-08-25,Email,IN,newsletter,26.07,2897,244
2025-08-25,Email,UK,lifecycle,48.84,5426,429
2025-08-25,Email,UK,newsletter,55.25,6139,526
2025-08-25,Email,US,lifecycle,66.27,7363,660
2025-08-25,Email,US,newsletter,58.08,6454,608
2025-08-25,Paid Search,BR,brand,242.89,3373,137
2025-08-25,Paid Search,BR,nonbrand,255.6,3550,154
2025-08-25,Paid Search,DE,brand,336.31,4671,219
2025-08-25,Paid Search,DE,nonbrand,300.53,4174,180
2025-08-25,Paid Search,IN,brand,249.74,3469,153
2025-08-25,Paid Search,IN,nonbrand,237.25,3295,144
2025-08-25,Paid Search,UK,brand,403.85,5609,254
2025-08-25,Paid Search,UK,nonbrand,425.2,5906,262
2025-08-25,Paid Search,US,brand,608.09,8446,384
2025-08-25,Paid Search,US,nonbrand,650.54,9035,407
2025-08-25,Paid Social,BR,prospecting,244.55,18811,331
2025-08-25,Paid Social,BR,retargeting,186.47,14344,249
2025-08-25,Paid Social,DE,prospecting,258.63,19895,322
2025-08-25,Paid Social,DE,retargeting,270.31,20793,332
2025-08-25,Paid Social,IN,prospecting,233.48,17960,328
2025-08-25,Paid Social,IN,retargeting,212.77,16367,299
2025-08-25,Paid Social,UK,prospecting,319.25,24557,407
2025-08-25,Paid Social,UK,retargeting,325.94,25072,433
2025-08-25,Paid Social,US,prospecting,488.18,37552,719
2025-08-25,Paid Social,US,retargeting,638.07,49083,883
2025-08-25,Referral,BR,affiliates,85.74,1905,98
2025-08-25,Referral,DE,affiliates,140.97,3133,152
2025-08-25,Referral,IN,affiliates,98.39,2186,115
2025-08-25,Referral,UK,affiliates,127.37,2830,137
2025-08-25,Referral,US,affiliates,239.79,5329,277
2025-08-25,SEO,BR,organic,19.61,2801,193
2025-08-25,SEO,DE,organic,31.06,4438,333
2025-08-25,SEO,IN,organic,22.38,3197,225
2025-08-25,SEO,UK,organic,37.65,5379,367
2025-08-25,SEO,US,organic,67.53,9648,693
2025-08-26,Display,BR,prospecting,96.61,19322,154
2025-08-26,Display,BR,retargeting,88.85,17771,147
2025-08-26,Display,DE,prospecting,107.07,21414,173
2025-08-26,Display,DE,retargeting,99.96,19993,148
2025-08-26,Display,IN,prospecting,67.41,13482,114
2025-08-26,Display,IN,retargeting,84.51,16902,148
2025-08-26,Display,UK,prospecting,177.78,35557,283
2025-08-26,Display,UK,retargeting,157.01,31401,248
2025-08-26,Display,US,prospecting,209.06,41812,321
2025-08-26,Display,US,retargeting,247.74,49549,401
2025-08-26,Email,BR,lifecycle,24.65,2739,234
2025-08-26,Email,BR,newsletter,21.39,2377,212
2025-08-26,Email,DE,lifecycle,31.13,3459,304
2025-08-26,Email,DE,newsletter,37.42,4158,380
2025-08-26,Email,IN,lifecycle,20.05,2227,205
2025-08-26,Email,IN,newsletter,27.0,3000,271
2025-08-26,Email,UK,lifecycle,44.71,4967,476
2025-08-26,Email,UK,newsletter,46.19,5132,489
2025-08-26,Email,US,lifecycle,68.55,7616,697
2025-08-26,Email,US,newsletter,61.04,6783,592
2025-08-26,Paid Search,BR,brand,212.27,2948,139
2025-08-26,Paid Search,BR,nonbrand,280.13,3891,180
2025-08-26,Paid Search,DE,brand,299.43,4159,203
2025-08-26,Paid Search,DE,nonbrand,253.27,3518,164
2025-08-26,Paid Search,IN,brand,217.58,3022,142
2025-08-26,Paid Search,IN,nonbrand,254.87,3540,163
2025-08-26,Paid Search,UK,brand,422.28,5865,251
2025-08-26,Paid Search,UK,nonbrand,427.34,5935,265
2025-08-26,Paid Search,US,brand,592.67,8232,392
2025-08-26,Paid Search,US,nonbrand,559.63,7773,361
2025-08-26,Paid Social,BR,prospecting,245.24,18864,325
2025-08-26,Paid Social,BR,retargeting,174.68,13437,245
2025-08-26,Paid Social,DE,prospecting,270.04,20772,364
2025-08-26,Paid Social,DE,retargeting,251.16,19320,361
2025-08-26,Paid Social,IN,prospecting,242.99,18692,362
2025-08-26,Paid Social,IN,retargeting,207.37,15951,265
2025-08-26,Paid Social,UK,prospecting,370.36,28489,518
2025-08-26,Paid Social,UK,retargeting,343.67,26436,449
2025-08-26,Paid Social,US,prospecting,552.36,42490,741
2025-08-26,Paid Social,US,retargeting,535.25,41173,739
2025-08-26,Referral,BR,affiliates,99.92,2221,115
2025-08-26,Referral,DE,affiliates,111.64,2481,144
2025-08-26,Referral,IN,affiliates,88.24,1961,91
2025-08-26,Referral,UK,affiliates,157.43,3498,186
2025-08-26,Referral,US,affiliates,201.94,4488,236
2025-08-26,SEO,BR,organic,27.04,3862,285
2025-08-26,SEO,DE,organic,24.09,3441,247
2025-08-26,SEO,IN,organic,16.9,2414,170
2025-08-26,SEO,UK,organic,34.09,4869,339
2025-08-26,SEO,US,organic,51.8,7401,496
2025-08-27,Display,BR,prospecting,77.56,15512,123
2025-08-27,Display,BR,retargeting,90.81,18162,140
2025-08-27,Display,DE,prospecting,102.47,20493,155
2025-08-27,Display,DE,retargeting,117.77,23554,195
2025-08-27,Display,IN,prospecting,91.08,18216,153
2025-08-27,Display,IN,retargeting,66.36,13272,112
2025-08-27,Display,UK,prospecting,140.81,28163,232
2025-08-27,Display,UK,retargeting,160.77,32154,283
2025-08-27,Display,US,prospecting,228.57,45714,333
2025-08-27,Display,US,retargeting,166.47,33294,265
2025-08-27,Email,BR,lifecycle,26.16,2907,257
2025-08-27,Email,BR,newsletter,27.78,3086,295
2025-08-27,Email,DE,lifecycle,35.36,3929,367
2025-08-27,Email,DE,newsletter,32.97,3664,328
2025-08-27,Email,IN,lifecycle,24.8,2756,216
2025-08-27,Email,IN,newsletter,21.94,2438,238
2025-08-27,Email,UK,lifecycle,48.85,5428,481
2025-08-27,Email,UK,newsletter,46.43,5159,485
2025-08-27,Email,US,lifecycle,52.25,5805,520
2025-08-27,Email,US,newsletter,56.57,6285,560
2025-08-27,Paid Search,BR,brand,238.23,3309,144
2025-08-27,Paid Search,BR,nonbrand,314.16,4363,193
2025-08-27,Paid Search,DE,brand,378.49,5257,230
2025-08-27,Paid Search,DE,nonbrand,283.86,3943,177
2025-08-27,Paid Search,IN,brand,236.21,3281,163
2025-08-27,Paid Search,IN,nonbrand,232.59,3230,143
2025-08-27,Paid Search,UK,brand,514.23,7142,310
2025-08-27,Paid Search,UK,nonbrand,467.24,6489,289
2025-08-27,Paid Search,US,brand,574.28,7976,365
2025-08-27,Paid Search,US,nonbrand,646.4,8978,404
2025-08-27,Paid Social,BR,prospecting,174.92,13455,246
2025-08-27,Paid Social,BR,retargeting,198.05,15235,280
2025-08-27,Paid Social,DE,prospecting,231.52,17809,341
2025-08-27,Paid Social,DE,retargeting,228.58,17583,302
2025-08-27,Paid Social,IN,prospecting,182.12,14009,239
2025-08-27,Paid Social,IN,retargeting,184.87,14221,262
2025-08-27,Paid Social,UK,prospecting,347.6,26738,497
2025-08-27,Paid Social,UK,retargeting,343.46,26420,438
2025-08-27,Paid Social,US,prospecting,526.67,40513,684
2025-08-27,Paid Social,US,retargeting,554.55,42658,707
2025-08-27,Referral,BR,affiliates,96.11,2136,107
2025-08-27,Referral,DE,affiliates,111.46,2477,129
2025-08-27,Referral,IN,affiliates,68.51,1522,72
2025-08-27,Referral,UK,affiliates,120.09,2669,138
2025-08-27,Referral,US,affiliates,226.73,5039,264
2025-08-27,SEO,BR,organic,28.16,4023,242
2025-08-27,SEO,DE,organic,30.88,4412,319
2025-08-27,SEO,IN,organic,19.29,2756,194
2025-08-27,SEO,UK,organic,37.89,5412,397
2025-08-27,SEO,US,organic,54.81,7830,534
2025-08-28,Display,BR,prospecting,69.73,13945,116
2025-08-28,Display,BR,retargeting,86.61,17321,132
2025-08-28,Display,DE,prospecting,106.27,21255,171
2025-08-28,Display,DE,retargeting,126.7,25339,208
2025-08-28,Display,IN,prospecting,75.93,15187,126
2025-08-28,Display,IN,retargeting,75.51,15101,117
2025-08-28,Display,UK,prospecting,108.09,21618,171
2025-08-28,Display,UK,retargeting,135.9,27180,223
2025-08-28,Display,US,prospecting,196.09,39218,342
2025-08-28,Display,US,retargeting,204.21,40843,322
2025-08-28,Email,BR,lifecycle,19.64,2182,206
2025-08-28,Email,BR,newsletter,22.73,2525,226
2025-08-28,Email,DE,lifecycle,30.89,3433,325
2025-08-28,Email,DE,newsletter,32.52,3614,321
2025-08-28,Email,IN,lifecycle,22.07,2452,205
2025-08-28,Email,IN,newsletter,26.66,2962,269
2025-08-28,Email,UK,lifecycle,46.68,5187,416
2025-08-28,Email,UK,newsletter,42.58,4731,390
2025-08-28,Email,US,lifecycle,65.55,7283,689
2025-08-28,Email,US,newsletter,67.43,7492,715
2025-08-28,Paid Search,BR,brand,259.47,3604,158
2025-08-28,Paid Search,BR,nonbrand,274.78,3816,165
2025-08-28,Paid Search,DE,brand,314.13,4363,198
2025-08-28,Paid Search,DE,nonbrand,366.3,5087,231
2025-08-28,Paid Search,IN,brand,221.89,3082,145
2025-08-28,Paid Search,IN,nonbrand,224.06,3112,140
2025-08-28,Paid Search,UK,brand,390.08,5418,222
2025-08-28,Paid Search,UK,nonbrand,427.89,5943,290
2025-08-28,Paid Search,US,brand,511.33,7102,309
2025-08-28,Paid Search,US,nonbrand,489.1,6793,324
2025-08-28,Paid Social,BR,prospecting,196.28,15099,279
2025-08-28,Paid Social,BR,retargeting,233.0,17923,321
2025-08-28,Paid Social,DE,prospecting,266.44,20495,404
2025-08-28,Paid Social,DE,retargeting,296.02,22771,427
2025-08-28,Paid Social,IN,prospecting,129.58,9968,181
2025-08-28,Paid Social,IN,retargeting,196.06,15082,291
2025-08-28,Paid Social,UK,prospecting,304.31,23408,369
2025-08-28,Paid Social,UK,retargeting,326.08,25083,481
2025-08-28,Paid Social,US,prospecting,516.58,39737,737
2025-08-28,Paid Social,US,retargeting,590.59,45430,826
2025-08-28,Referral,BR,affiliates,96.46,2143,111
2025-08-28,Referral,DE,affiliates,151.15,3359,163
2025-08-28,Referral,IN,affiliates,91.53,2034,106
2025-08-28,Referral,UK,affiliates,157.13,3492,197
2025-08-28,Referral,US,affiliates,202.78,4506,182
2025-08-28,SEO,BR,organic,26.05,3722,272
2025-08-28,SEO,DE,organic,32.51,4644,297
2025-08-28,SEO,IN,organic,13.55,1936,142
2025-08-28,SEO,UK,organic,34.28,4897,330
2025-08-28,SEO,US,organic,62.58,8939,608
2025-08-29,Display,BR,prospecting,102.52,20503,165
2025-08-29,Display,BR,retargeting,66.09,13218,108
2025-08-29,Display,DE,prospecting,88.36,17673,127
2025-08-29,Display,DE,retargeting,124.3,24860,214
2025-08-29,Display,IN,prospecting,98.99,19798,174
2025-08-29,Display,IN,retargeting,81.71,16342,123
2025-08-29,Display,UK,prospecting,169.12,33823,281
2025-08-29,Display,UK,retargeting,157.48,31497,282
2025-08-29,Display,US,prospecting,211.77,42354,313
2025-08-29,Display,US,retargeting,177.14,35428,269
2025-08-29,Email,BR,lifecycle,23.27,2585,247
2025-08-29,Email,BR,newsletter,27.45,3050,281
2025-08-29,Email,DE,lifecycle,34.29,3810,353
2025-08-29,Email,DE,newsletter,33.76,3751,324
2025-08-29,Email,IN,lifecycle,28.34,3149,287
2025-08-29,Email,IN,newsletter,22.41,2490,208
2025-08-29,Email,UK,lifecycle,44.52,4947,458
2025-08-29,Email,UK,newsletter,49.5,5500,502
2025-08-29,Email,US,lifecycle,65.84,7316,679
2025-08-29,Email,US,newsletter,60.75,6750,578
2025-08-29,Paid Search,BR,brand,297.23,4128,165
2025-08-29,Paid Search,BR,nonbrand,274.98,3819,172
2025-08-29,Paid Search,DE,brand,250.28,3476,138
2025-08-29,Paid Search,DE,nonbrand,413.24,5739,264
2025-08-29,Paid Search,IN,brand,304.99,4236,174
2025-08-29,Paid Search,IN,nonbrand,220.26,3059,143
2025-08-29,Paid Search,UK,brand,485.09,6737,287
2025-08-29,Paid Search,UK,nonbrand,420.08,5834,243
2025-08-29,Paid Search,US,brand,576.07,8001,375
2025-08-29,Paid Search,US,nonbrand,518.94,7208,315
2025-08-29,Paid Social,BR,prospecting,205.2,15784,291
2025-08-29,Paid Social,BR,retargeting,192.23,14787,264
2025-08-29,Paid Social,DE,prospecting,223.09,17161,295
2025-08-29,Paid Social,DE,retargeting,293.77,22597,390
2025-08-29,Paid Social,IN,prospecting,224.16,17243,316
2025-08-29,Paid Social,IN,retargeting,170.88,13145,239
2025-08-29,Paid Social,UK,prospecting,391.34,30103,531
2025-08-29,Paid Social,UK,retargeting,375.79,28907,509
2025-08-29,Paid Social,US,prospecting,465.31,35793,634
2025-08-29,Paid Social,US,retargeting,503.52,38732,699
2025-08-29,Referral,BR,affiliates,91.67,2037,115
2025-08-29,Referral,DE,affiliates,106.0,2355,126
2025-08-29,Referral,IN,affiliates,91.83,2041,106
2025-08-29,Referral,UK,affiliates,168.06,3735,180
2025-08-29,Referral,US,affiliates,239.81,5329,265
2025-08-29,SEO,BR,organic,25.59,3656,243
2025-08-29,SEO,DE,organic,24.88,3555,225
2025-08-29,SEO,IN,organic,22.07,3153,230
2025-08-29,SEO,UK,organic,33.14,4734,348
2025-08-29,SEO,US,organic,58.29,8327,549
2025-08-30,Display,BR,prospecting,76.85,15370,118
2025-08-30,Display,BR,retargeting,112.41,22483,178
2025-08-30,Display,DE,prospecting,91.78,18355,142
2025-08-30,Display,DE,retargeting,122.11,24422,176
2025-08-30,Display,IN,prospecting,89.04,17808,133
2025-08-30,Display,IN,retargeting,92.54,18508,143
2025-08-30,Display,UK,prospecting,164.61,32923,262
2025-08-30,Display,UK,retargeting,154.14,30827,264
2025-08-30,Display,US,prospecting,236.28,47256,388
2025-08-30,Display,US,retargeting,278.92,55784,438
2025-08-30,Email,BR,lifecycle,29.03,3225,305
2025-08-30,Email,BR,newsletter,25.4,2822,258
2025-08-30,Email,DE,lifecycle,35.2,3911,317
2025-08-30,Email,DE,newsletter,31.77,3530,335
2025-08-30,Email,IN,lifecycle,29.1,3233,269
2025-08-30,Email,IN,newsletter,25.82,2869,242
2025-08-30,Email,UK,lifecycle,48.6,5400,513
2025-08-30,Email,UK,newsletter,46.64,5182,446
2025-08-30,Email,US,lifecycle,58.32,6480,608
2025-08-30,Email,US,newsletter,63.83,7093,603
2025-08-30,Paid Search,BR,brand,246.18,3419,148
2025-08-30,Paid Search,BR,nonbrand,282.88,3929,165
2025-08-30,Paid Search,DE,brand,297.96,4138,189
2025-08-30,Paid Search,DE,nonbrand,382.07,5307,222
2025-08-30,Paid Search,IN,brand,254.94,3541,157
2025-08-30,Paid Search,IN,nonbrand,268.2,3725,179
2025-08-30,Paid Search,UK,brand,373.95,5194,229
2025-08-30,Paid Search,UK,nonbrand,495.04,6875,294
2025-08-30,Paid Search,US,brand,575.95,7999,362
2025-08-30,Paid Search,US,nonbrand,657.87,9137,378
2025-08-30,Paid Social,BR,prospecting,251.13,19318,327
2025-08-30,Paid Social,BR,retargeting,190.76,14674,281
2025-08-30,Paid Social,DE,prospecting,319.15,24550,418
2025-08-30,Paid Social,DE,retargeting,276.48,21268,382
2025-08-30,Paid Social,IN,prospecting,205.95,15843,309
2025-08-30,Paid Social,IN,retargeting,227.5,17500,300
2025-08-30,Paid Social,UK,prospecting,364.07,28005,553
2025-08-30,Paid Social,UK,retargeting,410.08,31544,493
2025-08-30,Paid Social,US,prospecting,604.01,46463,853
2025-08-30,Paid Social,US,retargeting,626.49,48191,896
2025-08-30,Referral,BR,affiliates,109.43,2432,123
2025-08-30,Referral,DE,affiliates,104.82,2329,118
2025-08-30,Referral,IN,affiliates,100.12,2225,120
2025-08-30,Referral,UK,affiliates,184.06,4090,206
2025-08-30,Referral,US,affiliates,198.0,4400,212
2025-08-30,SEO,BR,organic,30.28,4326,304
2025-08-30,SEO,DE,organic,28.59,4084,304
2025-08-30,SEO,IN,organic,19.95,2850,226
2025-08-30,SEO,UK,organic,46.7,6672,426
2025-08-30,SEO,US,organic,65.15,9307,587
2025-08-31,Display,BR,prospecting,111.35,22270,170
2025-08-31,Display,BR,retargeting,89.43,17886,151
2025-08-31,Display,DE,prospecting,134.44,26888,214
2025-08-31,Display,DE,retargeting,115.68,23135,193
2025-08-31,Display,IN,prospecting,98.8,19761,157
2025-08-31,Display,IN,retargeting,85.49,17099,145
2025-08-31,Display,UK,prospecting,153.48,30696,237
2025-08-31,Display,UK,retargeting,177.39,35479,288
2025-08-31,Display,US,prospecting,236.25,47249,358
2025-08-31,Display,US,retargeting,241.82,48364,395
2025-08-31,Email,BR,lifecycle,31.29,3476,284
2025-08-31,Email,BR,newsletter,27.12,3013,277
2025-08-31,Email,DE,lifecycle,30.63,3404,289
2025-08-31,Email,DE,newsletter,35.66,3963,364
2025-08-31,Email,IN,lifecycle,21.8,2423,235
2025-08-31,Email,IN,newsletter,27.8,3089,272
2025-08-31,Email,UK,lifecycle,40.48,4497,396
2025-08-31,Email,UK,newsletter,48.28,5364,461
2025-08-31,Email,US,lifecycle,71.15,7906,703
2025-08-31,Email,US,newsletter,65.12,7236,642
2025-08-31,Paid Search,BR,brand,277.83,3859,174
2025-08-31,Paid Search,BR,nonbrand,269.63,3745,173
2025-08-31,Paid Search,DE,brand,235.08,3265,138
2025-08-31,Paid Search,DE,nonbrand,346.97,4819,205
2025-08-31,Paid Search,IN,brand,304.99,4236,194
2025-08-31,Paid Search,IN,nonbrand,246.23,3420,151
2025-08-31,Paid Search,UK,brand,448.99,6236,294
2025-08-31,Paid Search,UK,nonbrand,505.3,7018,266
2025-08-31,Paid Search,US,brand,536.77,7455,336
2025-08-31,Paid Search,US,nonbrand,467.96,6499,327
2025-08-31,Paid Social,BR,prospecting,265.98,20460,332
2025-08-31,Paid Social,BR,retargeting,208.38,16029,294
2025-08-31,Paid Social,DE,prospecting,307.1,23623,440
2025-08-31,Paid Social,DE,retargeting,334.94,25764,449
2025-08-31,Paid Social,IN,prospecting,192.12,14778,271
2025-08-31,Paid Social,IN,retargeting,233.99,17999,314
2025-08-31,Paid Social,UK,prospecting,370.82,28524,507
2025-08-31,Paid Social,UK,retargeting,435.65,33511,581
2025-08-31,Paid Social,US,prospecting,780.5,60039,1129
2025-08-31,Paid Social,US,retargeting,576.31,44331,741
2025-08-31,Referral,BR,affiliates,107.52,2389,120
2025-08-31,Referral,DE,affiliates,145.37,3230,162
2025-08-31,Referral,IN,affiliates,78.95,1755,95
2025-08-31,Referral,UK,affiliates,163.45,3632,185
2025-08-31,Referral,US,affiliates,255.9,5687,278
2025-08-31,SEO,BR,organic,21.81,3116,234
2025-08-31,SEO,DE,organic,31.28,4469,333
2025-08-31,SEO,IN,organic,23.24,3320,225
2025-08-31,SEO,UK,organic,44.14,6306,446
2025-08-31,SEO,US,organic,50.08,7154,512
2025-09-01,Display,BR,prospecting,93.43,18686,152
2025-09-01,Display,BR,retargeting,80.07,16014,131
2025-09-01,Display,DE,prospecting,114.09,22819,193
2025-09-01,Display,DE,retargeting,130.61,26123,221
2025-09-01,Display,IN,prospecting,85.27,17055,129
2025-09-01,Display,IN,retargeting,81.6,16320,140
2025-09-01,Display,UK,prospecting,136.57,27314,204
2025-09-01,Display,UK,retargeting,179.31,35863,274
2025-09-01,Display,US,prospecting,215.97,43193,369
2025-09-01,Display,US,retargeting,201.17,40233,349
2025-09-01,Email,BR,lifecycle,24.08,2675,238
2025-09-01,Email,BR,newsletter,24.25,2694,267
2025-09-01,Email,DE,lifecycle,38.74,4304,373
2025-09-01,Email,DE,newsletter,27.79,3087,282
2025-09-01,Email,IN,lifecycle,23.29,2587,234
2025-09-01,Email,IN,newsletter,26.19,2910,240
2025-09-01,Email,UK,lifecycle,42.47,4719,398
2025-09-01,Email,UK,newsletter,35.12,3902,391
2025-09-01,Email,US,lifecycle,61.62,6846,593
2025-09-01,Email,US,newsletter,63.51,7056,684
2025-09-01,Paid Search,BR,brand,280.46,3895,185
2025-09-01,Paid Search,BR,nonbrand,254.39,3533,170
2025-09-01,Paid Search,DE,brand,315.19,4378,199
2025-09-01,Paid Search,DE,nonbrand,307.49,4271,167
2025-09-01,Paid Search,IN,brand,232.24,3225,147
2025-09-01,Paid Search,IN,nonbrand,224.87,3123,132
2025-09-01,Paid Search,UK,brand,440.84,6123,304
2025-09-01,Paid Search,UK,nonbrand,424.77,5900,258
2025-09-01,Paid Search,US,brand,619.55,8605,421
2025-09-01,Paid Search,US,nonbrand,581.13,8071,350
2025-09-01,Paid Social,BR,prospecting,286.3,22023,403
2025-09-01,Paid Social,BR,retargeting,206.21,15863,286
2025-09-01,Paid Social,DE,prospecting,261.26,20097,348
2025-09-01,Paid Social,DE,retargeting,270.93,20841,375
2025-09-01,Paid Social,IN,prospecting,184.18,14168,245
2025-09-01,Paid Social,IN,retargeting,221.73,17056,276
2025-09-01,Paid Social,UK,prospecting,340.33,26179,513
2025-09-01,Paid Social,UK,retargeting,323.25,24865,472
2025-09-01,Paid Social,US,prospecting,526.8,40523,705
2025-09-01,Paid Social,US,retargeting,494.85,38065,686
2025-09-01,Referral,BR,affiliates,68.15,1514,77
2025-09-01,Referral,DE,affiliates,114.61,2547,126
2025-09-01,Referral,IN,affiliates,93.18,2071,119
2025-09-01,Referral,UK,affiliates,181.61,4036,213
2025-09-01,Referral,US,affiliates,229.82,5107,251
2025-09-01,SEO,BR,organic,20.13,2876,192
2025-09-01,SEO,DE,organic,32.21,4601,369
2025-09-01,SEO,IN,organic,27.66,3952,281
2025-09-01,SEO,UK,organic,40.82,5831,409
2025-09-01,SEO,US,organic,59.53,8505,593
2025-09-02,Display,BR,prospecting,85.54,17108,140
2025-09-02,Display,BR,retargeting,100.4,20079,173
2025-09-02,Display,DE,prospecting,76.66,15333,131
2025-09-02,Display,DE,retargeting,108.11,21622,183
2025-09-02,Display,IN,prospecting,91.62,18325,132
2025-09-02,Display,IN,retargeting,67.37,13475,111
2025-09-02,Display,UK,prospecting,127.53,25506,199
2025-09-02,Display,UK,retargeting,125.0,25000,192
2025-09-02,Display,US,prospecting,208.95,41790,360
2025-09-02,Display,US,retargeting,165.62,33124,280
2025-09-02,Email,BR,lifecycle,34.19,3799,347
2025-09-02,Email,BR,newsletter,30.62,3402,276
2025-09-02,Email,DE,lifecycle,34.68,3853,330
2025-09-02,Email,DE,newsletter,37.61,4179,422
2025-09-02,Email,IN,lifecycle,21.59,2399,231
2025-09-02,Email,IN,newsletter,24.65,2739,251
2025-09-02,Email,UK,lifecycle,48.78,5420,538
2025-09-02,Email,UK,newsletter,40.42,4491,407
2025-09-02,Email,US,lifecycle,46.4,5155,482
2025-09-02,Email,US,newsletter,59.96,6662,657
2025-09-02,Paid Search,BR,brand,184.98,2569,110
2025-09-02,Paid Search,BR,nonbrand,263.2,3655,164
2025-09-02,Paid Search,DE,brand,316.41,4395,179
2025-09-02,Paid Search,DE,nonbrand,286.58,3980,185
2025-09-02,Paid Search,IN,brand,244.79,3400,158
2025-09-02,Paid Search,IN,nonbrand,199.34,2769,125
2025-09-02,Paid Search,UK,brand,462.01,6417,265
2025-09-02,Paid Search,UK,nonbrand,435.82,6053,266
2025-09-02,Paid Search,US,brand,610.08,8473,325
2025-09-02,Paid Search,US,nonbrand,511.38,7102,309
2025-09-02,Paid Social,BR,prospecting,203.76,15674,274
2025-09-02,Paid Social,BR,retargeting,206.87,15913,289
2025-09-02,Paid Social,DE,prospecting,266.53,20502,363
2025-09-02,Paid Social,DE,retargeting,294.86,22681,394
2025-09-02,Paid Social,IN,prospecting,187.99,14461,261
2025-09-02,Paid Social,IN,retargeting,213.66,16435,293
2025-09-02,Paid Social,UK,prospecting,413.03,31772,594
2025-09-02,Paid Social,UK,retargeting,334.78,25752,442
2025-09-02,Paid Social,US,prospecting,491.41,37801,635
2025-09-02,Paid Social,US,retargeting,506.01,38924,759
2025-09-02,Referral,BR,affiliates,89.24,1983,98
2025-09-02,Referral,DE,affiliates,119.02,2645,130
2025-09-02,Referral,IN,affiliates,100.23,2227,109
2025-09-02,Referral,UK,affiliates,159.58,3546,192
2025-09-02,Referral,US,affiliates,162.57,3613,191
2025-09-02,SEO,BR,organic,21.88,3125,206
2025-09-02,SEO,DE,organic,26.91,3844,245
2025-09-02,SEO,IN,organic,25.14,3591,255
2025-09-02,SEO,UK,organic,44.25,6321,469
2025-09-02,SEO,US,organic,52.85,7550,519
2025-09-03,Display,BR,prospecting,90.75,18150,142
2025-09-03,Display,BR,retargeting,96.3,19260,150
2025-09-03,Display,DE,prospecting,100.27,20054,151
2025-09-03,Display,DE,retargeting,119.88,23975,187
2025-09-03,Display,IN,prospecting,84.4,16880,130
2025-09-03,Display,IN,retargeting,70.35,14070,102
2025-09-03,Display,UK,prospecting,177.03,35406,287
2025-09-03,Display,UK,retargeting,156.89,31378,259
2025-09-03,Display,US,prospecting,239.44,47887,395
2025-09-03,Display,US,retargeting,170.95,34191,254
2025-09-03,Email,BR,lifecycle,26.83,2981,256
2025-09-03,Email,BR,newsletter,27.1,3011,270
2025-09-03,Email,DE,lifecycle,33.6,3733,325
2025-09-03,Email,DE,newsletter,28.33,3148,291
2025-09-03,Email,IN,lifecycle,20.4,2266,208
2025-09-03,Email,IN,newsletter,20.63,2292,223
2025-09-03,Email,UK,lifecycle,38.44,4271,369
2025-09-03,Email,UK,newsletter,44.99,4999,444
2025-09-03,Email,US,lifecycle,62.25,6917,680
2025-09-03,Email,US,newsletter,45.54,5060,453
2025-09-03,Paid Search,BR,brand,290.6,4036,200
2025-09-03,Paid Search,BR,nonbrand,311.83,4331,193
2025-09-03,Paid Search,DE,brand,306.7,4260,198
2025-09-03,Paid Search,DE,nonbrand,403.04,5598,234
2025-09-03,Paid Search,IN,brand,199.41,2770,118
2025-09-03,Paid Search,IN,nonbrand,239.19,3322,154
2025-09-03,Paid Search,UK,brand,467.66,6495,299
2025-09-03,Paid Search,UK,nonbrand,390.46,5423,237
2025-09-03,Paid Search,US,brand,456.97,6347,261
2025-09-03,Paid Search,US,nonbrand,588.76,8177,367
2025-09-03,Paid Social,BR,prospecting,204.69,15746,315
2025-09-03,Paid Social,BR,retargeting,212.11,16316,326
2025-09-03,Paid Social,DE,prospecting,293.91,22608,428
2025-09-03,Paid Social,DE,retargeting,278.87,21452,381
2025-09-03,Paid Social,IN,prospecting,228.23,17556,284
2025-09-03,Paid Social,IN,retargeting,194.45,14958,274
2025-09-03,Paid Social,UK,prospecting,357.31,27485,463
2025-09-03,Paid Social,UK,retargeting,426.05,32773,643
2025-09-03,Paid Social,US,prospecting,409.25,31481,580
2025-09-03,Paid Social,US,retargeting,378.79,29138,590
2025-09-03,Referral,BR,affiliates,103.11,2291,116
2025-09-03,Referral,DE,affiliates,145.67,3237,150
2025-09-03,Referral,IN,affiliates,74.33,1652,90
2025-09-03,Referral,UK,affiliates,168.75,3750,189
2025-09-03,Referral,US,affiliates,194.0,4311,218
2025-09-03,SEO,BR,organic,23.8,3400,233
2025-09-03,SEO,DE,organic,28.58,4083,294
2025-09-03,SEO,IN,organic,19.13,2732,193
2025-09-03,SEO,UK,organic,40.54,5791,383
2025-09-03,SEO,US,organic,47.08,6726,492
2025-09-04,Display,BR,prospecting,90.83,18165,135
2025-09-04,Display,BR,retargeting,88.84,17768,151
2025-09-04,Display,DE,prospecting,118.89,23778,214
2025-09-04,Display,DE,retargeting,132.8,26559,219
2025-09-04,Display,IN,prospecting,81.08,16216,144
2025-09-04,Display,IN,retargeting,78.28,15656,131
2025-09-04,Display,UK,prospecting,144.26,28853,204
2025-09-04,Display,UK,retargeting,165.82,33164,268
2025-09-04,Display,US,prospecting,181.02,36203,311
2025-09-04,Display,US,retargeting,210.88,42177,357
2025-09-04,Email,BR,lifecycle,21.86,2429,197
2025-09-04,Email,BR,newsletter,29.71,3301,301
2025-09-04,Email,DE,lifecycle,34.41,3823,363
2025-09-04,Email,DE,newsletter,33.96,3773,364
2025-09-04,Email,IN,lifecycle,23.5,2611,235
2025-09-04,Email,IN,newsletter,18.35,2039,177
2025-09-04,Email,UK,lifecycle,39.32,4369,421
2025-09-04,Email,UK,newsletter,47.69,5299,479
2025-09-04,Email,US,lifecycle,52.72,5858,562
2025-09-04,Email,US,newsletter,65.66,7295,629
2025-09-04,Paid Search,BR,brand,221.45,3076,133
2025-09-04,Paid Search,BR,nonbrand,250.64,3481,160
2025-09-04,Paid Search,DE,brand,364.35,5060,242
2025-09-04,Paid Search,DE,nonbrand,315.28,4379,199
2025-09-04,Paid Search,IN,brand,223.87,3109,140
2025-09-04,Paid Search,IN,nonbrand,231.42,3214,132
2025-09-04,Paid Search,UK,brand,471.06,6543,276
2025-09-04,Paid Search,UK,nonbrand,385.69,5357,257
2025-09-04,Paid Search,US,brand,572.1,7946,332
2025-09-04,Paid Search,US,nonbrand,505.56,7022,317
2025-09-04,Paid Social,BR,prospecting,230.25,17711,355
2025-09-04,Paid Social,BR,retargeting,241.7,18593,338
2025-09-04,Paid Social,DE,prospecting,232.18,17860,311
2025-09-04,Paid Social,DE,retargeting,263.11,20239,339
2025-09-04,Paid Social,IN,prospecting,200.92,15455,239
2025-09-04,Paid Social,IN,retargeting,233.85,17988,306
2025-09-04,Paid Social,UK,prospecting,361.83,27833,492
2025-09-04,Paid Social,UK,retargeting,351.35,27027,461
2025-09-04,Paid Social,US,prospecting,446.86,34374,599
2025-09-04,Paid Social,US,retargeting,500.84,38526,747
2025-09-04,Referral,BR,affiliates,80.53,1790,88
2025-09-04,Referral,DE,affiliates,95.39,2120,95
2025-09-04,Referral,IN,affiliates,91.02,2023,96
2025-09-04,Referral,UK,affiliates,139.42,3098,145
2025-09-04,Referral,US,affiliates,231.74,5150,250
2025-09-04,SEO,BR,organic,22.13,3162,216
2025-09-04,SEO,DE,organic,26.39,3769,248
2025-09-04,SEO,IN,organic,18.48,2640,171
2025-09-04,SEO,UK,organic,33.34,4762,317
2025-09-04,SEO,US,organic,52.99,7570,544
2025-09-05,Display,BR,prospecting,83.78,16756,144
2025-09-05,Display,BR,retargeting,93.79,18759,168
2025-09-05,Display,DE,prospecting,103.73,20745,167
2025-09-05,Display,DE,retargeting,118.09,23618,180
2025-09-05,Display,IN,prospecting,89.04,17807,141
2025-09-05,Display,IN,retargeting,83.53,16707,144
2025-09-05,Display,UK,prospecting,113.27,22654,173
2025-09-05,Display,UK,retargeting,126.44,25288,195
2025-09-05,Display,US,prospecting,189.6,37920,303
2025-09-05,Display,US,retargeting,161.61,32323,266
2025-09-05,Email,BR,lifecycle,29.74,3304,274
2025-09-05,Email,BR,newsletter,34.71,3857,348
2025-09-05,Email,DE,lifecycle,25.27,2808,263
2025-09-05,Email,DE,newsletter,28.2,3134,287
2025-09-05,Email,IN,lifecycle,25.93,2881,244
2025-09-05,Email,IN,newsletter,23.08,2565,232
2025-09-05,Email,UK,lifecycle,38.4,4267,349
2025-09-05,Email,UK,newsletter,47.75,5306,503
2025-09-05,Email,US,lifecycle,46.3,5145,507
2025-09-05,Email,US,newsletter,58.79,6533,625
2025-09-05,Paid Search,BR,brand,267.86,3720,161
2025-09-05,Paid Search,BR,nonbrand,259.23,3600,142
2025-09-05,Paid Search,DE,brand,368.31,5115,219
2025-09-05,Paid Search,DE,nonbrand,403.75,5608,258
2025-09-05,Paid Search,IN,brand,242.1,3362,155
2025-09-05,Paid Search,IN,nonbrand,227.02,3153,134
2025-09-05,Paid Search,UK,brand,411.37,5713,264
2025-09-05,Paid Search,UK,nonbrand,468.96,6513,308
2025-09-05,Paid Search,US,brand,648.86,9012,397
2025-09-05,Paid Search,US,nonbrand,609.11,8460,372
2025-09-05,Paid Social,BR,prospecting,197.09,15161,305
2025-09-05,Paid Social,BR,retargeting,246.85,18988,331
2025-09-05,Paid Social,DE,prospecting,274.91,21147,336
2025-09-05,Paid Social,DE,retargeting,237.59,18276,339
2025-09-05,Paid Social,IN,prospecting,227.09,17468,330
2025-09-05,Paid Social,IN,retargeting,217.85,16758,337
2025-09-05,Paid Social,UK,prospecting,338.86,26066,466
2025-09-05,Paid Social,UK,retargeting,359.07,27621,512
2025-09-05,Paid Social,US,prospecting,470.62,36201,657
2025-09-05,Paid Social,US,retargeting,393.53,30271,506
2025-09-05,Referral,BR,affiliates,72.99,1622,87
2025-09-05,Referral,DE,affiliates,111.8,2485,127
2025-09-05,Referral,IN,affiliates,75.78,1684,96
2025-09-05,Referral,UK,affiliates,180.53,4012,192
2025-09-05,Referral,US,affiliates,246.57,5479,250
2025-09-05,SEO,BR,organic,20.1,2871,188
2025-09-05,SEO,DE,organic,28.71,4101,274
2025-09-05,SEO,IN,organic,24.25,3464,225
2025-09-05,SEO,UK,organic,41.41,5915,379
2025-09-05,SEO,US,organic,52.7,7528,519
2025-09-06,Display,BR,prospecting,108.4,21681,184
2025-09-06,Display,BR,retargeting,79.74,15947,128
2025-09-06,Display,DE,prospecting,133.0,26599,216
2025-09-06,Display,DE,retargeting,101.86,20373,160
2025-09-06,Display,IN,prospecting,110.17,22033,197
2025-09-06,Display,IN,retargeting,87.21,17442,141
2025-09-06,Display,UK,prospecting,160.35,32069,226
2025-09-06,Display,UK,retargeting,143.63,28726,241
2025-09-06,Display,US,prospecting,202.91,40583,368
2025-09-06,Display,US,retargeting,175.01,35001,270
2025-09-06,Email,BR,lifecycle,23.59,2622,257
2025-09-06,Email,BR,newsletter,27.93,3103,273
2025-09-06,Email,DE,lifecycle,32.66,3629,318
2025-09-06,Email,DE,newsletter,32.49,3610,318
2025-09-06,Email,IN,lifecycle,25.21,2801,266
2025-09-06,Email,IN,newsletter,28.42,3158,277
2025-09-06,Email,UK,lifecycle,47.14,5237,483
2025-09-06,Email,UK,newsletter,37.51,4168,359
2025-09-06,Email,US,lifecycle,65.23,7248,659
2025-09-06,Email,US,newsletter,67.62,7513,608
2025-09-06,Paid Search,BR,brand,285.92,3971,195
2025-09-06,Paid Search,BR,nonbrand,248.86,3456,161
2025-09-06,Paid Search,DE,brand,340.03,4723,198
2025-09-06,Paid Search,DE,nonbrand,405.17,5627,262
2025-09-06,Paid Search,IN,brand,303.01,4208,199
2025-09-06,Paid Search,IN,nonbrand,260.63,3620,156
2025-09-06,Paid Search,UK,brand,437.15,6072,271
2025-09-06,Paid Search,UK,nonbrand,487.54,6771,306
2025-09-06,Paid Search,US,brand,704.24,9781,433
2025-09-06,Paid Search,US,nonbrand,626.27,8698,391
2025-09-06,Paid Social,BR,prospecting,227.5,17500,297
2025-09-06,Paid Social,BR,retargeting,287.11,22085,352
2025-09-06,Paid Social,DE,prospecting,313.55,24119,400
2025-09-06,Paid Social,DE,retargeting,284.22,21863,398
2025-09-06,Paid Social,IN,prospecting,224.71,17286,304
2025-09-06,Paid Social,IN,retargeting,247.48,19037,359
2025-09-06,Paid Social,UK,prospecting,407.12,31317,531
2025-09-06,Paid Social,UK,retargeting,377.59,29045,555
2025-09-06,Paid Social,US,prospecting,487.28,37483,620
2025-09-06,Paid Social,US,retargeting,419.14,32241,596
2025-09-06,Referral,BR,affiliates,97.09,2158,115
2025-09-06,Referral,DE,affiliates,105.11,2336,115
2025-09-06,Referral,IN,affiliates,89.38,1986,102
2025-09-06,Referral,UK,affiliates,164.5,3656,184
2025-09-06,Referral,US,affiliates,241.23,5361,293
2025-09-06,SEO,BR,organic,24.7,3529,249
2025-09-06,SEO,DE,organic,34.73,4962,337
2025-09-06,SEO,IN,organic,19.9,2843,199
2025-09-06,SEO,UK,organic,35.58,5083,344
2025-09-06,SEO,US,organic,67.99,9713,804
2025-09-07,Display,BR,prospecting,107.82,21564,152
2025-09-07,Display,BR,retargeting,91.5,18300,151
2025-09-07,Display,DE,prospecting,130.04,26009,188
2025-09-07,Display,DE,retargeting,98.32,19664,147
2025-09-07,Display,IN,prospecting,81.95,16391,148
2025-09-07,Display,IN,retargeting,76.07,15214,136
2025-09-07,Display,UK,prospecting,176.28,35256,272
2025-09-07,Display,UK,retargeting,143.16,28631,230
2025-09-07,Display,US,prospecting,198.71,39741,332
2025-09-07,Display,US,retargeting,208.11,41622,337
2025-09-07,Email,BR,lifecycle,28.81,3201,268
2025-09-07,Email,BR,newsletter,32.71,3635,317
2025-09-07,Email,DE,lifecycle,28.3,3144,293
2025-09-07,Email,DE,newsletter,33.09,3677,310
2025-09-07,Email,IN,lifecycle,23.83,2648,245
2025-09-07,Email,IN,newsletter,26.78,2976,258
2025-09-07,Email,UK,lifecycle,53.97,5997,552
2025-09-07,Email,UK,newsletter,38.01,4223,368
2025-09-07,Email,US,lifecycle,61.88,6875,583
2025-09-07,Email,US,newsletter,59.33,6592,602
2025-09-07,Paid Search,BR,brand,313.26,4351,198
2025-09-07,Paid Search,BR,nonbrand,301.02,4181,223
2025-09-07,Paid Search,DE,brand,257.73,3580,140
2025-09-07,Paid Search,DE,nonbrand,274.1,3807,159
2025-09-07,Paid Search,IN,brand,260.85,3623,155
2025-09-07,Paid Search,IN,nonbrand,276.89,3846,171
2025-09-07,Paid Search,UK,brand,509.54,7077,283
2025-09-07,Paid Search,UK,nonbrand,487.22,6767,298
2025-09-07,Paid Search,US,brand,700.44,9728,398
2025-09-07,Paid Search,US,nonbrand,728.47,10118,454
2025-09-07,Paid Social,BR,prospecting,219.48,16883,314
2025-09-07,Paid Social,BR,retargeting,185.95,14304,235
2025-09-07,Paid Social,DE,prospecting,226.98,17460,314
2025-09-07,Paid Social,DE,retargeting,317.91,24455,397
2025-09-07,Paid Social,IN,prospecting,203.88,15683,278
2025-09-07,Paid Social,IN,retargeting,248.61,19124,307
2025-09-07,Paid Social,UK,prospecting,447.31,34409,583
2025-09-07,Paid Social,UK,retargeting,437.32,33640,622
2025-09-07,Paid Social,US,prospecting,518.72,39901,707
2025-09-07,Paid Social,US,retargeting,531.75,40904,715
2025-09-07,Referral,BR,affiliates,104.71,2327,131
2025-09-07,Referral,DE,affiliates,128.15,2848,150
2025-09-07,Referral,IN,affiliates,80.06,1779,92
2025-09-07,Referral,UK,affiliates,195.34,4341,232
2025-09-07,Referral,US,affiliates,211.2,4693,226
2025-09-07,SEO,BR,organic,24.36,3480,246
2025-09-07,SEO,DE,organic,31.19,4456,319
2025-09-07,SEO,IN,organic,25.27,3610,229
2025-09-07,SEO,UK,organic,38.71,5530,393
2025-09-07,SEO,US,organic,57.97,8282,615
2025-09-08,Display,BR,prospecting,86.99,17397,150
2025-09-08,Display,BR,retargeting,98.66,19732,149
2025-09-08,Display,DE,prospecting,89.36,17872,138
2025-09-08,Display,DE,retargeting,102.93,20585,157
2025-09-08,Display,IN,prospecting,85.74,17148,162
2025-09-08,Display,IN,retargeting,76.05,15211,112
2025-09-08,Display,UK,prospecting,144.99,28998,249
2025-09-08,Display,UK,retargeting,140.05,28010,235
2025-09-08,Display,US,prospecting,146.28,29255,221
2025-09-08,Display,US,retargeting,195.21,39041,323
2025-09-08,Email,BR,lifecycle,22.76,2529,228
2025-09-08,Email,BR,newsletter,23.47,2607,256
2025-09-08,Email,DE,lifecycle,32.5,3611,331
2025-09-08,Email,DE,newsletter,43.48,4831,441
2025-09-08,Email,IN,lifecycle,17.27,1918,194
2025-09-08,Email,IN,newsletter,24.16,2685,244
2025-09-08,Email,UK,lifecycle,45.5,5055,479
2025-09-08,Email,UK,newsletter,45.69,5076,475
2025-09-08,Email,US,lifecycle,67.35,7483,638
2025-09-08,Email,US,newsletter,45.0,5000,449
2025-09-08,Paid Search,BR,brand,273.11,3793,165
2025-09-08,Paid Search,BR,nonbrand,298.18,4141,185
2025-09-08,Paid Search,DE,brand,343.93,4777,212
2025-09-08,Paid Search,DE,nonbrand,294.63,4092,183
2025-09-08,Paid Search,IN,brand,273.82,3803,168
2025-09-08,Paid Search,IN,nonbrand,254.59,3536,152
2025-09-08,Paid Search,UK,brand,417.15,5794,275
2025-09-08,Paid Search,UK,nonbrand,441.34,6130,293
2025-09-08,Paid Search,US,brand,579.08,8043,341
2025-09-08,Paid Search,US,nonbrand,576.85,8012,364
2025-09-08,Paid Social,BR,prospecting,146.32,11255,213
2025-09-08,Paid Social,BR,retargeting,191.55,14735,258
2025-09-08,Paid Social,DE,prospecting,288.78,22214,355
2025-09-08,Paid Social,DE,retargeting,250.57,19275,368
2025-09-08,Paid Social,IN,prospecting,186.52,14348,271
2025-09-08,Paid Social,IN,retargeting,192.74,14826,238
2025-09-08,Paid Social,UK,prospecting,383.46,29497,579
2025-09-08,Paid Social,UK,retargeting,405.83,31217,516
2025-09-08,Paid Social,US,prospecting,582.81,44831,842
2025-09-08,Paid Social,US,retargeting,416.11,32008,586
2025-09-08,Referral,BR,affiliates,86.05,1912,95
2025-09-08,Referral,DE,affiliates,106.3,2362,112
2025-09-08,Referral,IN,affiliates,79.98,1777,94
2025-09-08,Referral,UK,affiliates,176.55,3923,179
2025-09-08,Referral,US,affiliates,181.12,4025,200
2025-09-08,SEO,BR,organic,25.07,3581,258
2025-09-08,SEO,DE,organic,27.24,3892,262
2025-09-08,SEO,IN,organic,27.73,3961,272
2025-09-08,SEO,UK,organic,37.74,5392,337
2025-09-08,SEO,US,organic,46.43,6633,532
2025-09-09,Display,BR,prospecting,79.09,15819,125
2025-09-09,Display,BR,retargeting,78.3,15661,132
2025-09-09,Display,DE,prospecting,104.7,20941,178
2025-09-09,Display,DE,retargeting,115.61,23121,182
2025-09-09,Display,IN,prospecting,78.08,15615,139
2025-09-09,Display,IN,retargeting,92.3,18460,154
2025-09-09,Display,UK,prospecting,126.68,25336,188
2025-09-09,Display,UK,retargeting,135.97,27195,205
2025-09-09,Display,US,prospecting,223.4,44681,359
2025-09-09,Display,US,retargeting,200.51,40102,322
2025-09-09,Email,BR,lifecycle,21.4,2378,212
2025-09-09,Email,BR,newsletter,29.42,3269,293
2025-09-09,Email,DE,lifecycle,33.21,3690,331
2025-09-09,Email,DE,newsletter,31.91,3545,268
2025-09-09,Email,IN,lifecycle,21.57,2396,226
2025-09-09,Email,IN,newsletter,23.42,2602,225
2025-09-09,Email,UK,lifecycle,31.48,3498,343
2025-09-09,Email,UK,newsletter,38.8,4311,353
2025-09-09,Email,US,lifecycle,58.78,6532,636
2025-09-09,Email,US,newsletter,41.8,4644,450
2025-09-09,Paid Search,BR,brand,182.75,2538,113
2025-09-09,Paid Search,BR,nonbrand,305.53,4243,190
2025-09-09,Paid Search,DE,brand,340.91,4735,206
2025-09-09,Paid Search,DE,nonbrand,293.95,4083,202
2025-09-09,Paid Search,IN,brand,252.4,3506,132
2025-09-09,Paid Search,IN,nonbrand,249.93,3471,163
2025-09-09,Paid Search,UK,brand,360.91,5013,217
2025-09-09,Paid Search,UK,nonbrand,428.51,5952,268
2025-09-09,Paid Search,US,brand,516.96,7180,306
2025-09-09,Paid Search,US,nonbrand,522.23,7253,280
2025-09-09,Paid Social,BR,prospecting,216.22,16633,313
2025-09-09,Paid Social,BR,retargeting,230.93,17764,318
2025-09-09,Paid Social,DE,prospecting,212.84,16372,289
2025-09-09,Paid Social,DE,retargeting,280.4,21569,384
2025-09-09,Paid Social,IN,prospecting,208.48,16037,313
2025-09-09,Paid Social,IN,retargeting,204.41,15724,266
2025-09-09,Paid Social,UK,prospecting,384.39,29569,501
2025-09-09,Paid Social,UK,retargeting,402.56,30966,526
2025-09-09,Paid Social,US,prospecting,551.16,42397,791
2025-09-09,Paid Social,US,retargeting,479.0,36846,633
2025-09-09,Referral,BR,affiliates,105.02,2334,119
2025-09-09,Referral,DE,affiliates,97.64,2170,101
2025-09-09,Referral,IN,affiliates,79.91,1776,82
2025-09-09,Referral,UK,affiliates,156.2,3471,161
2025-09-09,Referral,US,affiliates,218.46,4855,274
2025-09-09,SEO,BR,organic,22.85,3264,217
2025-09-09,SEO,DE,organic,28.3,4043,284
2025-09-09,SEO,IN,organic,22.52,3217,216
2025-09-09,SEO,UK,organic,37.21,5316,362
2025-09-09,SEO,US,organic,44.93,6419,438
2025-09-10,Display,BR,prospecting,98.4,19679,159
2025-09-10,Display,BR,retargeting,74.88,14975,128
2025-09-10,Display,DE,prospecting,100.62,20123,163
2025-09-10,Display,DE,retargeting,112.01,22402,174
2025-09-10,Display,IN,prospecting,82.71,16543,151
2025-09-10,Display,IN,retargeting,83.07,16614,125
2025-09-10,Display,UK,prospecting,124.92,24983,208
2025-09-10,Display,UK,retargeting,138.4,27681,235
2025-09-10,Display,US,prospecting,167.83,33567,266
2025-09-10,Display,US,retargeting,181.3,36261,298
2025-09-10,Email,BR,lifecycle,28.47,3163,282
2025-09-10,Email,BR,newsletter,23.05,2561,264
2025-09-10,Email,DE,lifecycle,32.44,3605,347
2025-09-10,Email,DE,newsletter,28.76,3195,292
2025-09-10,Email,IN,lifecycle,24.94,2771,243
2025-09-10,Email,IN,newsletter,24.26,2696,231
2025-09-10,Email,UK,lifecycle,45.84,5094,436
2025-09-10,Email,UK,newsletter,47.1,5233,499
2025-09-10,Email,US,lifecycle,62.78,6976,558
2025-09-10,Email,US,newsletter,50.91,5657,552
2025-09-10,Paid Search,BR,brand,231.17,3211,156
2025-09-10,Paid Search,BR,nonbrand,261.43,3631,171
2025-09-10,Paid Search,DE,brand,330.84,4595,188
2025-09-10,Paid Search,DE,nonbrand,315.94,4388,218
2025-09-10,Paid Search,IN,brand,279.62,3884,168
2025-09-10,Paid Search,IN,nonbrand,227.18,3155,128
2025-09-10,Paid Search,UK,brand,367.49,5104,222
2025-09-10,Paid Search,UK,nonbrand,460.88,6401,274
2025-09-10,Paid Search,US,brand,499.53,6938,358
2025-09-10,Paid Search,US,nonbrand,557.19,7739,388
2025-09-10,Paid Social,BR,prospecting,208.01,16001,282
2025-09-10,Paid Social,BR,retargeting,201.08,15468,269
2025-09-10,Paid Social,DE,prospecting,262.08,20160,333
2025-09-10,Paid Social,DE,retargeting,231.29,17792,323
2025-09-10,Paid Social,IN,prospecting,214.14,16472,306
2025-09-10,Paid Social,IN,retargeting,213.06,16389,323
2025-09-10,Paid Social,UK,prospecting,380.23,29248,561
2025-09-10,Paid Social,UK,retargeting,355.57,27352,527
2025-09-10,Paid Social,US,prospecting,469.38,36106,619
2025-09-10,Paid Social,US,retargeting,486.45,37419,604
2025-09-10,Referral,BR,affiliates,110.81,2462,125
2025-09-10,Referral,DE,affiliates,123.39,2742,143
2025-09-10,Referral,IN,affiliates,87.29,1940,91
2025-09-10,Referral,UK,affiliates,158.59,3524,184
2025-09-10,Referral,US,affiliates,193.72,4305,207
2025-09-10,SEO,BR,organic,17.5,2500,165
2025-09-10,SEO,DE,organic,25.63,3662,269
2025-09-10,SEO,IN,organic,23.75,3393,233
2025-09-10,SEO,UK,organic,29.68,4240,308
2025-09-10,SEO,US,organic,50.75,7250,515
2025-09-11,Display,BR,prospecting,64.3,12859,110
2025-09-11,Display,BR,retargeting,85.7,17141,133
2025-09-11,Display,DE,prospecting,88.44,17687,142
2025-09-11,Display,DE,retargeting,134.24,26847,205
2025-09-11,Display,IN,prospecting,78.22,15644,128
2025-09-11,Display,IN,retargeting,76.31,15262,130
2025-09-11,Display,UK,prospecting,125.93,25185,236
2025-09-11,Display,UK,retargeting,155.73,31147,257
2025-09-11,Display,US,prospecting,194.92,38984,307
2025-09-11,Display,US,retargeting,212.12,42424,322
2025-09-11,Email,BR,lifecycle,24.68,2742,242
2025-09-11,Email,BR,newsletter,25.41,2824,262
2025-09-11,Email,DE,lifecycle,36.34,4038,349
2025-09-11,Email,DE,newsletter,30.14,3349,307
2025-09-11,Email,IN,lifecycle,19.59,2176,199
2025-09-11,Email,IN,newsletter,20.56,2285,186
2025-09-11,Email,UK,lifecycle,40.2,4467,415
2025-09-11,Email,UK,newsletter,34.15,3794,309
2025-09-11,Email,US,lifecycle,60.81,6756,663
2025-09-11,Email,US,newsletter,60.87,6763,574
2025-09-11,Paid Search,BR,brand,258.93,3596,176
2025-09-11,Paid Search,BR,nonbrand,272.26,3781,187
2025-09-11,Paid Search,DE,brand,355.88,4943,228
2025-09-11,Paid Search,DE,nonbrand,316.08,4390,209
2025-09-11,Paid Search,IN,brand,231.83,3220,140
2025-09-11,Paid Search,IN,nonbrand,217.59,3022,123
2025-09-11,Paid Search,UK,brand,377.67,5245,221
2025-09-11,Paid Search,UK,nonbrand,472.15,6558,265
2025-09-11,Paid Search,US,brand,596.79,8289,413
2025-09-11,Paid Search,US,nonbrand,480.64,6676,298
2025-09-11,Paid Social,BR,prospecting,244.63,18818,365
2025-09-11,Paid Social,BR,retargeting,234.18,18014,331
2025-09-11,Paid Social,DE,prospecting,228.28,17560,347
2025-09-11,Paid Social,DE,retargeting,290.15,22320,420
2025-09-11,Paid Social,IN,prospecting,217.84,16757,337
2025-09-11,Paid Social,IN,retargeting,167.74,12903,245
2025-09-11,Paid Social,UK,prospecting,295.17,22705,398
2025-09-11,Paid Social,UK,retargeting,316.72,24363,417
2025-09-11,Paid Social,US,prospecting,408.33,31410,526
2025-09-11,Paid Social,US,retargeting,488.06,37543,662
2025-09-11,Referral,BR,affiliates,69.64,1548,78
2025-09-11,Referral,DE,affiliates,113.34,2519,124
2025-09-11,Referral,IN,affiliates,91.88,2042,103
2025-09-11,Referral,UK,affiliates,147.68,3282,151
2025-09-11,Referral,US,affiliates,194.39,4320,212
2025-09-11,SEO,BR,organic,23.69,3384,235
2025-09-11,SEO,DE,organic,24.92,3561,266
2025-09-11,SEO,IN,organic,23.41,3345,250
2025-09-11,SEO,UK,organic,33.35,4765,331
2025-09-11,SEO,US,organic,42.71,6102,395
2025-09-12,Display,BR,prospecting,89.25,17850,157
2025-09-12,Display,BR,retargeting,85.77,17155,142
2025-09-12,Display,DE,prospecting,87.44,17487,142
2025-09-12,Display,DE,retargeting,111.45,22290,164
2025-09-12,Display,IN,prospecting,57.56,11513,93
2025-09-12,Display,IN,retargeting,68.11,13623,113
2025-09-12,Display,UK,prospecting,167.02,33403,291
2025-09-12,Display,UK,retargeting,109.1,21820,187
2025-09-12,Display,US,prospecting,158.13,31625,228
2025-09-12,Display,US,retargeting,170.94,34188,306
2025-09-12,Email,BR,lifecycle,30.69,3409,321
2025-09-12,Email,BR,newsletter,27.06,3007,266
2025-09-12,Email,DE,lifecycle,26.07,2896,261
2025-09-12,Email,DE,newsletter,26.04,2893,257
2025-09-12,Email,IN,lifecycle,26.89,2988,276
2025-09-12,Email,IN,newsletter,25.48,2832,256
2025-09-12,Email,UK,lifecycle,44.96,4995,413
2025-09-12,Email,UK,newsletter,41.87,4652,413
2025-09-12,Email,US,lifecycle,64.2,7134,612
2025-09-12,Email,US,newsletter,66.11,7345,668
2025-09-12,Paid Search,BR,brand,248.26,3448,148
2025-09-12,Paid Search,BR,nonbrand,249.53,3466,165
2025-09-12,Paid Search,DE,brand,273.35,3796,166
2025-09-12,Paid Search,DE,nonbrand,432.01,6000,275
2025-09-12,Paid Search,IN,brand,299.86,4165,176
2025-09-12,Paid Search,IN,nonbrand,203.83,2831,125
2025-09-12,Paid Search,UK,brand,448.96,6236,270
2025-09-12,Paid Search,UK,nonbrand,470.01,6528,286
2025-09-12,Paid Search,US,brand,598.0,8306,365
2025-09-12,Paid Search,US,nonbrand,599.85,8331,388
2025-09-12,Paid Social,BR,prospecting,211.98,16306,294
2025-09-12,Paid Social,BR,retargeting,217.11,16700,290
2025-09-12,Paid Social,DE,prospecting,310.28,23868,485
2025-09-12,Paid Social,DE,retargeting,274.75,21134,388
2025-09-12,Paid Social,IN,prospecting,188.09,14469,268
2025-09-12,Paid Social,IN,retargeting,167.93,12917,255
2025-09-12,Paid Social,UK,prospecting,315.95,24304,437
2025-09-12,Paid Social,UK,retargeting,434.64,33434,637
2025-09-12,Paid Social,US,prospecting,553.14,42549,767
2025-09-12,Paid Social,US,retargeting,424.93,32687,614
2025-09-12,Referral,BR,affiliates,86.22,1916,102
2025-09-12,Referral,DE,affiliates,96.01,2134,112
2025-09-12,Referral,IN,affiliates,94.95,2110,108
2025-09-12,Referral,UK,affiliates,135.83,3019,141
2025-09-12,Referral,US,affiliates,197.9,4398,223
2025-09-12,SEO,BR,organic,26.89,3841,265
2025-09-12,SEO,DE,organic,32.32,4618,337
2025-09-12,SEO,IN,organic,19.33,2761,181
2025-09-12,SEO,UK,organic,37.56,5366,377
2025-09-12,SEO,US,organic,46.48,6640,456
2025-09-13,Display,BR,prospecting,99.44,19888,169
2025-09-13,Display,BR,retargeting,98.43,19687,160
2025-09-13,Display,DE,prospecting,103.13,20625,151
2025-09-13,Display,DE,retargeting,109.68,21937,196
2025-09-13,Display,IN,prospecting,81.71,16343,133
2025-09-13,Display,IN,retargeting,76.56,15311,136
2025-09-13,Display,UK,prospecting,150.92,30183,243
2025-09-13,Display,UK,retargeting,134.44,26887,228
2025-09-13,Display,US,prospecting,220.81,44163,362
2025-09-13,Display,US,retargeting,220.96,44192,313
2025-09-13,Email,BR,lifecycle,24.05,2673,241
2025-09-13,Email,BR,newsletter,29.68,3298,307
2025-09-13,Email,DE,lifecycle,30.97,3441,290
2025-09-13,Email,DE,newsletter,33.58,3731,334
2025-09-13,Email,IN,lifecycle,23.36,2595,250
2025-09-13,Email,IN,newsletter,27.67,3074,294
2025-09-13,Email,UK,lifecycle,44.85,4983,411
2025-09-13,Email,UK,newsletter,45.48,5053,411
2025-09-13,Email,US,lifecycle,55.09,6122,615
2025-09-13,Email,US,newsletter,63.89,7098,617
2025-09-13,Paid Search,BR,brand,289.71,4024,181
2025-09-13,Paid Search,BR,nonbrand,291.37,4047,159
2025-09-13,Paid Search,DE,brand,425.07,5904,249
2025-09-13,Paid Search,DE,nonbrand,298.23,4142,175
2025-09-13,Paid Search,IN,brand,236.54,3285,149
2025-09-13,Paid Search,IN,nonbrand,233.29,3240,144
2025-09-13,Paid Search,UK,brand,464.48,6451,298
2025-09-13,Paid Search,UK,nonbrand,451.16,6266,295
2025-09-13,Paid Search,US,brand,711.76,9885,435
2025-09-13,Paid Search,US,nonbrand,660.15,9169,378
2025-09-13,Paid Social,BR,prospecting,193.96,14920,271
2025-09-13,Paid Social,BR,retargeting,271.61,20893,355
2025-09-13,Paid Social,DE,prospecting,245.79,18907,319
2025-09-13,Paid Social,DE,retargeting,244.25,18789,362
2025-09-13,Paid Social,IN,prospecting,213.71,16439,301
2025-09-13,Paid Social,IN,retargeting,176.68,13590,245
2025-09-13,Paid Social,UK,prospecting,371.2,28554,531
2025-09-13,Paid Social,UK,retargeting,419.67,32282,566
2025-09-13,Paid Social,US,prospecting,510.74,39288,731
2025-09-13,Paid Social,US,retargeting,569.17,43782,802
2025-09-13,Referral,BR,affiliates,70.75,1572,71
2025-09-13,Referral,DE,affiliates,104.39,2320,116
2025-09-13,Referral,IN,affiliates,82.32,1829,103
2025-09-13,Referral,UK,affiliates,173.97,3866,206
2025-09-13,Referral,US,affiliates,242.4,5387,243
2025-09-13,SEO,BR,organic,24.44,3492,241
2025-09-13,SEO,DE,organic,36.43,5204,374
2025-09-13,SEO,IN,organic,23.1,3301,243
2025-09-13,SEO,UK,organic,37.62,5374,342
2025-09-13,SEO,US,organic,53.2,7599,513
2025-09-14,Display,BR,prospecting,82.09,16419,133
2025-09-14,Display,BR,retargeting,76.08,15216,125
2025-09-14,Display,DE,prospecting,105.18,21036,167
2025-09-14,Display,DE,retargeting,98.45,19689,153
2025-09-14,Display,IN,prospecting,93.58,18716,150
2025-09-14,Display,IN,retargeting,83.62,16725,138
2025-09-14,Display,UK,prospecting,121.32,24264,204
2025-09-14,Display,UK,retargeting,164.14,32828,261
2025-09-14,Display,US,prospecting,185.77,37154,273
2025-09-14,Display,US,retargeting,210.37,42074,348
2025-09-14,Email,BR,lifecycle,22.23,2470,214
2025-09-14,Email,BR,newsletter,23.17,2574,233
2025-09-14,Email,DE,lifecycle,35.88,3987,337
2025-09-14,Email,DE,newsletter,41.78,4642,386
2025-09-14,Email,IN,lifecycle,25.65,2850,277
2025-09-14,Email,IN,newsletter,24.0,2667,250
2025-09-14,Email,UK,lifecycle,40.87,4541,395
2025-09-14,Email,UK,newsletter,48.21,5356,452
2025-09-14,Email,US,lifecycle,63.0,6999,627
2025-09-14,Email,US,newsletter,53.76,5973,528
2025-09-14,Paid Search,BR,brand,299.37,4158,188
2025-09-14,Paid Search,BR,nonbrand,283.77,3941,183
2025-09-14,Paid Search,DE,brand,302.48,4201,183
2025-09-14,Paid Search,DE,nonbrand,351.22,4878,229
2025-09-14,Paid Search,IN,brand,227.62,3161,142
2025-09-14,Paid Search,IN,nonbrand,251.27,3490,143
2025-09-14,Paid Search,UK,brand,493.54,6855,305
2025-09-14,Paid Search,UK,nonbrand,531.63,7384,378
2025-09-14,Paid Search,US,brand,696.51,9674,405
2025-09-14,Paid Search,US,nonbrand,797.61,11078,484
2025-09-14,Paid Social,BR,prospecting,220.83,16987,278
2025-09-14,Paid Social,BR,retargeting,256.4,19723,368
2025-09-14,Paid Social,DE,prospecting,228.45,17573,321
2025-09-14,Paid Social,DE,retargeting,277.2,21323,377
2025-09-14,Paid Social,IN,prospecting,223.54,17195,314
2025-09-14,Paid Social,IN,retargeting,206.19,15861,282
2025-09-14,Paid Social,UK,prospecting,346.73,26671,463
2025-09-14,Paid Social,UK,retargeting,359.0,27615,501
2025-09-14,Paid Social,US,prospecting,406.52,31270,577
2025-09-14,Paid Social,US,retargeting,507.26,39020,719
2025-09-14,Referral,BR,affiliates,104.94,2332,120
2025-09-14,Referral,DE,affiliates,124.57,2768,154
2025-09-14,Referral,IN,affiliates,92.98,2066,97
2025-09-14,Referral,UK,affiliates,172.63,3836,189
2025-09-14,Referral,US,affiliates,266.2,5915,265
2025-09-14,SEO,BR,organic,27.19,3884,260
2025-09-14,SEO,DE,organic,23.85,3408,237
2025-09-14,SEO,IN,organic,19.72,2818,190
2025-09-14,SEO,UK,organic,45.99,6570,457
2025-09-14,SEO,US,organic,51.92,7418,613
2025-09-15,Display,BR,prospecting,94.08,18815,138
2025-09-15,Display,BR,retargeting,58.46,11693,98
2025-09-15,Display,DE,prospecting,108.87,21774,189
2025-09-15,Display,DE,retargeting,120.21,24042,196
2025-09-15,Display,IN,prospecting,70.12,14025,113
2025-09-15,Display,IN,retargeting,79.77,15954,125
2025-09-15,Display,UK,prospecting,146.86,29372,216
2025-09-15,Display,UK,retargeting,149.7,29941,237
2025-09-15,Display,US,prospecting,163.69,32738,222
2025-09-15,Display,US,retargeting,203.19,40638,332
2025-09-15,Email,BR,lifecycle,23.82,2646,239
2025-09-15,Email,BR,newsletter,22.64,2516,245
2025-09-15,Email,DE,lifecycle,32.59,3621,299
2025-09-15,Email,DE,newsletter,32.86,3651,356
2025-09-15,Email,IN,lifecycle,22.05,2451,218
2025-09-15,Email,IN,newsletter,24.38,2709,266
2025-09-15,Email,UK,lifecycle,41.76,4640,428
2025-09-15,Email,UK,newsletter,36.91,4101,398
2025-09-15,Email,US,lifecycle,55.9,6211,583
2025-09-15,Email,US,newsletter,51.51,5723,534
2025-09-15,Paid Search,BR,brand,271.15,3766,159
2025-09-15,Paid Search,BR,nonbrand,254.47,3534,184
2025-09-15,Paid Search,DE,brand,344.28,4782,229
2025-09-15,Paid Search,DE,nonbrand,339.25,4712,210
2025-09-15,Paid Search,IN,brand,198.01,2750,107
2025-09-15,Paid Search,IN,nonbrand,209.79,2914,126
2025-09-15,Paid Search,UK,brand,399.58,5550,255
2025-09-15,Paid Search,UK,nonbrand,432.72,6010,271
2025-09-15,Paid Search,US,brand,559.56,7772,310
2025-09-15,Paid Search,US,nonbrand,526.15,7308,316
2025-09-15,Paid Social,BR,prospecting,157.74,12134,227
2025-09-15,Paid Social,BR,retargeting,237.4,18261,356
2025-09-15,Paid Social,DE,prospecting,267.44,20573,349
2025-09-15,Paid Social,DE,retargeting,292.65,22512,430
2025-09-15,Paid Social,IN,prospecting,184.14,14165,235
2025-09-15,Paid Social,IN,retargeting,185.32,14255,237
2025-09-15,Paid Social,UK,prospecting,306.14,23549,438
2025-09-15,Paid Social,UK,retargeting,410.94,31611,522
2025-09-15,Paid Social,US,prospecting,514.32,39563,690
2025-09-15,Paid Social,US,retargeting,498.9,38377,700
2025-09-15,Referral,BR,affiliates,82.52,1834,103
2025-09-15,Referral,DE,affiliates,89.79,1995,104
2025-09-15,Referral,IN,affiliates,71.51,1589,87
2025-09-15,Referral,UK,affiliates,120.66,2681,132
2025-09-15,Referral,US,affiliates,227.07,5046,245
2025-09-15,SEO,BR,organic,21.1,3014,215
2025-09-15,SEO,DE,organic,30.04,4291,290
2025-09-15,SEO,IN,organic,23.78,3397,231
2025-09-15,SEO,UK,organic,43.27,6181,433
2025-09-15,SEO,US,organic,54.95,7850,527
2025-09-16,Display,BR,prospecting,83.8,16760,118
2025-09-16,Display,BR,retargeting,93.36,18672,154
2025-09-16,Display,DE,prospecting,118.25,23650,202
2025-09-16,Display,DE,retargeting,105.0,21001,150
2025-09-16,Display,IN,prospecting,85.58,17115,143
2025-09-16,Display,IN,retargeting,82.29,16458,128
2025-09-16,Display,UK,prospecting,142.48,28496,206
2025-09-16,Display,UK,retargeting,122.31,24462,217
2025-09-16,Display,US,prospecting,193.56,38711,303
2025-09-16,Display,US,retargeting,215.97,43195,359
2025-09-16,Email,BR,lifecycle,33.97,3774,314
2025-09-16,Email,BR,newsletter,27.07,3008,252
2025-09-16,Email,DE,lifecycle,26.55,2950,250
2025-09-16,Email,DE,newsletter,34.94,3882,342
2025-09-16,Email,IN,lifecycle,19.85,2206,184
2025-09-16,Email,IN,newsletter,18.36,2040,176
2025-09-16,Email,UK,lifecycle,39.81,4423,438
2025-09-16,Email,UK,newsletter,32.11,3568,341
2025-09-16,Email,US,lifecycle,61.19,6799,700
2025-09-16,Email,US,newsletter,66.01,7334,647
2025-09-16,Paid Search,BR,brand,245.71,3413,153
2025-09-16,Paid Search,BR,nonbrand,256.36,3561,166
2025-09-16,Paid Search,DE,brand,251.41,3492,163
2025-09-16,Paid Search,DE,nonbrand,315.18,4378,204
2025-09-16,Paid Search,IN,brand,295.84,4109,187
2025-09-16,Paid Search,IN,nonbrand,233.84,3248,143
2025-09-16,Paid Search,UK,brand,428.32,5949,274
2025-09-16,Paid Search,UK,nonbrand,452.22,6281,270
2025-09-16,Paid Search,US,brand,482.72,6704,300
2025-09-16,Paid Search,US,nonbrand,549.2,7628,374
2025-09-16,Paid Social,BR,prospecting,179.62,13817,245
2025-09-16,Paid Social,BR,retargeting,199.77,15367,258
2025-09-16,Paid Social,DE,prospecting,249.66,19205,339
2025-09-16,Paid Social,DE,retargeting,223.01,17155,311
2025-09-16,Paid Social,IN,prospecting,166.41,12801,244
2025-09-16,Paid Social,IN,retargeting,159.46,12266,225
2025-09-16,Paid Social,UK,prospecting,271.58,20891,330
2025-09-16,Paid Social,UK,retargeting,327.76,25212,437
2025-09-16,Paid Social,US,prospecting,531.07,40851,748
2025-09-16,Paid Social,US,retargeting,404.97,31152,574
2025-09-16,Referral,BR,affiliates,84.55,1879,102
2025-09-16,Referral,DE,affiliates,115.15,2559,131
2025-09-16,Referral,IN,affiliates,81.1,1802,89
2025-09-16,Referral,UK,affiliates,147.96,3288,178
2025-09-16,Referral,US,affiliates,201.99,4489,218
2025-09-16,SEO,BR,organic,23.94,3420,226
2025-09-16,SEO,DE,organic,30.91,4416,319
2025-09-16,SEO,IN,organic,17.87,2553,184
2025-09-16,SEO,UK,organic,32.34,4620,320
2025-09-16,SEO,US,organic,45.97,6568,453
2025-09-17,Display,BR,prospecting,78.4,15680,132
2025-09-17,Display,BR,retargeting,72.99,14598,116
2025-09-17,Display,DE,prospecting,111.33,22266,177
2025-09-17,Display,DE,retargeting,85.91,17183,149
2025-09-17,Display,IN,prospecting,78.6,15720,122
2025-09-17,Display,IN,retargeting,80.48,16097,127
2025-09-17,Display,UK,prospecting,132.29,26458,212
2025-09-17,Display,UK,retargeting,149.22,29843,235
2025-09-17,Display,US,prospecting,172.89,34578,264
2025-09-17,Display,US,retargeting,178.45,35690,273
2025-09-17,Email,BR,lifecycle,27.69,3076,285
2025-09-17,Email,BR,newsletter,24.06,2673,215
2025-09-17,Email,DE,lifecycle,35.98,3998,362
2025-09-17,Email,DE,newsletter,28.03,3114,264
2025-09-17,Email,IN,lifecycle,24.29,2699,216
2025-09-17,Email,IN,newsletter,23.57,2619,248
2025-09-17,Email,UK,lifecycle,43.5,4833,483
2025-09-17,Email,UK,newsletter,42.81,4757,458
2025-09-17,Email,US,lifecycle,58.37,6485,572
2025-09-17,Email,US,newsletter,47.72,5302,483
2025-09-17,Paid Search,BR,brand,195.92,2721,122
2025-09-17,Paid Search,BR,nonbrand,265.33,3685,154
2025-09-17,Paid Search,DE,brand,279.49,3882,173
2025-09-17,Paid Search,DE,nonbrand,318.76,4427,192
2025-09-17,Paid Search,IN,brand,253.4,3519,150
2025-09-17,Paid Search,IN,nonbrand,203.98,2833,124
2025-09-17,Paid Search,UK,brand,450.96,6263,304
2025-09-17,Paid Search,UK,nonbrand,433.67,6023,252
2025-09-17,Paid Search,US,brand,544.6,7564,320
2025-09-17,Paid Search,US,nonbrand,527.16,7322,318
2025-09-17,Paid Social,BR,prospecting,225.73,17364,321
2025-09-17,Paid Social,BR,retargeting,207.28,15945,291
2025-09-17,Paid Social,DE,prospecting,214.84,16526,330
2025-09-17,Paid Social,DE,retargeting,228.48,17575,326
2025-09-17,Paid Social,IN,prospecting,173.66,13358,205
2025-09-17,Paid Social,IN,retargeting,195.7,15054,268
2025-09-17,Paid Social,UK,prospecting,293.08,22544,417
2025-09-17,Paid Social,UK,retargeting,408.74,31441,536
2025-09-17,Paid Social,US,prospecting,334.53,25733,505
2025-09-17,Paid Social,US,retargeting,461.81,35524,660
2025-09-17,Referral,BR,affiliates,101.82,2263,122
2025-09-17,Referral,DE,affiliates,129.84,2885,151
2025-09-17,Referral,IN,affiliates,82.45,1832,90
2025-09-17,Referral,UK,affiliates,164.68,3660,171
2025-09-17,Referral,US,affiliates,179.62,3992,201
2025-09-17,SEO,BR,organic,20.37,2910,202
2025-09-17,SEO,DE,organic,23.9,3414,224
2025-09-17,SEO,IN,organic,22.23,3176,219
2025-09-17,SEO,UK,organic,37.55,5365,379
2025-09-17,SEO,US,organic,35.42,5060,323
2025-09-18,Display,BR,prospecting,93.4,18680,161
2025-09-18,Display,BR,retargeting,77.6,15519,130
2025-09-18,Display,DE,prospecting,114.08,22816,200
2025-09-18,Display,DE,retargeting,104.93,20987,170
2025-09-18,Display,IN,prospecting,74.98,14997,110
2025-09-18,Display,IN,retargeting,73.34,14667,114
2025-09-18,Display,UK,prospecting,122.45,24491,201
2025-09-18,Display,UK,retargeting,161.76,32352,270
2025-09-18,Display,US,prospecting,175.4,35080,266
2025-09-18,Display,US,retargeting,173.43,34687,297
2025-09-18,Email,BR,lifecycle,26.79,2976,257
2025-09-18,Email,BR,newsletter,20.91,2323,214
2025-09-18,Email,DE,lifecycle,37.21,4135,365
2025-09-18,Email,DE,newsletter,30.63,3403,316
2025-09-18,Email,IN,lifecycle,21.37,2375,199
2025-09-18,Email,IN,newsletter,22.66,2517,212
2025-09-18,Email,UK,lifecycle,37.41,4157,366
2025-09-18,Email,UK,newsletter,44.51,4945,406
2025-09-18,Email,US,lifecycle,52.35,5817,513
2025-09-18,Email,US,newsletter,70.77,7863,748
2025-09-18,Paid Search,BR,brand,237.44,3298,159
2025-09-18,Paid Search,BR,nonbrand,242.31,3365,154
2025-09-18,Paid Search,DE,brand,371.09,5154,241
2025-09-18,Paid Search,DE,nonbrand,274.6,3814,170
2025-09-18,Paid Search,IN,brand,221.01,3070,142
2025-09-18,Paid Search,IN,nonbrand,184.35,2560,116
2025-09-18,Paid Search,UK,brand,403.08,5598,247
2025-09-18,Paid Search,UK,nonbrand,431.03,5986,278
2025-09-18,Paid Search,US,brand,579.87,8054,361
2025-09-18,Paid Search,US,nonbrand,579.52,8049,379
2025-09-18,Paid Social,BR,prospecting,203.1,15623,285
2025-09-18,Paid Social,BR,retargeting,201.64,15511,247
2025-09-18,Paid Social,DE,prospecting,278.15,21396,374
2025-09-18,Paid Social,DE,retargeting,259.46,19958,368
2025-09-18,Paid Social,IN,prospecting,186.32,14332,249
2025-09-18,Paid Social,IN,retargeting,189.67,14590,259
2025-09-18,Paid Social,UK,prospecting,338.11,26009,399
2025-09-18,Paid Social,UK,retargeting,410.73,31595,576
2025-09-18,Paid Social,US,prospecting,424.35,32642,595
2025-09-18,Paid Social,US,retargeting,532.96,40997,726
2025-09-18,Referral,BR,affiliates,75.07,1668,88
2025-09-18,Referral,DE,affiliates,120.57,2679,132
2025-09-18,Referral,IN,affiliates,72.8,1618,80
2025-09-18,Referral,UK,affiliates,175.02,3889,180
2025-09-18,Referral,US,affiliates,217.03,4823,227
2025-09-18,SEO,BR,organic,21.67,3095,213
2025-09-18,SEO,DE,organic,26.33,3761,265
2025-09-18,SEO,IN,organic,23.25,3321,220
2025-09-18,SEO,UK,organic,44.28,6325,435
2025-09-18,SEO,US,organic,40.07,5725,414
2025-09-19,Display,BR,prospecting,72.67,14533,111
2025-09-19,Display,BR,retargeting,61.66,12333,105
2025-09-19,Display,DE,prospecting,101.1,20220,150
2025-09-19,Display,DE,retargeting,91.96,18392,143
2025-09-19,Display,IN,prospecting,84.91,16983,139
2025-09-19,Display,IN,retargeting,71.89,14378,124
2025-09-19,Display,UK,prospecting,121.48,24295,207
2025-09-19,Display,UK,retargeting,138.43,27687,216
2025-09-19,Display,US,prospecting,191.87,38374,250
2025-09-19,Display,US,retargeting,149.9,29981,238
2025-09-19,Email,BR,lifecycle,26.83,2981,258
2025-09-19,Email,BR,newsletter,24.85,2761,261
2025-09-19,Email,DE,lifecycle,32.93,3659,324
2025-09-19,Email,DE,newsletter,32.1,3567,323
2025-09-19,Email,IN,lifecycle,20.68,2298,199
2025-09-19,Email,IN,newsletter,26.45,2939,276
2025-09-19,Email,UK,lifecycle,36.14,4015,368
2025-09-19,Email,UK,newsletter,46.83,5203,439
2025-09-19,Email,US,lifecycle,54.11,6012,519
2025-09-19,Email,US,newsletter,69.09,7677,754
2025-09-19,Paid Search,BR,brand,263.18,3655,176
2025-09-19,Paid Search,BR,nonbrand,243.36,3380,140
2025-09-19,Paid Search,DE,brand,303.51,4215,176
2025-09-19,Paid Search,DE,nonbrand,317.32,4407,200
2025-09-19,Paid Search,IN,brand,264.21,3670,152
2025-09-19,Paid Search,IN,nonbrand,252.36,3505,151
2025-09-19,Paid Search,UK,brand,440.66,6120,251
2025-09-19,Paid Search,UK,nonbrand,380.88,5290,213
2025-09-19,Paid Search,US,brand,550.3,7643,311
2025-09-19,Paid Search,US,nonbrand,589.81,8192,354
2025-09-19,Paid Social,BR,prospecting,232.0,17846,325
2025-09-19,Paid Social,BR,retargeting,171.13,13164,216
2025-09-19,Paid Social,DE,prospecting,198.7,15285,270
2025-09-19,Paid Social,DE,retargeting,327.94,25226,488
2025-09-19,Paid Social,IN,prospecting,206.69,15899,287
2025-09-19,Paid Social,IN,retargeting,218.64,16818,332
2025-09-19,Paid Social,UK,prospecting,345.23,26556,472
2025-09-19,Paid Social,UK,retargeting,309.64,23818,431
2025-09-19,Paid Social,US,prospecting,463.75,35673,579
2025-09-19,Paid Social,US,retargeting,524.7,40361,730
2025-09-19,Referral,BR,affiliates,72.23,1605,77
2025-09-19,Referral,DE,affiliates,103.07,2290,103
2025-09-19,Referral,IN,affiliates,87.18,1937,95
2025-09-19,Referral,UK,affiliates,161.47,3588,197
2025-09-19,Referral,US,affiliates,240.6,5347,274
2025-09-19,SEO,BR,organic,21.64,3092,216
2025-09-19,SEO,DE,organic,25.92,3703,242
2025-09-19,SEO,IN,organic,19.22,2746,188
2025-09-19,SEO,UK,organic,36.54,5219,355
2025-09-19,SEO,US,organic,50.02,7146,473
2025-09-20,Display,BR,prospecting,99.44,19889,157
2025-09-20,Display,BR,retargeting,101.1,20221,156
2025-09-20,Display,DE,prospecting,120.71,24142,182
2025-09-20,Display,DE,retargeting,106.81,21363,166
2025-09-20,Display,IN,prospecting,89.29,17858,137
2025-09-20,Display,IN,retargeting,102.82,20565,177
2025-09-20,Display,UK,prospecting,169.65,33931,262
2025-09-20,Display,UK,retargeting,131.93,26386,188
2025-09-20,Display,US,prospecting,222.06,44413,337
2025-09-20,Display,US,retargeting,153.52,30705,228
2025-09-20,Email,BR,lifecycle,25.44,2827,262
2025-09-20,Email,BR,newsletter,26.63,2959,271
2025-09-20,Email,DE,lifecycle,27.65,3073,272
2025-09-20,Email,DE,newsletter,30.83,3426,302
2025-09-20,Email,IN,lifecycle,17.7,1967,193
2025-09-20,Email,IN,newsletter,24.17,2686,266
2025-09-20,Email,UK,lifecycle,48.98,5442,518
2025-09-20,Email,UK,newsletter,43.09,4788,440
2025-09-20,Email,US,lifecycle,72.81,8090,684
2025-09-20,Email,US,newsletter,76.36,8484,777
2025-09-20,Paid Search,BR,brand,234.8,3261,144
2025-09-20,Paid Search,BR,nonbrand,325.5,4521,218
2025-09-20,Paid Search,DE,brand,371.73,5163,233
2025-09-20,Paid Search,DE,nonbrand,358.41,4978,227
2025-09-20,Paid Search,IN,brand,268.08,3723,168
2025-09-20,Paid Search,IN,nonbrand,233.54,3244,159
2025-09-20,Paid Search,UK,brand,414.49,5757,276
2025-09-20,Paid Search,UK,nonbrand,488.15,6780,315
2025-09-20,Paid Search,US,brand,565.69,7857,337
2025-09-20,Paid Search,US,nonbrand,603.95,8388,367
2025-09-20,Paid Social,BR,prospecting,171.99,13230,237
2025-09-20,Paid Social,BR,retargeting,264.89,20376,354
2025-09-20,Paid Social,DE,prospecting,246.42,18955,322
2025-09-20,Paid Social,DE,retargeting,258.7,19900,374
2025-09-20,Paid Social,IN,prospecting,237.54,18273,313
2025-09-20,Paid Social,IN,retargeting,256.22,19709,352
2025-09-20,Paid Social,UK,prospecting,339.5,26116,494
2025-09-20,Paid Social,UK,retargeting,401.4,30877,571
2025-09-20,Paid Social,US,prospecting,551.18,42399,772
2025-09-20,Paid Social,US,retargeting,458.07,35236,701
2025-09-20,Referral,BR,affiliates,69.8,1551,74
2025-09-20,Referral,DE,affiliates,124.02,2756,141
2025-09-20,Referral,IN,affiliates,86.4,1920,99
2025-09-20,Referral,UK,affiliates,130.94,2910,148
2025-09-20,Referral,US,affiliates,242.15,5381,234
2025-09-20,SEO,BR,organic,25.39,3627,272
2025-09-20,SEO,DE,organic,36.86,5266,368
2025-09-20,SEO,IN,organic,20.11,2873,180
2025-09-20,SEO,UK,organic,38.07,5438,357
2025-09-20,SEO,US,organic,50.23,7175,530
2025-09-21,Display,BR,prospecting,68.49,13697,106
2025-09-21,Display,BR,retargeting,93.64,18728,150
2025-09-21,Display,DE,prospecting,110.33,22066,196
2025-09-21,Display,DE,retargeting,112.41,22483,189
2025-09-21,Display,IN,prospecting,86.53,17307,134
2025-09-21,Display,IN,retargeting,76.87,15375,112
2025-09-21,Display,UK,prospecting,154.22,30844,250
2025-09-21,Display,UK,retargeting,165.5,33100,245
2025-09-21,Display,US,prospecting,182.34,36467,289
2025-09-21,Display,US,retargeting,197.92,39585,296
2025-09-21,Email,BR,lifecycle,35.79,3977,349
2025-09-21,Email,BR,newsletter,27.53,3059,286
2025-09-21,Email,DE,lifecycle,34.35,3816,380
2025-09-21,Email,DE,newsletter,35.32,3924,343
2025-09-21,Email,IN,lifecycle,28.58,3175,312
2025-09-21,Email,IN,newsletter,27.29,3032,281
2025-09-21,Email,UK,lifecycle,50.91,5657,532
2025-09-21,Email,UK,newsletter,49.11,5457,512
2025-09-21,Email,US,lifecycle,48.33,5369,474
2025-09-21,Email,US,newsletter,63.43,7048,639
2025-09-21,Paid Search,BR,brand,290.02,4028,179
2025-09-21,Paid Search,BR,nonbrand,357.28,4962,210
2025-09-21,Paid Search,DE,brand,346.57,4814,219
2025-09-21,Paid Search,DE,nonbrand,350.24,4864,225
2025-09-21,Paid Search,IN,brand,305.43,4242,188
2025-09-21,Paid Search,IN,nonbrand,222.3,3088,143
2025-09-21,Paid Search,UK,brand,429.75,5969,263
2025-09-21,Paid Search,UK,nonbrand,602.74,8371,395
2025-09-21,Paid Search,US,brand,624.99,8680,394
2025-09-21,Paid Search,US,nonbrand,685.66,9523,422
2025-09-21,Paid Social,BR,prospecting,218.12,16779,316
2025-09-21,Paid Social,BR,retargeting,244.76,18827,362
2025-09-21,Paid Social,DE,prospecting,261.44,20111,387
2025-09-21,Paid Social,DE,retargeting,297.52,22886,401
2025-09-21,Paid Social,IN,prospecting,172.43,13264,232
2025-09-21,Paid Social,IN,retargeting,217.22,16709,325
2025-09-21,Paid Social,UK,prospecting,377.98,29075,543
2025-09-21,Paid Social,UK,retargeting,409.58,31506,550
2025-09-21,Paid Social,US,prospecting,474.2,36477,737
2025-09-21,Paid Social,US,retargeting,472.39,36338,660
2025-09-21,Referral,BR,affiliates,110.47,2455,117
2025-09-21,Referral,DE,affiliates,101.82,2263,126
2025-09-21,Referral,IN,affiliates,89.49,1989,97
2025-09-21,Referral,UK,affiliates,139.54,3101,161
2025-09-21,Referral,US,affiliates,221.05,4912,245
2025-09-21,SEO,BR,organic,21.59,3085,199
2025-09-21,SEO,DE,organic,35.89,5128,336
2025-09-21,SEO,IN,organic,21.52,3074,220
2025-09-21,SEO,UK,organic,44.06,6295,466
2025-09-21,SEO,US,organic,45.92,6560,410
2025-09-22,Display,BR,prospecting,85.88,17176,133
2025-09-22,Display,BR,retargeting,86.13,17225,123
2025-09-22,Display,DE,prospecting,98.29,19659,163
2025-09-22,Display,DE,retargeting,92.52,18504,122
2025-09-22,Display,IN,prospecting,85.39,17079,135
2025-09-22,Display,IN,retargeting,64.32,12863,103
2025-09-22,Display,UK,prospecting,146.34,29268,236
2025-09-22,Display,UK,retargeting,167.01,33401,274
2025-09-22,Display,US,prospecting,164.61,32921,253
2025-09-22,Display,US,retargeting,184.42,36883,297
2025-09-22,Email,BR,lifecycle,26.28,2920,257
2025-09-22,Email,BR,newsletter,26.49,2944,273
2025-09-22,Email,DE,lifecycle,32.41,3601,302
2025-09-22,Email,DE,newsletter,33.44,3715,334
2025-09-22,Email,IN,lifecycle,22.85,2539,242
2025-09-22,Email,IN,newsletter,21.76,2418,239
2025-09-22,Email,UK,lifecycle,44.41,4934,440
2025-09-22,Email,UK,newsletter,43.94,4882,418
2025-09-22,Email,US,lifecycle,60.82,6758,588
2025-09-22,Email,US,newsletter,53.75,5972,502
2025-09-22,Paid Search,BR,brand,276.26,3837,180
2025-09-22,Paid Search,BR,nonbrand,213.1,2960,134
2025-09-22,Paid Search,DE,brand,307.46,4270,187
2025-09-22,Paid Search,DE,nonbrand,332.69,4621,201
2025-09-22,Paid Search,IN,brand,185.93,2582,118
2025-09-22,Paid Search,IN,nonbrand,198.37,2755,118
2025-09-22,Paid Search,UK,brand,396.15,5502,264
2025-09-22,Paid Search,UK,nonbrand,396.5,5507,254
2025-09-22,Paid Search,US,brand,526.59,7314,336
2025-09-22,Paid Search,US,nonbrand,518.99,7208,349
2025-09-22,Paid Social,BR,prospecting,195.74,15057,268
2025-09-22,Paid Social,BR,retargeting,198.99,15307,263
2025-09-22,Paid Social,DE,prospecting,284.46,21882,317
2025-09-22,Paid Social,DE,retargeting,267.58,20583,356
2025-09-22,Paid Social,IN,prospecting,176.65,13588,272
2025-09-22,Paid Social,IN,retargeting,174.38,13414,218
2025-09-22,Paid Social,UK,prospecting,327.97,25228,419
2025-09-22,Paid Social,UK,retargeting,454.54,34965,594
2025-09-22,Paid Social,US,prospecting,420.43,32341,537
2025-09-22,Paid Social,US,retargeting,411.66,31666,571
2025-09-22,Referral,BR,affiliates,99.6,2213,103
2025-09-22,Referral,DE,affiliates,112.52,2501,108
2025-09-22,Referral,IN,affiliates,93.12,2069,95
2025-09-22,Referral,UK,affiliates,141.49,3144,154
2025-09-22,Referral,US,affiliates,187.59,4169,213
2025-09-22,SEO,BR,organic,18.25,2607,156
2025-09-22,SEO,DE,organic,24.62,3517,240
2025-09-22,SEO,IN,organic,18.12,2589,148
2025-09-22,SEO,UK,organic,35.69,5099,331
2025-09-22,SEO,US,organic,61.53,8790,611
2025-09-23,Display,BR,prospecting,83.3,16659,142
2025-09-23,Display,BR,retargeting,85.88,17176,142
2025-09-23,Display,DE,prospecting,127.16,25431,200
2025-09-23,Display,DE,retargeting,97.52,19503,148
2025-09-23,Display,IN,prospecting,77.81,15561,122
2025-09-23,Display,IN,retargeting,61.02,12204,98
2025-09-23,Display,UK,prospecting,142.16,28432,226
2025-09-23,Display,UK,retargeting,123.42,24683,206
2025-09-23,Display,US,prospecting,186.96,37393,306
2025-09-23,Display,US,retargeting,162.14,32428,235
2025-09-23,Email,BR,lifecycle,25.95,2883,278
2025-09-23,Email,BR,newsletter,26.25,2916,239
2025-09-23,Email,DE,lifecycle,30.06,3340,278
2025-09-23,Email,DE,newsletter,33.1,3677,358
2025-09-23,Email,IN,lifecycle,25.81,2868,277
2025-09-23,Email,IN,newsletter,16.54,1837,159
2025-09-23,Email,UK,lifecycle,38.21,4245,384
2025-09-23,Email,UK,newsletter,48.01,5334,463
2025-09-23,Email,US,lifecycle,64.26,7140,594
2025-09-23,Email,US,newsletter,58.32,6480,639
2025-09-23,Paid Search,BR,brand,252.37,3505,152
2025-09-23,Paid Search,BR,nonbrand,211.01,2931,125
2025-09-23,Paid Search,DE,brand,361.58,5022,232
2025-09-23,Paid Search,DE,nonbrand,363.4,5047,209
2025-09-23,Paid Search,IN,brand,220.61,3064,139
2025-09-23,Paid Search,IN,nonbrand,239.44,3326,150
2025-09-23,Paid Search,UK,brand,354.85,4929,227
2025-09-23,Paid Search,UK,nonbrand,417.84,5803,258
2025-09-23,Paid Search,US,brand,517.16,7183,331
2025-09-23,Paid Search,US,nonbrand,625.5,8688,347
2025-09-23,Paid Social,BR,prospecting,230.91,17763,292
2025-09-23,Paid Social,BR,retargeting,239.58,18429,315
2025-09-23,Paid Social,DE,prospecting,299.2,23015,403
2025-09-23,Paid Social,DE,retargeting,240.62,18509,332
2025-09-23,Paid Social,IN,prospecting,181.74,13980,268
2025-09-23,Paid Social,IN,retargeting,204.63,15741,329
2025-09-23,Paid Social,UK,prospecting,390.44,30034,503
2025-09-23,Paid Social,UK,retargeting,314.5,24192,440
2025-09-23,Paid Social,US,prospecting,506.77,38982,703
2025-09-23,Paid Social,US,retargeting,429.38,33029,598
2025-09-23,Referral,BR,affiliates,85.27,1895,100
2025-09-23,Referral,DE,affiliates,106.15,2359,121
2025-09-23,Referral,IN,affiliates,76.86,1708,84
2025-09-23,Referral,UK,affiliates,172.04,3823,190
2025-09-23,Referral,US,affiliates,207.1,4602,235
2025-09-23,SEO,BR,organic,23.34,3335,225
2025-09-23,SEO,DE,organic,22.78,3255,219
2025-09-23,SEO,IN,organic,20.64,2948,217
2025-09-23,SEO,UK,organic,42.44,6063,428
2025-09-23,SEO,US,organic,54.66,7809,486
2025-09-24,Display,BR,prospecting,77.33,15467,125
2025-09-24,Display,BR,retargeting,62.25,12449,107
2025-09-24,Display,DE,prospecting,74.45,14891,119
2025-09-24,Display,DE,retargeting,94.13,18826,150
2025-09-24,Display,IN,prospecting,60.84,12168,104
2025-09-24,Display,IN,retargeting,72.58,14517,111
2025-09-24,Display,UK,prospecting,143.23,28646,228
2025-09-24,Display,UK,retargeting,138.46,27692,227
2025-09-24,Display,US,prospecting,198.09,39617,343
2025-09-24,Display,US,retargeting,166.6,33320,295
2025-09-24,Email,BR,lifecycle,27.74,3082,261
2025-09-24,Email,BR,newsletter,22.52,2502,229
2025-09-24,Email,DE,lifecycle,36.02,4002,342
2025-09-24,Email,DE,newsletter,30.45,3383,313
2025-09-24,Email,IN,lifecycle,24.43,2715,234
2025-09-24,Email,IN,newsletter,22.12,2458,219
2025-09-24,Email,UK,lifecycle,37.67,4186,374
2025-09-24,Email,UK,newsletter,41.07,4563,383
2025-09-24,Email,US,lifecycle,59.69,6632,589
2025-09-24,Email,US,newsletter,61.9,6878,637
2025-09-24,Paid Search,BR,brand,156.86,2179,102
2025-09-24,Paid Search,BR,nonbrand,219.57,3050,133
2025-09-24,Paid Search,DE,brand,301.27,4184,179
2025-09-24,Paid Search,DE,nonbrand,344.94,4791,237
2025-09-24,Paid Search,IN,brand,214.77,2983,132
2025-09-24,Paid Search,IN,nonbrand,264.91,3679,167
2025-09-24,Paid Search,UK,brand,437.6,6078,271
2025-09-24,Paid Search,UK,nonbrand,391.3,5435,253
2025-09-24,Paid Search,US,brand,579.0,8042,333
2025-09-24,Paid Search,US,nonbrand,594.21,8253,342
2025-09-24,Paid Social,BR,prospecting,223.41,17185,320
2025-09-24,Paid Social,BR,retargeting,191.08,14699,265
2025-09-24,Paid Social,DE,prospecting,292.59,22507,404
2025-09-24,Paid Social,DE,retargeting,263.4,20261,348
2025-09-24,Paid Social,IN,prospecting,207.56,15966,276
2025-09-24,Paid Social,IN,retargeting,189.7,14593,257
2025-09-24,Paid Social,UK,prospecting,337.85,25988,448
2025-09-24,Paid Social,UK,retargeting,403.76,31058,525
2025-09-24,Paid Social,US,prospecting,438.98,33768,600
2025-09-24,Paid Social,US,retargeting,387.03,29772,529
2025-09-24,Referral,BR,affiliates,74.7,1660,90
2025-09-24,Referral,DE,affiliates,96.5,2144,97
2025-09-24,Referral,IN,affiliates,89.1,1980,102
2025-09-24,Referral,UK,affiliates,136.29,3029,145
2025-09-24,Referral,US,affiliates,225.95,5021,249
2025-09-24,SEO,BR,organic,23.19,3314,216
2025-09-24,SEO,DE,organic,30.12,4303,287
2025-09-24,SEO,IN,organic,17.99,2570,187
2025-09-24,SEO,UK,organic,34.13,4875,378
2025-09-24,SEO,US,organic,49.26,7038,478
2025-09-25,Display,BR,prospecting,86.37,17274,136
2025-09-25,Display,BR,retargeting,72.76,14552,115
2025-09-25,Display,DE,prospecting,79.96,15991,122
2025-09-25,Display,DE,retargeting,94.26,18853,150
2025-09-25,Display,IN,prospecting,72.21,14441,114
2025-09-25,Display,IN,retargeting,84.17,16834,138
2025-09-25,Display,UK,prospecting,129.79,25959,197
2025-09-25,Display,UK,retargeting,155.51,31103,266
2025-09-25,Display,US,prospecting,218.24,43649,360
2025-09-25,Display,US,retargeting,219.6,43919,373
2025-09-25,Email,BR,lifecycle,20.97,2330,216
2025-09-25,Email,BR,newsletter,23.53,2615,254
2025-09-25,Email,DE,lifecycle,30.51,3390,304
2025-09-25,Email,DE,newsletter,34.99,3888,349
2025-09-25,Email,IN,lifecycle,25.7,2856,234
2025-09-25,Email,IN,newsletter,23.23,2581,220
2025-09-25,Email,UK,lifecycle,37.88,4209,374
2025-09-25,Email,UK,newsletter,32.69,3633,359
2025-09-25,Email,US,lifecycle,68.87,7652,707
2025-09-25,Email,US,newsletter,51.35,5705,518
2025-09-25,Paid Search,BR,brand,209.58,2911,130
2025-09-25,Paid Search,BR,nonbrand,244.47,3395,166
2025-09-25,Paid Search,DE,brand,243.31,3379,157
2025-09-25,Paid Search,DE,nonbrand,312.07,4334,224
2025-09-25,Paid Search,IN,brand,173.17,2405,98
2025-09-25,Paid Search,IN,nonbrand,215.94,2999,145
2025-09-25,Paid Search,UK,brand,389.33,5407,248
2025-09-25,Paid Search,UK,nonbrand,388.41,5395,245
2025-09-25,Paid Search,US,brand,530.1,7363,348
2025-09-25,Paid Search,US,nonbrand,556.16,7725,307
2025-09-25,Paid Social,BR,prospecting,222.18,17091,293
2025-09-25,Paid Social,BR,retargeting,160.78,12368,223
2025-09-25,Paid Social,DE,prospecting,253.11,19470,337
2025-09-25,Paid Social,DE,retargeting,244.0,18769,317
2025-09-25,Paid Social,IN,prospecting,177.11,13624,238
2025-09-25,Paid Social,IN,retargeting,183.65,14127,265
2025-09-25,Paid Social,UK,prospecting,372.54,28657,522
2025-09-25,Paid Social,UK,retargeting,344.52,26502,508
2025-09-25,Paid Social,US,prospecting,494.33,38025,688
2025-09-25,Paid Social,US,retargeting,456.44,35111,615
2025-09-25,Referral,BR,affiliates,96.82,2152,110
2025-09-25,Referral,DE,affiliates,118.25,2628,131
2025-09-25,Referral,IN,affiliates,94.65,2103,96
2025-09-25,Referral,UK,affiliates,165.33,3674,187
2025-09-25,Referral,US,affiliates,203.55,4523,217
2025-09-25,SEO,BR,organic,22.3,3186,183
2025-09-25,SEO,DE,organic,29.3,4186,291
2025-09-25,SEO,IN,organic,18.13,2589,199
2025-09-25,SEO,UK,organic,34.58,4941,369
2025-09-25,SEO,US,organic,50.89,7271,500
2025-09-26,Display,BR,prospecting,81.55,16311,151
2025-09-26,Display,BR,retargeting,77.88,15575,126
2025-09-26,Display,DE,prospecting,107.65,21530,175
2025-09-26,Display,DE,retargeting,90.47,18095,167
2025-09-26,Display,IN,prospecting,59.14,11827,101
2025-09-26,Display,IN,retargeting,70.26,14052,122
2025-09-26,Display,UK,prospecting,133.84,26769,218
2025-09-26,Display,UK,retargeting,139.13,27827,228
2025-09-26,Display,US,prospecting,161.45,32289,274
2025-09-26,Display,US,retargeting,204.74,40947,363
2025-09-26,Email,BR,lifecycle,22.1,2455,234
2025-09-26,Email,BR,newsletter,27.45,3050,277
2025-09-26,Email,DE,lifecycle,38.68,4297,399
2025-09-26,Email,DE,newsletter,29.92,3325,315
2025-09-26,Email,IN,lifecycle,21.11,2346,198
2025-09-26,Email,IN,newsletter,23.05,2561,231
2025-09-26,Email,UK,lifecycle,45.57,5063,446
2025-09-26,Email,UK,newsletter,40.84,4537,397
2025-09-26,Email,US,lifecycle,61.84,6871,585
2025-09-26,Email,US,newsletter,48.23,5359,485
2025-09-26,Paid Search,BR,brand,302.93,4207,178
2025-09-26,Paid Search,BR,nonbrand,273.57,3800,172
2025-09-26,Paid Search,DE,brand,279.01,3875,180
2025-09-26,Paid Search,DE,nonbrand,265.36,3686,170
2025-09-26,Paid Search,IN,brand,255.25,3545,145
2025-09-26,Paid Search,IN,nonbrand,220.58,3064,133
2025-09-26,Paid Search,UK,brand,412.32,5727,288
2025-09-26,Paid Search,UK,nonbrand,488.0,6778,291
2025-09-26,Paid Search,US,brand,572.08,7945,340
2025-09-26,Paid Search,US,nonbrand,534.79,7428,312
2025-09-26,Paid Social,BR,prospecting,243.93,18764,311
2025-09-26,Paid Social,BR,retargeting,230.73,17749,304
2025-09-26,Paid Social,DE,prospecting,182.36,14028,266
2025-09-26,Paid Social,DE,retargeting,246.26,18943,297
2025-09-26,Paid Social,IN,prospecting,178.97,13767,229
2025-09-26,Paid Social,IN,retargeting,169.19,13014,246
2025-09-26,Paid Social,UK,prospecting,351.45,27035,427
2025-09-26,Paid Social,UK,retargeting,291.98,22460,401
2025-09-26,Paid Social,US,prospecting,401.38,30876,562
2025-09-26,Paid Social,US,retargeting,498.35,38335,699
2025-09-26,Referral,BR,affiliates,116.86,2597,136
2025-09-26,Referral,DE,affiliates,83.73,1861,93
2025-09-26,Referral,IN,affiliates,93.86,2086,108
2025-09-26,Referral,UK,affiliates,135.44,3010,158
2025-09-26,Referral,US,affiliates,195.16,4337,214
2025-09-26,SEO,BR,organic,24.42,3488,270
2025-09-26,SEO,DE,organic,31.54,4506,270
2025-09-26,SEO,IN,organic,21.45,3064,243
2025-09-26,SEO,UK,organic,40.07,5724,413
2025-09-26,SEO,US,organic,47.83,6833,461
2025-09-27,Display,BR,prospecting,99.97,19994,146
2025-09-27,Display,BR,retargeting,80.77,16153,128
2025-09-27,Display,DE,prospecting,107.4,21479,174
2025-09-27,Display,DE,retargeting,104.5,20900,164
2025-09-27,Display,IN,prospecting,87.76,17552,142
2025-09-27,Display,IN,retargeting,95.77,19153,161
2025-09-27,Display,UK,prospecting,168.57,33715,273
2025-09-27,Display,UK,retargeting,116.89,23378,178
2025-09-27,Display,US,prospecting,192.05,38409,328
2025-09-27,Display,US,retargeting,169.44,33887,299
2025-09-27,Email,BR,lifecycle,25.84,2871,276
2025-09-27,Email,BR,newsletter,24.89,2765,229
2025-09-27,Email,DE,lifecycle,36.4,4045,378
2025-09-27,Email,DE,newsletter,31.88,3543,319
2025-09-27,Email,IN,lifecycle,20.38,2265,179
2025-09-27,Email,IN,newsletter,24.89,2765,253
2025-09-27,Email,UK,lifecycle,39.98,4442,397
2025-09-27,Email,UK,newsletter,44.84,4982,449
2025-09-27,Email,US,lifecycle,62.66,6962,620
2025-09-27,Email,US,newsletter,57.86,6429,591
2025-09-27,Paid Search,BR,brand,248.76,3455,147
2025-09-27,Paid Search,BR,nonbrand,285.11,3960,172
2025-09-27,Paid Search,DE,brand,354.78,4928,183
2025-09-27,Paid Search,DE,nonbrand,308.81,4289,178
2025-09-27,Paid Search,IN,brand,236.11,3279,142
2025-09-27,Paid Search,IN,nonbrand,275.41,3825,180
2025-09-27,Paid Search,UK,brand,469.29,6518,330
2025-09-27,Paid Search,UK,nonbrand,407.87,5665,283
2025-09-27,Paid Search,US,brand,618.63,8592,401
2025-09-27,Paid Search,US,nonbrand,773.42,10742,460
2025-09-27,Paid Social,BR,prospecting,212.05,16311,276
2025-09-27,Paid Social,BR,retargeting,187.81,14447,291
2025-09-27,Paid Social,DE,prospecting,290.32,22332,431
2025-09-27,Paid Social,DE,retargeting,222.03,17079,279
2025-09-27,Paid Social,IN,prospecting,168.9,12993,244
2025-09-27,Paid Social,IN,retargeting,192.03,14772,258
2025-09-27,Paid Social,UK,prospecting,307.54,23657,425
2025-09-27,Paid Social,UK,retargeting,364.42,28033,495
2025-09-27,Paid Social,US,prospecting,418.16,32166,619
2025-09-27,Paid Social,US,retargeting,452.13,34780,607
2025-09-27,Referral,BR,affiliates,91.98,2044,104
2025-09-27,Referral,DE,affiliates,101.48,2255,118
2025-09-27,Referral,IN,affiliates,84.81,1885,101
2025-09-27,Referral,UK,affiliates,167.84,3730,189
2025-09-27,Referral,US,affiliates,195.41,4342,233
2025-09-27,SEO,BR,organic,23.09,3298,239
2025-09-27,SEO,DE,organic,25.82,3689,230
2025-09-27,SEO,IN,organic,23.3,3328,246
2025-09-27,SEO,UK,organic,39.92,5702,405
2025-09-27,SEO,US,organic,45.23,6462,439
2025-09-28,Display,BR,prospecting,94.5,18901,156
2025-09-28,Display,BR,retargeting,85.67,17133,134
2025-09-28,Display,DE,prospecting,91.6,18320,147
2025-09-28,Display,DE,retargeting,98.81,19761,167
2025-09-28,Display,IN,prospecting,89.9,17980,143
2025-09-28,Display,IN,retargeting,81.1,16220,140
2025-09-28,Display,UK,prospecting,172.64,34528,269
2025-09-28,Display,UK,retargeting,155.44,31088,258
2025-09-28,Display,US,prospecting,227.35,45471,342
2025-09-28,Display,US,retargeting,188.66,37733,295
2025-09-28,Email,BR,lifecycle,29.73,3303,336
2025-09-28,Email,BR,newsletter,25.31,2812,248
2025-09-28,Email,DE,lifecycle,34.31,3812,363
2025-09-28,Email,DE,newsletter,38.95,4328,399
2025-09-28,Email,IN,lifecycle,26.58,2953,248
2025-09-28,Email,IN,newsletter,22.87,2541,229
2025-09-28,Email,UK,lifecycle,48.97,5441,478
2025-09-28,Email,UK,newsletter,47.03,5225,473
2025-09-28,Email,US,lifecycle,56.42,6269,612
2025-09-28,Email,US,newsletter,54.23,6026,567
2025-09-28,Paid Search,BR,brand,202.4,2811,137
2025-09-28,Paid Search,BR,nonbrand,271.14,3766,158
2025-09-28,Paid Search,DE,brand,347.83,4831,233
2025-09-28,Paid Search,DE,nonbrand,323.32,4491,193
2025-09-28,Paid Search,IN,brand,265.13,3682,166
2025-09-28,Paid Search,IN,nonbrand,190.61,2647,119
2025-09-28,Paid Search,UK,brand,466.48,6479,293
2025-09-28,Paid Search,UK,nonbrand,417.57,5800,255
2025-09-28,Paid Search,US,brand,516.0,7167,322
2025-09-28,Paid Search,US,nonbrand,539.12,7488,304
2025-09-28,Paid Social,BR,prospecting,256.85,19757,362
2025-09-28,Paid Social,BR,retargeting,216.18,16629,295
2025-09-28,Paid Social,DE,prospecting,325.56,25043,413
2025-09-28,Paid Social,DE,retargeting,275.91,21224,428
2025-09-28,Paid Social,IN,prospecting,214.7,16516,293
2025-09-28,Paid Social,IN,retargeting,198.6,15277,288
2025-09-28,Paid Social,UK,prospecting,364.95,28073,515
2025-09-28,Paid Social,UK,retargeting,369.07,28390,525
2025-09-28,Paid Social,US,prospecting,543.25,41788,756
2025-09-28,Paid Social,US,retargeting,492.69,37899,676
2025-09-28,Referral,BR,affiliates,80.82,1796,93
2025-09-28,Referral,DE,affiliates,102.97,2288,116
2025-09-28,Referral,IN,affiliates,76.48,1700,93
2025-09-28,Referral,UK,affiliates,139.67,3104,165
2025-09-28,Referral,US,affiliates,278.56,6190,298
2025-09-28,SEO,BR,organic,24.41,3487,254
2025-09-28,SEO,DE,organic,32.08,4583,336
2025-09-28,SEO,IN,organic,20.88,2983,201
2025-09-28,SEO,UK,organic,39.87,5695,396
2025-09-28,SEO,US,organic,59.7,8529,632
2025-09-29,Display,BR,prospecting,86.26,17253,129
2025-09-29,Display,BR,retargeting,84.24,16847,137
2025-09-29,Display,DE,prospecting,89.33,17866,133
2025-09-29,Display,DE,retargeting,109.47,21894,194
2025-09-29,Display,IN,prospecting,83.48,16695,135
2025-09-29,Display,IN,retargeting,84.99,16997,130
2025-09-29,Display,UK,prospecting,116.37,23273,194
2025-09-29,Display,UK,retargeting,120.35,24069,195
2025-09-29,Display,US,prospecting,227.68,45536,374
2025-09-29,Display,US,retargeting,193.06,38612,293
2025-09-29,Email,BR,lifecycle,20.72,2302,199
2025-09-29,Email,BR,newsletter,20.11,2235,208
2025-09-29,Email,DE,lifecycle,34.07,3786,338
2025-09-29,Email,DE,newsletter,26.61,2956,268
2025-09-29,Email,IN,lifecycle,22.85,2539,222
2025-09-29,Email,IN,newsletter,21.63,2403,210
2025-09-29,Email,UK,lifecycle,44.04,4893,410
2025-09-29,Email,UK,newsletter,33.39,3709,356
2025-09-29,Email,US,lifecycle,57.9,6433,530
2025-09-29,Email,US,newsletter,63.45,7050,669
2025-09-29,Paid Search,BR,brand,281.84,3914,174
2025-09-29,Paid Search,BR,nonbrand,261.03,3625,145
2025-09-29,Paid Search,DE,brand,249.12,3460,127
2025-09-29,Paid Search,DE,nonbrand,316.11,4390,204
2025-09-29,Paid Search,IN,brand,288.71,4010,174
2025-09-29,Paid Search,IN,nonbrand,278.11,3863,189
2025-09-29,Paid Search,UK,brand,441.76,6136,279
2025-09-29,Paid Search,UK,nonbrand,331.16,4599,217
2025-09-29,Paid Search,US,brand,520.38,7228,298
2025-09-29,Paid Search,US,nonbrand,572.02,7945,342
2025-09-29,Paid Social,BR,prospecting,178.92,13763,246
2025-09-29,Paid Social,BR,retargeting,209.61,16123,292
2025-09-29,Paid Social,DE,prospecting,293.54,22580,457
2025-09-29,Paid Social,DE,retargeting,283.27,21790,377
2025-09-29,Paid Social,IN,prospecting,183.87,14144,225
2025-09-29,Paid Social,IN,retargeting,205.59,15815,300
2025-09-29,Paid Social,UK,prospecting,290.36,22335,395
2025-09-29,Paid Social,UK,retargeting,297.59,22892,410
2025-09-29,Paid Social,US,prospecting,474.17,36475,707
2025-09-29,Paid Social,US,retargeting,448.05,34465,591
2025-09-29,Referral,BR,affiliates,100.28,2228,97
2025-09-29,Referral,DE,affiliates,102.48,2277,123
2025-09-29,Referral,IN,affiliates,73.18,1626,83
2025-09-29,Referral,UK,affiliates,142.07,3157,164
2025-09-29,Referral,US,affiliates,175.37,3897,206
2025-09-29,SEO,BR,organic,20.9,2986,205
2025-09-29,SEO,DE,organic,24.88,3554,251
2025-09-29,SEO,IN,organic,16.05,2293,181
2025-09-29,SEO,UK,organic,28.03,4005,265
2025-09-29,SEO,US,organic,54.11,7729,612
2025-09-30,Display,BR,prospecting,84.5,16901,134
2025-09-30,Display,BR,retargeting,91.51,18301,140
2025-09-30,Display,DE,prospecting,90.74,18147,147
2025-09-30,Display,DE,retargeting,104.52,20903,174
2025-09-30,Display,IN,prospecting,79.23,15847,117
2025-09-30,Display,IN,retargeting,68.04,13607,109
2025-09-30,Display,UK,prospecting,132.67,26535,225
2025-09-30,Display,UK,retargeting,115.33,23065,178
2025-09-30,Display,US,prospecting,161.81,32362,274
2025-09-30,Display,US,retargeting,169.89,33978,228
2025-09-30,Email,BR,lifecycle,24.3,2699,230
2025-09-30,Email,BR,newsletter,24.41,2712,270
2025-09-30,Email,DE,lifecycle,36.24,4027,354
2025-09-30,Email,DE,newsletter,24.36,2707,252
2025-09-30,Email,IN,lifecycle,21.2,2355,214
2025-09-30,Email,IN,newsletter,19.42,2158,188
2025-09-30,Email,UK,lifecycle,46.89,5210,493
2025-09-30,Email,UK,newsletter,39.29,4366,370
2025-09-30,Email,US,lifecycle,59.62,6624,665
2025-09-30,Email,US,newsletter,51.03,5670,560
2025-09-30,Paid Search,BR,brand,245.33,3407,168
2025-09-30,Paid Search,BR,nonbrand,224.59,3119,130
2025-09-30,Paid Search,DE,brand,279.56,3883,168
2025-09-30,Paid Search,DE,nonbrand,288.59,4008,195
2025-09-30,Paid Search,IN,brand,215.01,2986,139
2025-09-30,Paid Search,IN,nonbrand,290.37,4033,196
2025-09-30,Paid Search,UK,brand,403.4,5603,268
2025-09-30,Paid Search,UK,nonbrand,371.11,5154,198
2025-09-30,Paid Search,US,brand,646.19,8975,396
2025-09-30,Paid Search,US,nonbrand,501.49,6965,276
2025-09-30,Paid Social,BR,prospecting,177.64,13664,214
2025-09-30,Paid Social,BR,retargeting,213.55,16427,289
2025-09-30,Paid Social,DE,prospecting,269.31,20716,341
2025-09-30,Paid Social,DE,retargeting,256.9,19761,396
2025-09-30,Paid Social,IN,prospecting,172.42,13263,240
2025-09-30,Paid Social,IN,retargeting,198.58,15275,263
2025-09-30,Paid Social,UK,prospecting,335.77,25829,480
2025-09-30,Paid Social,UK,retargeting,352.93,27148,440
2025-09-30,Paid Social,US,prospecting,510.09,39238,701
2025-09-30,Paid Social,US,retargeting,517.4,39800,721
2025-09-30,Referral,BR,affiliates,75.25,1672,85
2025-09-30,Referral,DE,affiliates,125.83,2796,150
2025-09-30,Referral,IN,affiliates,64.63,1436,64
2025-09-30,Referral,UK,affiliates,125.44,2787,131
2025-09-30,Referral,US,affiliates,172.83,3841,205
2025-09-30,SEO,BR,organic,21.1,3014,216
2025-09-30,SEO,DE,organic,29.25,4179,280
2025-09-30,SEO,IN,organic,22.76,3252,211
2025-09-30,SEO,UK,organic,34.75,4964,342
2025-09-30,SEO,US,organic,37.36,5338,381
2025-10-01,Display,BR,prospecting,76.86,15371,124
2025-10-01,Display,BR,retargeting,67.0,13400,106
2025-10-01,Display,DE,prospecting,112.74,22549,175
2025-10-01,Display,DE,retargeting,116.44,23288,179
2025-10-01,Display,IN,prospecting,83.36,16671,136
2025-10-01,Display,IN,retargeting,68.03,13606,104
2025-10-01,Display,UK,prospecting,149.46,29892,249
2025-10-01,Display,UK,retargeting,107.63,21527,177
2025-10-01,Display,US,prospecting,167.06,33412,260
2025-10-01,Display,US,retargeting,165.52,33104,258
2025-10-01,Email,BR,lifecycle,23.83,2648,250
2025-10-01,Email,BR,newsletter,25.45,2828,225
2025-10-01,Email,DE,lifecycle,33.85,3761,372
2025-10-01,Email,DE,newsletter,27.37,3041,266
2025-10-01,Email,IN,lifecycle,24.4,2711,246
2025-10-01,Email,IN,newsletter,17.04,1893,174
2025-10-01,Email,UK,lifecycle,45.93,5104,474
2025-10-01,Email,UK,newsletter,44.98,4998,481
2025-10-01,Email,US,lifecycle,55.02,6113,528
2025-10-01,Email,US,newsletter,55.62,6180,564
2025-10-01,Paid Search,BR,brand,276.82,3845,168
2025-10-01,Paid Search,BR,nonbrand,237.25,3295,149
2025-10-01,Paid Search,DE,brand,284.19,3947,189
2025-10-01,Paid Search,DE,nonbrand,271.21,3767,157
2025-10-01,Paid Search,IN,brand,212.72,2954,131
2025-10-01,Paid Search,IN,nonbrand,151.29,2101,96
2025-10-01,Paid Search,UK,brand,386.67,5370,229
2025-10-01,Paid Search,UK,nonbrand,323.85,4498,218
2025-10-01,Paid Search,US,brand,473.24,6573,302
2025-10-01,Paid Search,US,nonbrand,667.77,9275,392
2025-10-01,Paid Social,BR,prospecting,222.08,17083,300
2025-10-01,Paid Social,BR,retargeting,224.41,17263,319
2025-10-01,Paid Social,DE,prospecting,218.26,16789,326
2025-10-01,Paid Social,DE,retargeting,287.92,22147,408
2025-10-01,Paid Social,IN,prospecting,180.89,13915,257
2025-10-01,Paid Social,IN,retargeting,227.61,17508,302
2025-10-01,Paid Social,UK,prospecting,309.11,23778,434
2025-10-01,Paid Social,UK,retargeting,378.48,29114,491
2025-10-01,Paid Social,US,prospecting,428.99,32999,582
2025-10-01,Paid Social,US,retargeting,424.64,32665,609
2025-10-01,Referral,BR,affiliates,83.08,1846,90
2025-10-01,Referral,DE,affiliates,118.46,2632,130
2025-10-01,Referral,IN,affiliates,86.22,1916,100
2025-10-01,Referral,UK,affiliates,169.92,3776,187
2025-10-01,Referral,US,affiliates,199.38,4431,198
2025-10-01,SEO,BR,organic,22.61,3230,220
2025-10-01,SEO,DE,organic,27.04,3862,286
2025-10-01,SEO,IN,organic,18.84,2692,167
2025-10-01,SEO,UK,organic,39.96,5709,413
2025-10-01,SEO,US,organic,50.21,7173,476
2025-10-02,Display,BR,prospecting,78.35,15671,132
2025-10-02,Display,BR,retargeting,81.21,16242,123
2025-10-02,Display,DE,prospecting,116.41,23282,175
2025-10-02,Display,DE,retargeting,124.63,24926,184
2025-10-02,Display,IN,prospecting,60.42,12085,102
2025-10-02,Display,IN,retargeting,75.34,15068,122
2025-10-02,Display,UK,prospecting,166.1,33220,249
2025-10-02,Display,UK,retargeting,154.85,30971,249
2025-10-02,Display,US,prospecting,191.29,38257,292
2025-10-02,Display,US,retargeting,175.5,35099,311
2025-10-02,Email,BR,lifecycle,19.78,2198,209
2025-10-02,Email,BR,newsletter,18.61,2068,190
2025-10-02,Email,DE,lifecycle,30.21,3357,252
2025-10-02,Email,DE,newsletter,31.9,3545,297
2025-10-02,Email,IN,lifecycle,23.18,2576,222
2025-10-02,Email,IN,newsletter,22.07,2452,219
2025-10-02,Email,UK,lifecycle,43.3,4811,482
2025-10-02,Email,UK,newsletter,40.14,4460,371
2025-10-02,Email,US,lifecycle,49.98,5554,506
2025-10-02,Email,US,newsletter,61.35,6817,678
2025-10-02,Paid Search,BR,brand,252.0,3500,160
2025-10-02,Paid Search,BR,nonbrand,243.31,3379,161
2025-10-02,Paid Search,DE,brand,291.5,4049,179
2025-10-02,Paid Search,DE,nonbrand,261.4,3631,162
2025-10-02,Paid Search,IN,brand,226.75,3149,134
2025-10-02,Paid Search,IN,nonbrand,220.96,3069,136
2025-10-02,Paid Search,UK,brand,402.6,5592,257
2025-10-02,Paid Search,UK,nonbrand,437.31,6074,297
2025-10-02,Paid Search,US,brand,409.38,5686,265
2025-10-02,Paid Search,US,nonbrand,607.16,8433,407
2025-10-02,Paid Social,BR,prospecting,166.55,12811,247
2025-10-02,Paid Social,BR,retargeting,217.41,16724,323
2025-10-02,Paid Social,DE,prospecting,238.04,18311,333
2025-10-02,Paid Social,DE,retargeting,271.75,20904,375
2025-10-02,Paid Social,IN,prospecting,211.51,16270,310
2025-10-02,Paid Social,IN,retargeting,201.39,15491,280
2025-10-02,Paid Social,UK,prospecting,354.27,27252,475
2025-10-02,Paid Social,UK,retargeting,348.43,26802,513
2025-10-02,Paid Social,US,prospecting,413.67,31821,550
2025-10-02,Paid Social,US,retargeting,425.74,32749,582
2025-10-02,Referral,BR,affiliates,59.26,1317,66
2025-10-02,Referral,DE,affiliates,109.77,2439,130
2025-10-02,Referral,IN,affiliates,86.63,1925,102
2025-10-02,Referral,UK,affiliates,132.48,2944,143
2025-10-02,Referral,US,affiliates,190.39,4231,210
2025-10-02,SEO,BR,organic,27.58,3939,289
2025-10-02,SEO,DE,organic,33.28,4754,320
2025-10-02,SEO,IN,organic,24.79,3542,275
2025-10-02,SEO,UK,organic,32.73,4676,335
2025-10-02,SEO,US,organic,50.75,7250,509
2025-10-03,Display,BR,prospecting,83.54,16708,132
2025-10-03,Display,BR,retargeting,88.05,17611,146
2025-10-03,Display,DE,prospecting,121.36,24272,209
2025-10-03,Display,DE,retargeting,109.65,21930,183
2025-10-03,Display,IN,prospecting,73.41,14681,124
2025-10-03,Display,IN,retargeting,78.67,15734,128
2025-10-03,Display,UK,prospecting,164.12,32825,264
2025-10-03,Display,UK,retargeting,121.67,24333,188
2025-10-03,Display,US,prospecting,169.88,33976,280
2025-10-03,Display,US,retargeting,206.42,41285,314
2025-10-03,Email,BR,lifecycle,22.85,2539,218
2025-10-03,Email,BR,newsletter,21.21,2357,200
2025-10-03,Email,DE,lifecycle,28.01,3113,281
2025-10-03,Email,DE,newsletter,35.11,3901,370
2025-10-03,Email,IN,lifecycle,24.02,2669,248
2025-10-03,Email,IN,newsletter,20.31,2257,189
2025-10-03,Email,UK,lifecycle,33.41,3713,342
2025-10-03,Email,UK,newsletter,39.07,4342,418
2025-10-03,Email,US,lifecycle,46.85,5205,504
2025-10-03,Email,US,newsletter,63.17,7019,672
2025-10-03,Paid Search,BR,brand,256.77,3566,184
2025-10-03,Paid Search,BR,nonbrand,197.11,2738,119
2025-10-03,Paid Search,DE,brand,253.99,3528,145
2025-10-03,Paid Search,DE,nonbrand,243.94,3388,154
2025-10-03,Paid Search,IN,brand,249.53,3466,153
2025-10-03,Paid Search,IN,nonbrand,203.85,2831,131
2025-10-03,Paid Search,UK,brand,323.5,4493,202
2025-10-03,Paid Search,UK,nonbrand,541.91,7526,339
2025-10-03,Paid Search,US,brand,425.26,5906,264
2025-10-03,Paid Search,US,nonbrand,503.03,6986,322
2025-10-03,Paid Social,BR,prospecting,216.76,16673,292
2025-10-03,Paid Social,BR,retargeting,216.2,16631,329
2025-10-03,Paid Social,DE,prospecting,312.35,24027,419
2025-10-03,Paid Social,DE,retargeting,251.71,19362,317
2025-10-03,Paid Social,IN,prospecting,163.5,12577,225
2025-10-03,Paid Social,IN,retargeting,195.38,15029,269
2025-10-03,Paid Social,UK,prospecting,283.58,21813,347
2025-10-03,Paid Social,UK,retargeting,316.05,24311,440
2025-10-03,Paid Social,US,prospecting,530.85,40834,655
2025-10-03,Paid Social,US,retargeting,410.01,31539,499
2025-10-03,Referral,BR,affiliates,83.39,1853,94
2025-10-03,Referral,DE,affiliates,108.92,2421,119
2025-10-03,Referral,IN,affiliates,80.44,1788,86
2025-10-03,Referral,UK,affiliates,117.45,2610,136
2025-10-03,Referral,US,affiliates,218.61,4858,229
2025-10-03,SEO,BR,organic,23.56,3366,238
2025-10-03,SEO,DE,organic,28.49,4071,275
2025-10-03,SEO,IN,organic,19.52,2788,202
2025-10-03,SEO,UK,organic,39.09,5584,409
2025-10-03,SEO,US,organic,46.8,6685,458
2025-10-04,Display,BR,prospecting,85.61,17122,134
2025-10-04,Display,BR,retargeting,77.74,15547,126
2025-10-04,Display,DE,prospecting,88.45,17690,160
2025-10-04,Display,DE,retargeting,115.18,23037,202
2025-10-04,Display,IN,prospecting,66.54,13307,98
2025-10-04,Display,IN,retargeting,78.42,15685,133
2025-10-04,Display,UK,prospecting,131.8,26361,199
2025-10-04,Display,UK,retargeting,151.55,30309,240
2025-10-04,Display,US,prospecting,178.8,35759,261
2025-10-04,Display,US,retargeting,224.61,44921,355
2025-10-04,Email,BR,lifecycle,27.94,3104,287
2025-10-04,Email,BR,newsletter,21.75,2417,224
2025-10-04,Email,DE,lifecycle,28.37,3152,291
2025-10-04,Email,DE,newsletter,30.19,3354,329
2025-10-04,Email,IN,lifecycle,21.09,2344,202
2025-10-04,Email,IN,newsletter,27.16,3018,241
2025-10-04,Email,UK,lifecycle,46.92,5213,457
2025-10-04,Email,UK,newsletter,53.72,5968,482
2025-10-04,Email,US,lifecycle,60.33,6703,661
2025-10-04,Email,US,newsletter,60.49,6721,603
2025-10-04,Paid Search,BR,brand,273.72,3802,160
2025-10-04,Paid Search,BR,nonbrand,225.74,3135,154
2025-10-04,Paid Search,DE,brand,303.14,4210,177
2025-10-04,Paid Search,DE,nonbrand,318.62,4425,209
2025-10-04,Paid Search,IN,brand,224.08,3112,142
2025-10-04,Paid Search,IN,nonbrand,232.79,3233,144
2025-10-04,Paid Search,UK,brand,361.24,5017,230
2025-10-04,Paid Search,UK,nonbrand,417.92,5804,270
2025-10-04,Paid Search,US,brand,592.22,8225,404
2025-10-04,Paid Search,US,nonbrand,626.46,8701,396
2025-10-04,Paid Social,BR,prospecting,221.23,17018,303
2025-10-04,Paid Social,BR,retargeting,197.84,15218,261
2025-10-04,Paid Social,DE,prospecting,226.77,17444,306
2025-10-04,Paid Social,DE,retargeting,252.63,19433,350
2025-10-04,Paid Social,IN,prospecting,180.13,13856,244
2025-10-04,Paid Social,IN,retargeting,193.0,14846,290
2025-10-04,Paid Social,UK,prospecting,364.94,28072,509
2025-10-04,Paid Social,UK,retargeting,357.8,27523,445
2025-10-04,Paid Social,US,prospecting,401.92,30917,566
2025-10-04,Paid Social,US,retargeting,424.67,32667,609
2025-10-04,Referral,BR,affiliates,78.95,1755,84
2025-10-04,Referral,DE,affiliates,116.41,2587,126
2025-10-04,Referral,IN,affiliates,71.37,1586,79
2025-10-04,Referral,UK,affiliates,125.1,2780,143
2025-10-04,Referral,US,affiliates,236.45,5254,239
2025-10-04,SEO,BR,organic,24.85,3550,248
2025-10-04,SEO,DE,organic,28.05,4006,267
2025-10-04,SEO,IN,organic,21.72,3103,193
2025-10-04,SEO,UK,organic,40.11,5730,430
2025-10-04,SEO,US,organic,65.66,9380,692
2025-10-05,Display,BR,prospecting,98.88,19776,156
2025-10-05,Display,BR,retargeting,85.23,17045,133
2025-10-05,Display,DE,prospecting,91.17,18233,163
2025-10-05,Display,DE,retargeting,118.75,23749,196
2025-10-05,Display,IN,prospecting,76.54,15307,111
2025-10-05,Display,IN,retargeting,82.78,16556,143
2025-10-05,Display,UK,prospecting,167.66,33531,270
2025-10-05,Display,UK,retargeting,155.51,31102,270
2025-10-05,Display,US,prospecting,202.06,40412,302
2025-10-05,Display,US,retargeting,178.98,35796,277
2025-10-05,Email,BR,lifecycle,21.51,2391,250
2025-10-05,Email,BR,newsletter,28.65,3183,297
2025-10-05,Email,DE,lifecycle,23.13,2571,257
2025-10-05,Email,DE,newsletter,39.84,4427,372
2025-10-05,Email,IN,lifecycle,26.81,2979,268
2025-10-05,Email,IN,newsletter,17.71,1968,171
2025-10-05,Email,UK,lifecycle,44.23,4914,426
2025-10-05,Email,UK,newsletter,38.02,4225,378
2025-10-05,Email,US,lifecycle,48.43,5381,498
2025-10-05,Email,US,newsletter,61.61,6845,554
2025-10-05,Paid Search,BR,brand,283.64,3939,157
2025-10-05,Paid Search,BR,nonbrand,226.51,3146,135
2025-10-05,Paid Search,DE,brand,298.56,4147,198
2025-10-05,Paid Search,DE,nonbrand,269.47,3743,165
2025-10-05,Paid Search,IN,brand,221.76,3080,141
2025-10-05,Paid Search,IN,nonbrand,227.88,3165,157
2025-10-05,Paid Search,UK,brand,366.99,5097,218
2025-10-05,Paid Search,UK,nonbrand,348.98,4847,225
2025-10-05,Paid Search,US,brand,591.09,8210,392
2025-10-05,Paid Search,US,nonbrand,607.12,8432,357
2025-10-05,Paid Social,BR,prospecting,246.17,18936,362
2025-10-05,Paid Social,BR,retargeting,225.81,17370,333
2025-10-05,Paid Social,DE,prospecting,235.09,18084,325
2025-10-05,Paid Social,DE,retargeting,256.73,19749,396
2025-10-05,Paid Social,IN,prospecting,229.98,17691,356
2025-10-05,Paid Social,IN,retargeting,175.05,13465,253
2025-10-05,Paid Social,UK,prospecting,388.49,29884,507
2025-10-05,Paid Social,UK,retargeting,363.32,27948,514
2025-10-05,Paid Social,US,prospecting,564.45,43420,878
2025-10-05,Paid Social,US,retargeting,521.92,40148,728
2025-10-05,Referral,BR,affiliates,107.12,2380,111
2025-10-05,Referral,DE,affiliates,135.48,3011,140
2025-10-05,Referral,IN,affiliates,81.57,1813,93
2025-10-05,Referral,UK,affiliates,153.51,3411,172
2025-10-05,Referral,US,affiliates,178.88,3975,208
2025-10-05,SEO,BR,organic,25.42,3632,255
2025-10-05,SEO,DE,organic,29.56,4223,329
2025-10-05,SEO,IN,organic,20.22,2889,186
2025-10-05,SEO,UK,organic,37.85,5407,375
2025-10-05,SEO,US,organic,64.84,9263,660
2025-10-06,Display,BR,prospecting,81.52,16303,122
2025-10-06,Display,BR,retargeting,85.13,17025,137
2025-10-06,Display,DE,prospecting,83.41,16681,139
2025-10-06,Display,DE,retargeting,106.41,21281,183
2025-10-06,Display,IN,prospecting,88.23,17645,137
2025-10-06,Display,IN,retargeting,79.11,15823,132
2025-10-06,Display,UK,prospecting,135.3,27060,205
2025-10-06,Display,UK,retargeting,136.96,27392,237
2025-10-06,Display,US,prospecting,215.1,43020,330
2025-10-06,Display,US,retargeting,191.4,38280,313
2025-10-06,Email,BR,lifecycle,28.28,3142,285
2025-10-06,Email,BR,newsletter,18.63,2070,184
2025-10-06,Email,DE,lifecycle,30.86,3429,278
2025-10-06,Email,DE,newsletter,30.33,3370,307
2025-10-06,Email,IN,lifecycle,22.16,2462,207
2025-10-06,Email,IN,newsletter,22.94,2549,210
2025-10-06,Email,UK,lifecycle,38.5,4278,386
2025-10-06,Email,UK,newsletter,46.27,5141,508
2025-10-06,Email,US,lifecycle,51.33,5704,492
2025-10-06,Email,US,newsletter,47.77,5308,480
2025-10-06,Paid Search,BR,brand,307.93,4277,207
2025-10-06,Paid Search,BR,nonbrand,264.01,3667,163
2025-10-06,Paid Search,DE,brand,330.28,4587,183
2025-10-06,Paid Search,DE,nonbrand,266.0,3694,151
2025-10-06,Paid Search,IN,brand,249.81,3470,174
2025-10-06,Paid Search,IN,nonbrand,243.28,3379,153
2025-10-06,Paid Search,UK,brand,354.83,4928,201
2025-10-06,Paid Search,UK,nonbrand,446.59,6203,268
2025-10-06,Paid Search,US,brand,536.45,7451,330
2025-10-06,Paid Search,US,nonbrand,510.4,7089,290
2025-10-06,Paid Social,BR,prospecting,200.09,15392,290
2025-10-06,Paid Social,BR,retargeting,165.12,12702,236
2025-10-06,Paid Social,DE,prospecting,280.41,21570,393
2025-10-06,Paid Social,DE,retargeting,207.46,15958,314
2025-10-06,Paid Social,IN,prospecting,186.42,14340,258
2025-10-06,Paid Social,IN,retargeting,172.1,13239,237
2025-10-06,Paid Social,UK,prospecting,372.47,28651,498
2025-10-06,Paid Social,UK,retargeting,344.64,26511,461
2025-10-06,Paid Social,US,prospecting,525.3,40407,747
2025-10-06,Paid Social,US,retargeting,446.09,34315,581
2025-10-06,Referral,BR,affiliates,75.91,1687,81
2025-10-06,Referral,DE,affiliates,84.06,1868,101
2025-10-06,Referral,IN,affiliates,91.88,2042,113
2025-10-06,Referral,UK,affiliates,135.43,3010,160
2025-10-06,Referral,US,affiliates,175.93,3910,201
2025-10-06,SEO,BR,organic,15.44,2206,168
2025-10-06,SEO,DE,organic,26.55,3792,269
2025-10-06,SEO,IN,organic,20.28,2897,210
2025-10-06,SEO,UK,organic,41.66,5952,421
2025-10-06,SEO,US,organic,46.18,6597,418
2025-10-07,Display,BR,prospecting,84.07,16814,140
2025-10-07,Display,BR,retargeting,80.55,16110,127
2025-10-07,Display,DE,prospecting,116.1,23221,183
2025-10-07,Display,DE,retargeting,101.16,20232,187
2025-10-07,Display,IN,prospecting,83.41,16682,145
2025-10-07,Display,IN,retargeting,61.17,12234,93
2025-10-07,Display,UK,prospecting,150.87,30175,260
2025-10-07,Display,UK,retargeting,138.84,27768,225
2025-10-07,Display,US,prospecting,152.55,30511,251
2025-10-07,Display,US,retargeting,180.86,36171,312
2025-10-07,Email,BR,lifecycle,25.49,2832,269
2025-10-07,Email,BR,newsletter,23.9,2656,248
2025-10-07,Email,DE,lifecycle,28.76,3196,280
2025-10-07,Email,DE,newsletter,29.75,3305,289
2025-10-07,Email,IN,lifecycle,25.0,2778,266
2025-10-07,Email,IN,newsletter,27.75,3084,264
2025-10-07,Email,UK,lifecycle,46.8,5200,483
2025-10-07,Email,UK,newsletter,45.15,5017,470
2025-10-07,Email,US,lifecycle,38.45,4273,366
2025-10-07,Email,US,newsletter,60.96,6774,667
2025-10-07,Paid Search,BR,brand,269.45,3742,160
2025-10-07,Paid Search,BR,nonbrand,248.43,3450,145
2025-10-07,Paid Search,DE,brand,330.95,4596,221
2025-10-07,Paid Search,DE,nonbrand,287.4,3992,186
2025-10-07,Paid Search,IN,brand,231.27,3212,139
2025-10-07,Paid Search,IN,nonbrand,218.23,3031,133
2025-10-07,Paid Search,UK,brand,421.51,5854,231
2025-10-07,Paid Search,UK,nonbrand,367.13,5099,237
2025-10-07,Paid Search,US,brand,622.1,8640,406
2025-10-07,Paid Search,US,nonbrand,592.38,8228,345
2025-10-07,Paid Social,BR,prospecting,202.46,15574,298
2025-10-07,Paid Social,BR,retargeting,238.8,18370,350
2025-10-07,Paid Social,DE,prospecting,238.38,18337,312
2025-10-07,Paid Social,DE,retargeting,243.32,18717,342
2025-10-07,Paid Social,IN,prospecting,199.16,15320,288
2025-10-07,Paid Social,IN,retargeting,168.86,12990,242
2025-10-07,Paid Social,UK,prospecting,304.44,23418,434
2025-10-07,Paid Social,UK,retargeting,379.81,29216,498
2025-10-07,Paid Social,US,prospecting,499.19,38399,720
2025-10-07,Paid Social,US,retargeting,455.46,35036,660
2025-10-07,Referral,BR,affiliates,93.83,2085,95
2025-10-07,Referral,DE,affiliates,117.19,2604,128
2025-10-07,Referral,IN,affiliates,84.41,1876,92
2025-10-07,Referral,UK,affiliates,154.14,3425,152
2025-10-07,Referral,US,affiliates,172.78,3840,195
2025-10-07,SEO,BR,organic,22.27,3182,225
2025-10-07,SEO,DE,organic,23.1,3300,234
2025-10-07,SEO,IN,organic,27.87,3981,264
2025-10-07,SEO,UK,organic,34.29,4899,304
2025-10-07,SEO,US,organic,46.97,6711,501
2025-10-08,Display,BR,prospecting,66.76,13352,109
2025-10-08,Display,BR,retargeting,86.77,17353,148
2025-10-08,Display,DE,prospecting,105.36,21073,168
2025-10-08,Display,DE,retargeting,99.99,19998,168
2025-10-08,Display,IN,prospecting,79.43,15886,129
2025-10-08,Display,IN,retargeting,70.57,14115,104
2025-10-08,Display,UK,prospecting,146.44,29289,245
2025-10-08,Display,UK,retargeting,139.91,27981,225
2025-10-08,Display,US,prospecting,213.09,42618,345
2025-10-08,Display,US,retargeting,158.76,31752,231
2025-10-08,Email,BR,lifecycle,25.08,2787,275
2025-10-08,Email,BR,newsletter,26.16,2906,279
2025-10-08,Email,DE,lifecycle,28.9,3211,265
2025-10-08,Email,DE,newsletter,27.03,3004,285
2025-10-08,Email,IN,lifecycle,24.64,2738,247
2025-10-08,Email,IN,newsletter,21.59,2399,210
2025-10-08,Email,UK,lifecycle,39.41,4379,388
2025-10-08,Email,UK,newsletter,39.05,4339,400
2025-10-08,Email,US,lifecycle,59.6,6622,575
2025-10-08,Email,US,newsletter,62.4,6933,595
2025-10-08,Paid Search,BR,brand,195.15,2710,122
2025-10-08,Paid Search,BR,nonbrand,258.48,3590,171
2025-10-08,Paid Search,DE,brand,295.76,4108,184
2025-10-08,Paid Search,DE,nonbrand,252.77,3511,169
2025-10-08,Paid Search,IN,brand,166.59,2314,104
2025-10-08,Paid Search,IN,nonbrand,196.62,2731,119
2025-10-08,Paid Search,UK,brand,357.75,4969,209
2025-10-08,Paid Search,UK,nonbrand,463.95,6444,276
2025-10-08,Paid Search,US,brand,368.05,5112,257
2025-10-08,Paid Search,US,nonbrand,567.16,7877,354
2025-10-08,Paid Social,BR,prospecting,212.95,16381,246
2025-10-08,Paid Social,BR,retargeting,166.91,12839,230
2025-10-08,Paid Social,DE,prospecting,215.28,16560,294
2025-10-08,Paid Social,DE,retargeting,255.25,19634,329
2025-10-08,Paid Social,IN,prospecting,192.83,14833,258
2025-10-08,Paid Social,IN,retargeting,127.43,9802,155
2025-10-08,Paid Social,UK,prospecting,335.18,25783,504
2025-10-08,Paid Social,UK,retargeting,345.39,26568,445
2025-10-08,Paid Social,US,prospecting,414.27,31867,559
2025-10-08,Paid Social,US,retargeting,520.6,40046,660
2025-10-08,Referral,BR,affiliates,84.55,1879,87
2025-10-08,Referral,DE,affiliates,100.5,2233,95
2025-10-08,Referral,IN,affiliates,85.86,1908,101
2025-10-08,Referral,UK,affiliates,138.68,3082,149
2025-10-08,Referral,US,affiliates,210.79,4684,219
2025-10-08,SEO,BR,organic,23.74,3392,223
2025-10-08,SEO,DE,organic,32.94,4705,339
2025-10-08,SEO,IN,organic,18.8,2686,180
2025-10-08,SEO,UK,organic,34.52,4931,392
2025-10-08,SEO,US,organic,46.2,6600,489
2025-10-09,Display,BR,prospecting,89.17,17834,146
2025-10-09,Display,BR,retargeting,81.02,16203,126
2025-10-09,Display,DE,prospecting,101.09,20219,166
2025-10-09,Display,DE,retargeting,87.85,17571,131
2025-10-09,Display,IN,prospecting,71.83,14366,110
2025-10-09,Display,IN,retargeting,68.86,13772,114
2025-10-09,Display,UK,prospecting,113.26,22652,194
2025-10-09,Display,UK,retargeting,135.72,27144,198
2025-10-09,Display,US,prospecting,167.8,33561,285
2025-10-09,Display,US,retargeting,173.81,34762,256
2025-10-09,Email,BR,lifecycle,24.06,2673,277
2025-10-09,Email,BR,newsletter,24.57,2730,243
2025-10-09,Email,DE,lifecycle,33.75,3750,301
2025-10-09,Email,DE,newsletter,37.07,4119,376
2025-10-09,Email,IN,lifecycle,23.84,2649,248
2025-10-09,Email,IN,newsletter,22.02,2447,218
2025-10-09,Email,UK,lifecycle,37.51,4168,342
2025-10-09,Email,UK,newsletter,39.89,4433,374
2025-10-09,Email,US,lifecycle,61.56,6840,685
2025-10-09,Email,US,newsletter,41.93,4659,421
2025-10-09,Paid Search,BR,brand,253.2,3517,153
2025-10-09,Paid Search,BR,nonbrand,187.26,2601,132
2025-10-09,Paid Search,DE,brand,286.26,3976,166
2025-10-09,Paid Search,DE,nonbrand,314.08,4362,195
2025-10-09,Paid Search,IN,brand,187.9,2610,120
2025-10-09,Paid Search,IN,nonbrand,215.74,2996,125
2025-10-09,Paid Search,UK,brand,382.35,5310,232
2025-10-09,Paid Search,UK,nonbrand,386.97,5375,233
2025-10-09,Paid Search,US,brand,566.4,7867,396
2025-10-09,Paid Search,US,nonbrand,554.7,7704,365
2025-10-09,Paid Social,BR,prospecting,184.34,14180,282
2025-10-09,Paid Social,BR,retargeting,191.94,14764,263
2025-10-09,Paid Social,DE,prospecting,296.23,22787,391
2025-10-09,Paid Social,DE,retargeting,301.86,23220,394
2025-10-09,Paid Social,IN,prospecting,182.8,14061,264
2025-10-09,Paid Social,IN,retargeting,161.35,12412,215
2025-10-09,Paid Social,UK,prospecting,341.15,26242,471
2025-10-09,Paid Social,UK,retargeting,277.59,21353,407
2025-10-09,Paid Social,US,prospecting,406.44,31265,555
2025-10-09,Paid Social,US,retargeting,522.62,40201,769
2025-10-09,Referral,BR,affiliates,86.73,1927,90
2025-10-09,Referral,DE,affiliates,113.25,2517,130
2025-10-09,Referral,IN,affiliates,109.42,2431,124
2025-10-09,Referral,UK,affiliates,162.33,3607,175
2025-10-09,Referral,US,affiliates,202.13,4492,227
2025-10-09,SEO,BR,organic,21.58,3083,220
2025-10-09,SEO,DE,organic,31.82,4546,283
2025-10-09,SEO,IN,organic,22.58,3226,252
2025-10-09,SEO,UK,organic,34.7,4957,338
2025-10-09,SEO,US,organic,44.54,6362,485
2025-10-10,Display,BR,prospecting,74.36,14873,118
2025-10-10,Display,BR,retargeting,76.95,15389,128
2025-10-10,Display,DE,prospecting,102.68,20535,160
2025-10-10,Display,DE,retargeting,109.98,21996,177
2025-10-10,Display,IN,prospecting,64.54,12908,94
2025-10-10,Display,IN,retargeting,69.14,13828,121
2025-10-10,Display,UK,prospecting,142.02,28404,242
2025-10-10,Display,UK,retargeting,121.08,24215,214
2025-10-10,Display,US,prospecting,187.32,37465,283
2025-10-10,Display,US,retargeting,152.57,30515,266
2025-10-10,Email,BR,lifecycle,20.84,2315,211
2025-10-10,Email,BR,newsletter,22.72,2524,209
2025-10-10,Email,DE,lifecycle,29.57,3286,292
2025-10-10,Email,DE,newsletter,29.44,3271,353
2025-10-10,Email,IN,lifecycle,21.69,2410,201
2025-10-10,Email,IN,newsletter,23.11,2568,222
2025-10-10,Email,UK,lifecycle,45.36,5040,433
2025-10-10,Email,UK,newsletter,39.79,4422,380
2025-10-10,Email,US,lifecycle,54.47,6052,532
2025-10-10,Email,US,newsletter,65.37,7264,660
2025-10-10,Paid Search,BR,brand,272.66,3787,173
2025-10-10,Paid Search,BR,nonbrand,197.12,2738,110
2025-10-10,Paid Search,DE,brand,304.8,4233,184
2025-10-10,Paid Search,DE,nonbrand,326.39,4533,209
2025-10-10,Paid Search,IN,brand,259.43,3603,162
2025-10-10,Paid Search,IN,nonbrand,233.41,3242,151
2025-10-10,Paid Search,UK,brand,462.0,6417,284
2025-10-10,Paid Search,UK,nonbrand,369.38,5130,246
2025-10-10,Paid Search,US,brand,640.68,8898,371
2025-10-10,Paid Search,US,nonbrand,536.86,7456,354
2025-10-10,Paid Social,BR,prospecting,182.91,14070,263
2025-10-10,Paid Social,BR,retargeting,168.22,12940,246
2025-10-10,Paid Social,DE,prospecting,263.63,20279,338
2025-10-10,Paid Social,DE,retargeting,265.64,20434,349
2025-10-10,Paid Social,IN,prospecting,175.53,13503,222
2025-10-10,Paid Social,IN,retargeting,218.41,16801,308
2025-10-10,Paid Social,UK,prospecting,394.91,30378,565
2025-10-10,Paid Social,UK,retargeting,310.6,23892,379
2025-10-10,Paid Social,US,prospecting,438.31,33717,643
2025-10-10,Paid Social,US,retargeting,360.82,27756,498
2025-10-10,Referral,BR,affiliates,90.61,2014,92
2025-10-10,Referral,DE,affiliates,113.08,2513,122
2025-10-10,Referral,IN,affiliates,81.24,1805,91
2025-10-10,Referral,UK,affiliates,135.54,3012,153
2025-10-10,Referral,US,affiliates,183.3,4073,188
2025-10-10,SEO,BR,organic,21.21,3029,218
2025-10-10,SEO,DE,organic,26.08,3726,252
2025-10-10,SEO,IN,organic,19.75,2822,223
2025-10-10,SEO,UK,organic,35.87,5124,373
2025-10-10,SEO,US,organic,42.66,6095,413
2025-10-11,Display,BR,prospecting,75.37,15075,119
2025-10-11,Display,BR,retargeting,74.03,14806,113
2025-10-11,Display,DE,prospecting,106.96,21392,185
2025-10-11,Display,DE,retargeting,107.29,21457,186
2025-10-11,Display,IN,prospecting,80.75,16149,124
2025-10-11,Display,IN,retargeting,82.83,16566,132
2025-10-11,Display,UK,prospecting,160.92,32183,253
2025-10-11,Display,UK,retargeting,128.95,25791,219
2025-10-11,Display,US,prospecting,230.85,46170,348
2025-10-11,Display,US,retargeting,220.9,44180,369
2025-10-11,Email,BR,lifecycle,23.83,2648,256
2025-10-11,Email,BR,newsletter,26.92,2991,292
2025-10-11,Email,DE,lifecycle,39.65,4406,416
2025-10-11,Email,DE,newsletter,27.14,3016,267
2025-10-11,Email,IN,lifecycle,25.71,2857,260
2025-10-11,Email,IN,newsletter,25.13,2792,284
2025-10-11,Email,UK,lifecycle,40.98,4554,410
2025-10-11,Email,UK,newsletter,44.02,4891,476
2025-10-11,Email,US,lifecycle,70.93,7882,723
2025-10-11,Email,US,newsletter,53.26,5918,563
2025-10-11,Paid Search,BR,brand,295.76,4108,174
2025-10-11,Paid Search,BR,nonbrand,279.03,3875,171
2025-10-11,Paid Search,DE,brand,291.42,4047,171
2025-10-11,Paid Search,DE,nonbrand,301.77,4191,183
2025-10-11,Paid Search,IN,brand,248.35,3449,151
2025-10-11,Paid Search,IN,nonbrand,203.27,2823,121
2025-10-11,Paid Search,UK,brand,412.35,5727,288
2025-10-11,Paid Search,UK,nonbrand,421.57,5855,279
2025-10-11,Paid Search,US,brand,502.83,6984,297
2025-10-11,Paid Search,US,nonbrand,611.61,8495,397
2025-10-11,Paid Social,BR,prospecting,227.64,17511,362
2025-10-11,Paid Social,BR,retargeting,196.51,15116,288
2025-10-11,Paid Social,DE,prospecting,256.89,19761,338
2025-10-11,Paid Social,DE,retargeting,241.29,18561,360
2025-10-11,Paid Social,IN,prospecting,217.14,16703,292
2025-10-11,Paid Social,IN,retargeting,206.17,15859,305
2025-10-11,Paid Social,UK,prospecting,295.16,22705,373
2025-10-11,Paid Social,UK,retargeting,366.12,28163,481
2025-10-11,Paid Social,US,prospecting,409.3,31485,635
2025-10-11,Paid Social,US,retargeting,522.29,40176,625
2025-10-11,Referral,BR,affiliates,91.31,2029,105
2025-10-11,Referral,DE,affiliates,124.98,2777,136
2025-10-11,Referral,IN,affiliates,62.42,1387,75
2025-10-11,Referral,UK,affiliates,172.03,3823,197
2025-10-11,Referral,US,affiliates,212.14,4714,237
2025-10-11,SEO,BR,organic,20.38,2912,202
2025-10-11,SEO,DE,organic,31.13,4447,320
2025-10-11,SEO,IN,organic,24.03,3432,242
2025-10-11,SEO,UK,organic,41.81,5973,408
2025-10-11,SEO,US,organic,54.84,7834,558
2025-10-12,Display,BR,prospecting,102.96,20592,176
2025-10-12,Display,BR,retargeting,88.52,17705,149
2025-10-12,Display,DE,prospecting,93.01,18602,131
2025-10-12,Display,DE,retargeting,126.16,25232,199
2025-10-12,Display,IN,prospecting,89.31,17863,136
2025-10-12,Display,IN,retargeting,74.04,14807,108
2025-10-12,Display,UK,prospecting,142.94,28589,223
2025-10-12,Display,UK,retargeting,141.49,28297,237
2025-10-12,Display,US,prospecting,201.0,40199,332
2025-10-12,Display,US,retargeting,229.48,45896,361
2025-10-12,Email,BR,lifecycle,26.91,2990,256
2025-10-12,Email,BR,newsletter,29.0,3222,304
2025-10-12,Email,DE,lifecycle,30.02,3336,322
2025-10-12,Email,DE,newsletter,41.75,4639,456
2025-10-12,Email,IN,lifecycle,26.79,2977,277
2025-10-12,Email,IN,newsletter,22.48,2498,208
2025-10-12,Email,UK,lifecycle,40.0,4444,418
2025-10-12,Email,UK,newsletter,39.92,4436,411
2025-10-12,Email,US,lifecycle,67.42,7491,632
2025-10-12,Email,US,newsletter,62.17,6908,607
2025-10-12,Paid Search,BR,brand,244.72,3399,151
2025-10-12,Paid Search,BR,nonbrand,171.92,2388,116
2025-10-12,Paid Search,DE,brand,278.04,3862,183
2025-10-12,Paid Search,DE,nonbrand,305.5,4243,181
2025-10-12,Paid Search,IN,brand,214.81,2983,122
2025-10-12,Paid Search,IN,nonbrand,189.72,2635,126
2025-10-12,Paid Search,UK,brand,467.92,6499,312
2025-10-12,Paid Search,UK,nonbrand,468.96,6513,281
2025-10-12,Paid Search,US,brand,553.88,7693,377
2025-10-12,Paid Search,US,nonbrand,596.31,8282,356
2025-10-12,Paid Social,BR,prospecting,214.18,16476,283
2025-10-12,Paid Social,BR,retargeting,215.28,16560,326
2025-10-12,Paid Social,DE,prospecting,231.73,17825,299
2025-10-12,Paid Social,DE,retargeting,222.27,17097,338
2025-10-12,Paid Social,IN,prospecting,224.51,17270,288
2025-10-12,Paid Social,IN,retargeting,188.12,14471,264
2025-10-12,Paid Social,UK,prospecting,319.06,24543,448
2025-10-12,Paid Social,UK,retargeting,406.55,31273,567
2025-10-12,Paid Social,US,prospecting,427.8,32908,645
2025-10-12,Paid Social,US,retargeting,496.7,38208,695
2025-10-12,Referral,BR,affiliates,84.58,1880,89
2025-10-12,Referral,DE,affiliates,136.42,3032,149
2025-10-12,Referral,IN,affiliates,72.96,1621,77
2025-10-12,Referral,UK,affiliates,135.37,3008,150
2025-10-12,Referral,US,affiliates,178.45,3966,190
2025-10-12,SEO,BR,organic,21.73,3105,217
2025-10-12,SEO,DE,organic,35.71,5102,357
2025-10-12,SEO,IN,organic,16.14,2306,160
2025-10-12,SEO,UK,organic,31.46,4494,306
2025-10-12,SEO,US,organic,63.73,9104,592
2025-10-13,Display,BR,prospecting,86.09,17219,146
2025-10-13,Display,BR,retargeting,80.4,16079,137
2025-10-13,Display,DE,prospecting,105.42,21084,166
2025-10-13,Display,DE,retargeting,110.21,22042,192
2025-10-13,Display,IN,prospecting,76.4,15281,129
2025-10-13,Display,IN,retargeting,55.3,11060,100
2025-10-13,Display,UK,prospecting,128.49,25698,227
2025-10-13,Display,UK,retargeting,130.4,26080,180
2025-10-13,Display,US,prospecting,172.36,34473,263
2025-10-13,Display,US,retargeting,169.94,33988,300
2025-10-13,Email,BR,lifecycle,21.97,2441,220
2025-10-13,Email,BR,newsletter,23.53,2614,243
2025-10-13,Email,DE,lifecycle,26.32,2924,255
2025-10-13,Email,DE,newsletter,31.2,3466,343
2025-10-13,Email,IN,lifecycle,23.44,2604,206
2025-10-13,Email,IN,newsletter,19.2,2134,206
2025-10-13,Email,UK,lifecycle,34.35,3817,313
2025-10-13,Email,UK,newsletter,37.68,4187,397
2025-10-13,Email,US,lifecycle,56.71,6301,528
2025-10-13,Email,US,newsletter,54.12,6014,513
2025-10-13,Paid Search,BR,brand,271.64,3773,174
2025-10-13,Paid Search,BR,nonbrand,273.35,3797,156
2025-10-13,Paid Search,DE,brand,264.3,3671,172
2025-10-13,Paid Search,DE,nonbrand,317.12,4404,210
2025-10-13,Paid Search,IN,brand,214.0,2972,130
2025-10-13,Paid Search,IN,nonbrand,270.71,3760,156
2025-10-13,Paid Search,UK,brand,352.71,4899,208
2025-10-13,Paid Search,UK,nonbrand,386.37,5366,231
2025-10-13,Paid Search,US,brand,487.79,6775,286
2025-10-13,Paid Search,US,nonbrand,540.04,7501,338
2025-10-13,Paid Social,BR,prospecting,188.9,14531,234
2025-10-13,Paid Social,BR,retargeting,186.0,14308,261
2025-10-13,Paid Social,DE,prospecting,309.25,23789,417
2025-10-13,Paid Social,DE,retargeting,242.1,18623,339
2025-10-13,Paid Social,IN,prospecting,205.74,15826,275
2025-10-13,Paid Social,IN,retargeting,190.76,14674,287
2025-10-13,Paid Social,UK,prospecting,442.41,34031,610
2025-10-13,Paid Social,UK,retargeting,382.56,29428,580
2025-10-13,Paid Social,US,prospecting,481.44,37034,699
2025-10-13,Paid Social,US,retargeting,422.11,32470,570
2025-10-13,Referral,BR,affiliates,76.48,1700,75
2025-10-13,Referral,DE,affiliates,88.5,1967,96
2025-10-13,Referral,IN,affiliates,80.53,1789,91
2025-10-13,Referral,UK,affiliates,115.75,2572,118
2025-10-13,Referral,US,affiliates,173.67,3859,205
2025-10-13,SEO,BR,organic,19.07,2724,178
2025-10-13,SEO,DE,organic,30.41,4344,344
2025-10-13,SEO,IN,organic,23.95,3422,252
2025-10-13,SEO,UK,organic,38.99,5569,384
2025-10-13,SEO,US,organic,56.53,8076,564
2025-10-14,Display,BR,prospecting,88.58,17715,154
2025-10-14,Display,BR,retargeting,69.83,13967,119
2025-10-14,Display,DE,prospecting,96.89,19377,162
2025-10-14,Display,DE,retargeting,91.66,18331,146
2025-10-14,Display,IN,prospecting,58.84,11769,100
2025-10-14,Display,IN,retargeting,70.61,14122,116
2025-10-14,Display,UK,prospecting,107.21,21443,170
2025-10-14,Display,UK,retargeting,138.94,27788,223
2025-10-14,Display,US,prospecting,193.75,38751,299
2025-10-14,Display,US,retargeting,164.49,32897,242
2025-10-14,Email,BR,lifecycle,24.32,2703,237
2025-10-14,Email,BR,newsletter,17.39,1933,167
2025-10-14,Email,DE,lifecycle,25.24,2805,263
2025-10-14,Email,DE,newsletter,32.58,3620,336
2025-10-14,Email,IN,lifecycle,22.33,2481,239
2025-10-14,Email,IN,newsletter,23.51,2612,233
2025-10-14,Email,UK,lifecycle,35.74,3971,363
2025-10-14,Email,UK,newsletter,37.95,4217,381
2025-10-14,Email,US,lifecycle,52.79,5865,529
2025-10-14,Email,US,newsletter,53.13,5903,549
2025-10-14,Paid Search,BR,brand,264.32,3671,155
2025-10-14,Paid Search,BR,nonbrand,185.8,2581,120
2025-10-14,Paid Search,DE,brand,274.65,3815,154
2025-10-14,Paid Search,DE,nonbrand,271.83,3775,174
2025-10-14,Paid Search,IN,brand,218.37,3033,128
2025-10-14,Paid Search,IN,nonbrand,201.21,2795,127
2025-10-14,Paid Search,UK,brand,386.63,5370,247
2025-10-14,Paid Search,UK,nonbrand,372.77,5177,224
2025-10-14,Paid Search,US,brand,477.71,6635,275
2025-10-14,Paid Search,US,nonbrand,493.98,6861,303
2025-10-14,Paid Social,BR,prospecting,196.23,15095,272
2025-10-14,Paid Social,BR,retargeting,225.42,17340,310
2025-10-14,Paid Social,DE,prospecting,247.02,19002,351
2025-10-14,Paid Social,DE,retargeting,271.88,20914,370
2025-10-14,Paid Social,IN,prospecting,155.84,11988,232
2025-10-14,Paid Social,IN,retargeting,139.1,10700,203
2025-10-14,Paid Social,UK,prospecting,319.51,24578,475
2025-10-14,Paid Social,UK,retargeting,400.68,30822,573
2025-10-14,Paid Social,US,prospecting,480.7,36977,667
2025-10-14,Paid Social,US,retargeting,463.49,35653,620
2025-10-14,Referral,BR,affiliates,89.73,1994,97
2025-10-14,Referral,DE,affiliates,118.46,2632,153
2025-10-14,Referral,IN,affiliates,77.69,1727,86
2025-10-14,Referral,UK,affiliates,127.02,2823,145
2025-10-14,Referral,US,affiliates,160.59,3569,175
2025-10-14,SEO,BR,organic,23.68,3382,238
2025-10-14,SEO,DE,organic,25.45,3636,246
2025-10-14,SEO,IN,organic,20.17,2882,195
2025-10-14,SEO,UK,organic,35.52,5075,329
2025-10-14,SEO,US,organic,52.07,7439,533
2025-10-15,Display,BR,prospecting,83.43,16687,136
2025-10-15,Display,BR,retargeting,84.65,16929,147
2025-10-15,Display,DE,prospecting,84.65,16931,129
2025-10-15,Display,DE,retargeting,113.69,22739,186
2025-10-15,Display,IN,prospecting,73.44,14687,110
2025-10-15,Display,IN,retargeting,63.26,12652,102
2025-10-15,Display,UK,prospecting,142.68,28537,210
2025-10-15,Display,UK,retargeting,149.3,29859,237
2025-10-15,Display,US,prospecting,174.32,34864,248
2025-10-15,Display,US,retargeting,200.55,40109,339
2025-10-15,Email,BR,lifecycle,21.18,2353,188
2025-10-15,Email,BR,newsletter,27.0,3001,286
2025-10-15,Email,DE,lifecycle,32.24,3583,319
2025-10-15,Email,DE,newsletter,35.66,3962,357
2025-10-15,Email,IN,lifecycle,23.62,2624,218
2025-10-15,Email,IN,newsletter,16.78,1864,161
2025-10-15,Email,UK,lifecycle,36.07,4008,366
2025-10-15,Email,UK,newsletter,38.02,4225,374
2025-10-15,Email,US,lifecycle,51.17,5685,502
2025-10-15,Email,US,newsletter,52.08,5787,498
2025-10-15,Paid Search,BR,brand,310.63,4314,186
2025-10-15,Paid Search,BR,nonbrand,261.38,3630,175
2025-10-15,Paid Search,DE,brand,255.27,3545,156
2025-10-15,Paid Search,DE,nonbrand,268.83,3734,173
2025-10-15,Paid Search,IN,brand,236.79,3289,133
2025-10-15,Paid Search,IN,nonbrand,213.99,2972,143
2025-10-15,Paid Search,UK,brand,350.5,4868,214
2025-10-15,Paid Search,UK,nonbrand,386.16,5363,252
2025-10-15,Paid Search,US,brand,513.14,7127,311
2025-10-15,Paid Search,US,nonbrand,642.6,8925,397
2025-10-15,Paid Social,BR,prospecting,235.65,18127,321
2025-10-15,Paid Social,BR,retargeting,203.18,15629,240
2025-10-15,Paid Social,DE,prospecting,288.71,22208,403
2025-10-15,Paid Social,DE,retargeting,240.7,18516,364
2025-10-15,Paid Social,IN,prospecting,209.71,16131,280
2025-10-15,Paid Social,IN,retargeting,187.45,14419,252
2025-10-15,Paid Social,UK,prospecting,254.86,19604,341
2025-10-15,Paid Social,UK,retargeting,334.83,25756,440
2025-10-15,Paid Social,US,prospecting,388.99,29922,545
2025-10-15,Paid Social,US,retargeting,352.85,27142,467
2025-10-15,Referral,BR,affiliates,65.13,1447,68
2025-10-15,Referral,DE,affiliates,104.68,2326,128
2025-10-15,Referral,IN,affiliates,75.76,1684,77
2025-10-15,Referral,UK,affiliates,121.6,2702,136
2025-10-15,Referral,US,affiliates,193.2,4293,218
2025-10-15,SEO,BR,organic,24.9,3557,231
2025-10-15,SEO,DE,organic,26.09,3728,276
2025-10-15,SEO,IN,organic,18.72,2674,162
2025-10-15,SEO,UK,organic,37.5,5357,319
2025-10-15,SEO,US,organic,33.76,4823,325
2025-10-16,Display,BR,prospecting,78.08,15615,135
2025-10-16,Display,BR,retargeting,90.97,18195,148
2025-10-16,Display,DE,prospecting,105.5,21100,166
2025-10-16,Display,DE,retargeting,68.37,13674,107
2025-10-16,Display,IN,prospecting,55.76,11152,93
2025-10-16,Display,IN,retargeting,76.69,15338,114
2025-10-16,Display,UK,prospecting,134.9,26979,229
2025-10-16,Display,UK,retargeting,137.03,27406,228
2025-10-16,Display,US,prospecting,188.77,37755,307
2025-10-16,Display,US,retargeting,203.59,40717,324
2025-10-16,Email,BR,lifecycle,24.97,2775,226
2025-10-16,Email,BR,newsletter,24.83,2758,279
2025-10-16,Email,DE,lifecycle,33.7,3745,348
2025-10-16,Email,DE,newsletter,31.79,3533,320
2025-10-16,Email,IN,lifecycle,20.34,2260,206
2025-10-16,Email,IN,newsletter,23.88,2654,247
2025-10-16,Email,UK,lifecycle,42.42,4714,413
2025-10-16,Email,UK,newsletter,38.01,4223,398
2025-10-16,Email,US,lifecycle,56.9,6322,560
2025-10-16,Email,US,newsletter,46.95,5217,418
2025-10-16,Paid Search,BR,brand,215.56,2994,132
2025-10-16,Paid Search,BR,nonbrand,211.62,2939,133
2025-10-16,Paid Search,DE,brand,301.86,4192,179
2025-10-16,Paid Search,DE,nonbrand,338.61,4703,231
2025-10-16,Paid Search,IN,brand,181.75,2524,108
2025-10-16,Paid Search,IN,nonbrand,206.77,2872,113
2025-10-16,Paid Search,UK,brand,378.74,5260,233
2025-10-16,Paid Search,UK,nonbrand,334.54,4646,197
2025-10-16,Paid Search,US,brand,624.27,8670,400
2025-10-16,Paid Search,US,nonbrand,465.79,6469,327
2025-10-16,Paid Social,BR,prospecting,186.9,14377,269
2025-10-16,Paid Social,BR,retargeting,186.43,14341,233
2025-10-16,Paid Social,DE,prospecting,273.21,21016,423
2025-10-16,Paid Social,DE,retargeting,262.8,20215,343
2025-10-16,Paid Social,IN,prospecting,173.18,13321,250
2025-10-16,Paid Social,IN,retargeting,208.69,16053,287
2025-10-16,Paid Social,UK,prospecting,306.0,23538,418
2025-10-16,Paid Social,UK,retargeting,359.13,27626,543
2025-10-16,Paid Social,US,prospecting,480.18,36937,635
2025-10-16,Paid Social,US,retargeting,522.1,40162,717
2025-10-16,Referral,BR,affiliates,101.18,2249,122
2025-10-16,Referral,DE,affiliates,99.46,2210,115
2025-10-16,Referral,IN,affiliates,75.77,1684,90
2025-10-16,Referral,UK,affiliates,119.47,2655,121
2025-10-16,Referral,US,affiliates,192.72,4283,217
2025-10-16,SEO,BR,organic,25.95,3706,256
2025-10-16,SEO,DE,organic,20.9,2985,219
2025-10-16,SEO,IN,organic,21.39,3056,178
2025-10-16,SEO,UK,organic,45.17,6452,483
2025-10-16,SEO,US,organic,36.78,5254,375
2025-10-17,Display,BR,prospecting,76.16,15231,119
2025-10-17,Display,BR,retargeting,72.56,14512,125
2025-10-17,Display,DE,prospecting,93.47,18694,155
2025-10-17,Display,DE,retargeting,121.32,24263,196
2025-10-17,Display,IN,prospecting,79.21,15841,132
2025-10-17,Display,IN,retargeting,79.22,15844,127
2025-10-17,Display,UK,prospecting,116.8,23360,188
2025-10-17,Display,UK,retargeting,118.56,23711,185
2025-10-17,Display,US,prospecting,172.95,34590,302
2025-10-17,Display,US,retargeting,153.59,30718,255
2025-10-17,Email,BR,lifecycle,25.13,2793,258
2025-10-17,Email,BR,newsletter,23.55,2616,234
2025-10-17,Email,DE,lifecycle,27.44,3049,293
2025-10-17,Email,DE,newsletter,33.01,3668,330
2025-10-17,Email,IN,lifecycle,25.61,2845,284
2025-10-17,Email,IN,newsletter,20.65,2295,201
2025-10-17,Email,UK,lifecycle,34.58,3842,334
2025-10-17,Email,UK,newsletter,28.81,3201,293
2025-10-17,Email,US,lifecycle,52.29,5810,476
2025-10-17,Email,US,newsletter,56.53,6282,628
2025-10-17,Paid Search,BR,brand,222.01,3083,127
2025-10-17,Paid Search,BR,nonbrand,266.16,3697,172
2025-10-17,Paid Search,DE,brand,321.38,4464,216
2025-10-17,Paid Search,DE,nonbrand,326.86,4540,191
2025-10-17,Paid Search,IN,brand,194.84,2706,114
2025-10-17,Paid Search,IN,nonbrand,230.96,3208,162
2025-10-17,Paid Search,UK,brand,433.74,6024,274
2025-10-17,Paid Search,UK,nonbrand,412.78,5733,264
2025-10-17,Paid Search,US,brand,649.19,9016,403
2025-10-17,Paid Search,US,nonbrand,559.2,7767,313
2025-10-17,Paid Social,BR,prospecting,185.84,14296,274
2025-10-17,Paid Social,BR,retargeting,193.85,14911,262
2025-10-17,Paid Social,DE,prospecting,230.86,17759,277
2025-10-17,Paid Social,DE,retargeting,240.9,18531,335
2025-10-17,Paid Social,IN,prospecting,164.22,12633,248
2025-10-17,Paid Social,IN,retargeting,177.96,13689,252
2025-10-17,Paid Social,UK,prospecting,219.24,16865,323
2025-10-17,Paid Social,UK,retargeting,271.03,20849,345
2025-10-17,Paid Social,US,prospecting,467.42,35956,591
2025-10-17,Paid Social,US,retargeting,470.65,36204,633
2025-10-17,Referral,BR,affiliates,85.38,1897,96
2025-10-17,Referral,DE,affiliates,130.71,2905,147
2025-10-17,Referral,IN,affiliates,69.8,1551,81
2025-10-17,Referral,UK,affiliates,147.05,3268,160
2025-10-17,Referral,US,affiliates,166.78,3706,184
2025-10-17,SEO,BR,organic,18.87,2696,181
2025-10-17,SEO,DE,organic,28.71,4101,290
2025-10-17,SEO,IN,organic,19.6,2799,195
2025-10-17,SEO,UK,organic,32.87,4696,339
2025-10-17,SEO,US,organic,53.32,7617,539
2025-10-18,Display,BR,prospecting,92.88,18575,147
2025-10-18,Display,BR,retargeting,77.52,15504,136
2025-10-18,Display,DE,prospecting,109.07,21814,190
2025-10-18,Display,DE,retargeting,89.12,17824,144
2025-10-18,Display,IN,prospecting,71.38,14277,106
2025-10-18,Display,IN,retargeting,57.54,11508,96
2025-10-18,Display,UK,prospecting,136.03,27205,237
2025-10-18,Display,UK,retargeting,104.51,20902,165
2025-10-18,Display,US,prospecting,210.86,42171,317
2025-10-18,Display,US,retargeting,187.71,37542,257
2025-10-18,Email,BR,lifecycle,20.5,2278,211
2025-10-18,Email,BR,newsletter,19.43,2158,195
2025-10-18,Email,DE,lifecycle,27.78,3087,275
2025-10-18,Email,DE,newsletter,32.06,3562,342
2025-10-18,Email,IN,lifecycle,18.64,2072,197
2025-10-18,Email,IN,newsletter,23.37,2596,222
2025-10-18,Email,UK,lifecycle,33.0,3667,315
2025-10-18,Email,UK,newsletter,42.97,4774,425
2025-10-18,Email,US,lifecycle,61.1,6789,608
2025-10-18,Email,US,newsletter,55.36,6152,584
2025-10-18,Paid Search,BR,brand,245.45,3409,150
2025-10-18,Paid Search,BR,nonbrand,352.91,4901,244
2025-10-18,Paid Search,DE,brand,257.85,3581,148
2025-10-18,Paid Search,DE,nonbrand,341.5,4743,206
2025-10-18,Paid Search,IN,brand,241.23,3350,156
2025-10-18,Paid Search,IN,nonbrand,283.26,3934,173
2025-10-18,Paid Search,UK,brand,336.65,4676,218
2025-10-18,Paid Search,UK,nonbrand,333.63,4634,218
2025-10-18,Paid Search,US,brand,550.21,7642,330
2025-10-18,Paid Search,US,nonbrand,551.29,7657,340
2025-10-18,Paid Social,BR,prospecting,168.83,12987,233
2025-10-18,Paid Social,BR,retargeting,243.42,18725,315
2025-10-18,Paid Social,DE,prospecting,249.09,19161,355
2025-10-18,Paid Social,DE,retargeting,288.26,22174,410
2025-10-18,Paid Social,IN,prospecting,190.69,14669,264
2025-10-18,Paid Social,IN,retargeting,153.26,11789,206
2025-10-18,Paid Social,UK,prospecting,364.13,28010,501
2025-10-18,Paid Social,UK,retargeting,372.16,28628,523
2025-10-18,Paid Social,US,prospecting,564.33,43410,729
2025-10-18,Paid Social,US,retargeting,428.16,32936,527
2025-10-18,Referral,BR,affiliates,86.93,1932,88
2025-10-18,Referral,DE,affiliates,122.79,2729,146
2025-10-18,Referral,IN,affiliates,86.77,1928,97
2025-10-18,Referral,UK,affiliates,146.21,3249,166
2025-10-18,Referral,US,affiliates,214.15,4759,239
2025-10-18,SEO,BR,organic,20.83,2976,221
2025-10-18,SEO,DE,organic,32.53,4648,332
2025-10-18,SEO,IN,organic,17.9,2557,188
2025-10-18,SEO,UK,organic,32.2,4600,304
2025-10-18,SEO,US,organic,60.87,8695,592
2025-10-19,Display,BR,prospecting,96.29,19258,165
2025-10-19,Display,BR,retargeting,77.0,15399,115
2025-10-19,Display,DE,prospecting,104.37,20874,154
2025-10-19,Display,DE,retargeting,112.26,22451,162
2025-10-19,Display,IN,prospecting,66.3,13260,106
2025-10-19,Display,IN,retargeting,70.49,14097,116
2025-10-19,Display,UK,prospecting,143.9,28780,234
2025-10-19,Display,UK,retargeting,128.25,25649,213
2025-10-19,Display,US,prospecting,158.82,31764,270
2025-10-19,Display,US,retargeting,189.38,37876,298
2025-10-19,Email,BR,lifecycle,25.64,2848,240
2025-10-19,Email,BR,newsletter,24.52,2724,230
2025-10-19,Email,DE,lifecycle,37.63,4181,401
2025-10-19,Email,DE,newsletter,34.59,3843,328
2025-10-19,Email,IN,lifecycle,23.41,2601,213
2025-10-19,Email,IN,newsletter,21.84,2427,242
2025-10-19,Email,UK,lifecycle,43.93,4881,443
2025-10-19,Email,UK,newsletter,39.7,4411,363
2025-10-19,Email,US,lifecycle,61.49,6833,672
2025-10-19,Email,US,newsletter,48.23,5359,537
2025-10-19,Paid Search,BR,brand,239.35,3324,151
2025-10-19,Paid Search,BR,nonbrand,184.94,2569,129
2025-10-19,Paid Search,DE,brand,318.84,4428,218
2025-10-19,Paid Search,DE,nonbrand,353.19,4905,223
2025-10-19,Paid Search,IN,brand,230.32,3199,149
2025-10-19,Paid Search,IN,nonbrand,249.34,3463,157
2025-10-19,Paid Search,UK,brand,445.94,6194,273
2025-10-19,Paid Search,UK,nonbrand,401.26,5573,249
2025-10-19,Paid Search,US,brand,703.0,9764,422
2025-10-19,Paid Search,US,nonbrand,693.01,9625,465
2025-10-19,Paid Social,BR,prospecting,210.85,16219,288
2025-10-19,Paid Social,BR,retargeting,235.04,18080,341
2025-10-19,Paid Social,DE,prospecting,310.88,23914,431
2025-10-19,Paid Social,DE,retargeting,214.13,16472,281
2025-10-19,Paid Social,IN,prospecting,213.64,16434,313
2025-10-19,Paid Social,IN,retargeting,184.61,14201,279
2025-10-19,Paid Social,UK,prospecting,387.53,29810,501
2025-10-19,Paid Social,UK,retargeting,307.63,23664,438
2025-10-19,Paid Social,US,prospecting,509.39,39184,707
2025-10-19,Paid Social,US,retargeting,443.33,34102,661
2025-10-19,Referral,BR,affiliates,93.31,2074,107
2025-10-19,Referral,DE,affiliates,107.37,2386,121
2025-10-19,Referral,IN,affiliates,96.75,2150,106
2025-10-19,Referral,UK,affiliates,153.26,3406,187
2025-10-19,Referral,US,affiliates,229.25,5095,259
2025-10-19,SEO,BR,organic,20.57,2939,225
2025-10-19,SEO,DE,organic,32.49,4642,319
2025-10-19,SEO,IN,organic,14.7,2099,147
2025-10-19,SEO,UK,organic,38.55,5507,396
2025-10-19,SEO,US,organic,54.24,7749,588
2025-10-20,Display,BR,prospecting,77.7,15539,131
2025-10-20,Display,BR,retargeting,62.56,12511,96
2025-10-20,Display,DE,prospecting,108.4,21679,159
2025-10-20,Display,DE,retargeting,102.94,20589,160
2025-10-20,Display,IN,prospecting,78.86,15771,129
2025-10-20,Display,IN,retargeting,74.85,14971,115
2025-10-20,Display,UK,prospecting,121.81,24362,195
2025-10-20,Display,UK,retargeting,109.5,21899,167
2025-10-20,Display,US,prospecting,154.82,30964,247
2025-10-20,Display,US,retargeting,159.96,31991,267
2025-10-20,Email,BR,lifecycle,19.21,2134,210
2025-10-20,Email,BR,newsletter,21.03,2337,201
2025-10-20,Email,DE,lifecycle,24.26,2696,225
2025-10-20,Email,DE,newsletter,29.26,3251,290
2025-10-20,Email,IN,lifecycle,20.49,2277,203
2025-10-20,Email,IN,newsletter,25.24,2805,219
2025-10-20,Email,UK,lifecycle,36.19,4021,386
2025-10-20,Email,UK,newsletter,30.39,3377,321
2025-10-20,Email,US,lifecycle,51.42,5713,488
2025-10-20,Email,US,newsletter,46.31,5146,487
2025-10-20,Paid Search,BR,brand,209.91,2915,128
2025-10-20,Paid Search,BR,nonbrand,254.62,3536,159
2025-10-20,Paid Search,DE,brand,286.01,3972,178
2025-10-20,Paid Search,DE,nonbrand,224.06,3112,135
2025-10-20,Paid Search,IN,brand,230.21,3197,136
2025-10-20,Paid Search,IN,nonbrand,176.18,2447,114
2025-10-20,Paid Search,UK,brand,402.86,5595,268
2025-10-20,Paid Search,UK,nonbrand,427.38,5936,283
2025-10-20,Paid Search,US,brand,531.03,7375,318
2025-10-20,Paid Search,US,nonbrand,471.45,6548,269
2025-10-20,Paid Social,BR,prospecting,211.28,16252,302
2025-10-20,Paid Social,BR,retargeting,169.08,13006,216
2025-10-20,Paid Social,DE,prospecting,287.77,22136,418
2025-10-20,Paid Social,DE,retargeting,291.93,22456,389
2025-10-20,Paid Social,IN,prospecting,191.17,14705,273
2025-10-20,Paid Social,IN,retargeting,207.08,15929,268
2025-10-20,Paid Social,UK,prospecting,290.7,22361,464
2025-10-20,Paid Social,UK,retargeting,323.95,24920,425
2025-10-20,Paid Social,US,prospecting,496.62,38202,676
2025-10-20,Paid Social,US,retargeting,350.59,26968,478
2025-10-20,Referral,BR,affiliates,77.6,1724,87
2025-10-20,Referral,DE,affiliates,116.45,2588,136
2025-10-20,Referral,IN,affiliates,92.52,2056,103
2025-10-20,Referral,UK,affiliates,148.08,3291,154
2025-10-20,Referral,US,affiliates,164.76,3661,173
2025-10-20,SEO,BR,organic,18.34,2620,171
2025-10-20,SEO,DE,organic,28.31,4044,250
2025-10-20,SEO,IN,organic,23.35,3335,245
2025-10-20,SEO,UK,organic,36.29,5184,381
2025-10-20,SEO,US,organic,45.28,6468,446
2025-10-21,Display,BR,prospecting,97.63,19526,153
2025-10-21,Display,BR,retargeting,96.99,19398,141
2025-10-21,Display,DE,prospecting,100.31,20063,151
2025-10-21,Display,DE,retargeting,110.91,22182,164
2025-10-21,Display,IN,prospecting,76.48,15296,124
2025-10-21,Display,IN,retargeting,59.55,11911,95
2025-10-21,Display,UK,prospecting,130.35,26070,228
2025-10-21,Display,UK,retargeting,118.89,23778,184
2025-10-21,Display,US,prospecting,146.18,29235,209
2025-10-21,Display,US,retargeting,184.07,36813,293
2025-10-21,Email,BR,lifecycle,18.22,2024,170
2025-10-21,Email,BR,newsletter,20.03,2226,187
2025-10-21,Email,DE,lifecycle,32.87,3653,342
2025-10-21,Email,DE,newsletter,29.25,3250,288
2025-10-21,Email,IN,lifecycle,19.85,2205,213
2025-10-21,Email,IN,newsletter,22.14,2460,218
2025-10-21,Email,UK,lifecycle,39.02,4335,418
2025-10-21,Email,UK,newsletter,37.45,4161,384
2025-10-21,Email,US,lifecycle,59.72,6635,629
2025-10-21,Email,US,newsletter,44.59,4954,464
2025-10-21,Paid Search,BR,brand,156.8,2178,96
2025-10-21,Paid Search,BR,nonbrand,183.66,2551,111
2025-10-21,Paid Search,DE,brand,305.21,4239,177
2025-10-21,Paid Search,DE,nonbrand,340.83,4734,223
2025-10-21,Paid Search,IN,brand,183.29,2546,113
2025-10-21,Paid Search,IN,nonbrand,179.3,2490,117
2025-10-21,Paid Search,UK,brand,363.06,5042,211
2025-10-21,Paid Search,UK,nonbrand,405.15,5627,249
2025-10-21,Paid Search,US,brand,638.82,8872,378
2025-10-21,Paid Search,US,nonbrand,481.19,6683,289
2025-10-21,Paid Social,BR,prospecting,215.08,16544,293
2025-10-21,Paid Social,BR,retargeting,179.5,13808,241
2025-10-21,Paid Social,DE,prospecting,189.3,14562,273
2025-10-21,Paid Social,DE,retargeting,211.71,16286,281
2025-10-21,Paid Social,IN,prospecting,173.68,13360,242
2025-10-21,Paid Social,IN,retargeting,184.74,14211,261
2025-10-21,Paid Social,UK,prospecting,307.37,23644,398
2025-10-21,Paid Social,UK,retargeting,444.22,34171,641
2025-10-21,Paid Social,US,prospecting,464.97,35767,587
2025-10-21,Paid Social,US,retargeting,423.23,32556,560
2025-10-21,Referral,BR,affiliates,81.62,1814,89
2025-10-21,Referral,DE,affiliates,103.67,2304,119
2025-10-21,Referral,IN,affiliates,92.08,2046,107
2025-10-21,Referral,UK,affiliates,110.88,2464,129
2025-10-21,Referral,US,affiliates,180.3,4007,205
2025-10-21,SEO,BR,organic,18.34,2620,183
2025-10-21,SEO,DE,organic,27.16,3881,277
2025-10-21,SEO,IN,organic,18.6,2657,196
2025-10-21,SEO,UK,organic,38.38,5483,368
2025-10-21,SEO,US,organic,54.52,7789,550
2025-10-22,Display,BR,prospecting,76.19,15238,114
2025-10-22,Display,BR,retargeting,73.83,14767,126
2025-10-22,Display,DE,prospecting,87.2,17440,127
2025-10-22,Display,DE,retargeting,93.7,18740,146
2025-10-22,Display,IN,prospecting,73.53,14706,106
2025-10-22,Display,IN,retargeting,78.25,15650,121
2025-10-22,Display,UK,prospecting,102.75,20550,149
2025-10-22,Display,UK,retargeting,133.84,26768,217
2025-10-22,Display,US,prospecting,174.39,34879,264
2025-10-22,Display,US,retargeting,160.83,32167,277
2025-10-22,Email,BR,lifecycle,21.74,2416,221
2025-10-22,Email,BR,newsletter,23.03,2559,232
2025-10-22,Email,DE,lifecycle,27.26,3029,289
2025-10-22,Email,DE,newsletter,29.68,3298,266
2025-10-22,Email,IN,lifecycle,22.25,2472,212
2025-10-22,Email,IN,newsletter,20.63,2292,209
2025-10-22,Email,UK,lifecycle,45.02,5003,420
2025-10-22,Email,UK,newsletter,37.23,4137,359
2025-10-22,Email,US,lifecycle,51.23,5692,406
2025-10-22,Email,US,newsletter,49.36,5484,505
2025-10-22,Paid Search,BR,brand,221.9,3082,139
2025-10-22,Paid Search,BR,nonbrand,246.1,3418,145
2025-10-22,Paid Search,DE,brand,292.18,4058,175
2025-10-22,Paid Search,DE,nonbrand,306.4,4256,189
2025-10-22,Paid Search,IN,brand,223.8,3108,124
2025-10-22,Paid Search,IN,nonbrand,204.33,2838,130
2025-10-22,Paid Search,UK,brand,322.48,4479,202
2025-10-22,Paid Search,UK,nonbrand,417.82,5803,258
2025-10-22,Paid Search,US,brand,520.85,7234,370
2025-10-22,Paid Search,US,nonbrand,465.44,6465,282
2025-10-22,Paid Social,BR,prospecting,197.62,15202,268
2025-10-22,Paid Social,BR,retargeting,206.21,15862,278
2025-10-22,Paid Social,DE,prospecting,259.95,19996,356
2025-10-22,Paid Social,DE,retargeting,267.09,20546,401
2025-10-22,Paid Social,IN,prospecting,196.81,15139,285
2025-10-22,Paid Social,IN,retargeting,148.4,11415,215
2025-10-22,Paid Social,UK,prospecting,361.19,27784,498
2025-10-22,Paid Social,UK,retargeting,337.0,25923,452
2025-10-22,Paid Social,US,prospecting,490.57,37736,678
2025-10-22,Paid Social,US,retargeting,413.53,31810,534
2025-10-22,Referral,BR,affiliates,71.93,1599,87
2025-10-22,Referral,DE,affiliates,98.64,2192,110
2025-10-22,Referral,IN,affiliates,67.55,1501,75
2025-10-22,Referral,UK,affiliates,148.22,3294,154
2025-10-22,Referral,US,affiliates,198.83,4418,232
2025-10-22,SEO,BR,organic,19.52,2789,192
2025-10-22,SEO,DE,organic,22.9,3271,235
2025-10-22,SEO,IN,organic,17.67,2525,191
2025-10-22,SEO,UK,organic,32.44,4635,332
2025-10-22,SEO,US,organic,51.06,7294,466
2025-10-23,Display,BR,prospecting,64.86,12972,103
2025-10-23,Display,BR,retargeting,69.87,13973,102
2025-10-23,Display,DE,prospecting,101.12,20225,148
2025-10-23,Display,DE,retargeting,72.29,14459,110
2025-10-23,Display,IN,prospecting,90.18,18035,145
2025-10-23,Display,IN,retargeting,80.39,16078,141
2025-10-23,Display,UK,prospecting,150.84,30167,233
2025-10-23,Display,UK,retargeting,131.13,26226,227
2025-10-23,Display,US,prospecting,143.08,28617,216
2025-10-23,Display,US,retargeting,163.89,32778,281
2025-10-23,Email,BR,lifecycle,31.21,3468,304
2025-10-23,Email,BR,newsletter,21.86,2429,214
2025-10-23,Email,DE,lifecycle,30.6,3400,323
2025-10-23,Email,DE,newsletter,27.82,3091,293
2025-10-23,Email,IN,lifecycle,18.53,2059,181
2025-10-23,Email,IN,newsletter,20.52,2280,223
2025-10-23,Email,UK,lifecycle,39.28,4364,388
2025-10-23,Email,UK,newsletter,44.9,4989,481
2025-10-23,Email,US,lifecycle,52.71,5857,502
2025-10-23,Email,US,newsletter,55.64,6182,550
2025-10-23,Paid Search,BR,brand,244.02,3389,147
2025-10-23,Paid Search,BR,nonbrand,227.87,3165,151
2025-10-23,Paid Search,DE,brand,241.14,3349,143
2025-10-23,Paid Search,DE,nonbrand,327.51,4549,193
2025-10-23,Paid Search,IN,brand,242.25,3365,147
2025-10-23,Paid Search,IN,nonbrand,207.3,2879,137
2025-10-23,Paid Search,UK,brand,392.82,5456,284
2025-10-23,Paid Search,UK,nonbrand,386.41,5367,227
2025-10-23,Paid Search,US,brand,534.02,7417,340
2025-10-23,Paid Search,US,nonbrand,546.16,7586,337
2025-10-23,Paid Social,BR,prospecting,217.06,16697,319
2025-10-23,Paid Social,BR,retargeting,202.98,15614,301
2025-10-23,Paid Social,DE,prospecting,239.86,18451,336
2025-10-23,Paid Social,DE,retargeting,235.45,18112,363
2025-10-23,Paid Social,IN,prospecting,181.49,13961,279
2025-10-23,Paid Social,IN,retargeting,229.21,17632,311
2025-10-23,Paid Social,UK,prospecting,256.38,19721,362
2025-10-23,Paid Social,UK,retargeting,290.9,22377,420
2025-10-23,Paid Social,US,prospecting,370.46,28497,503
2025-10-23,Paid Social,US,retargeting,368.46,28343,534
2025-10-23,Referral,BR,affiliates,86.82,1929,91
2025-10-23,Referral,DE,affiliates,96.3,2140,113
2025-10-23,Referral,IN,affiliates,75.97,1688,81
2025-10-23,Referral,UK,affiliates,118.44,2632,122
2025-10-23,Referral,US,affiliates,186.79,4151,212
2025-10-23,SEO,BR,organic,22.95,3279,236
2025-10-23,SEO,DE,organic,26.96,3851,279
2025-10-23,SEO,IN,organic,17.82,2545,180
2025-10-23,SEO,UK,organic,31.17,4453,331
2025-10-23,SEO,US,organic,53.11,7587,548
2025-10-24,Display,BR,prospecting,61.68,12337,95
2025-10-24,Display,BR,retargeting,67.23,13446,96
2025-10-24,Display,DE,prospecting,101.32,20263,153
2025-10-24,Display,DE,retargeting,93.36,18673,158
2025-10-24,Display,IN,prospecting,76.7,15339,127
2025-10-24,Display,IN,retargeting,69.88,13976,118
2025-10-24,Display,UK,prospecting,129.82,25964,197
2025-10-24,Display,UK,retargeting,158.47,31693,266
2025-10-24,Display,US,prospecting,160.4,32080,252
2025-10-24,Display,US,retargeting,172.8,34559,261
2025-10-24,Email,BR,lifecycle,25.49,2833,257
2025-10-24,Email,BR,newsletter,22.01,2445,225
2025-10-24,Email,DE,lifecycle,32.92,3658,306
2025-10-24,Email,DE,newsletter,30.92,3435,329
2025-10-24,Email,IN,lifecycle,26.9,2989,263
2025-10-24,Email,IN,newsletter,21.0,2333,205
2025-10-24,Email,UK,lifecycle,45.91,5102,399
2025-10-24,Email,UK,newsletter,36.36,4040,369
2025-10-24,Email,US,lifecycle,46.32,5147,410
2025-10-24,Email,US,newsletter,48.0,5333,495
2025-10-24,Paid Search,BR,brand,219.43,3048,143
2025-10-24,Paid Search,BR,nonbrand,236.86,3290,136
2025-10-24,Paid Search,DE,brand,247.38,3436,143
2025-10-24,Paid Search,DE,nonbrand,305.08,4237,191
2025-10-24,Paid Search,IN,brand,226.29,3143,145
2025-10-24,Paid Search,IN,nonbrand,169.62,2356,109
2025-10-24,Paid Search,UK,brand,364.02,5056,231
2025-10-24,Paid Search,UK,nonbrand,443.28,6157,294
2025-10-24,Paid Search,US,brand,547.79,7608,361
2025-10-24,Paid Search,US,nonbrand,438.31,6088,248
2025-10-24,Paid Social,BR,prospecting,211.41,16263,315
2025-10-24,Paid Social,BR,retargeting,169.86,13066,227
2025-10-24,Paid Social,DE,prospecting,212.82,16371,282
2025-10-24,Paid Social,DE,retargeting,239.57,18429,334
2025-10-24,Paid Social,IN,prospecting,165.91,12763,221
2025-10-24,Paid Social,IN,retargeting,151.36,11643,203
2025-10-24,Paid Social,UK,prospecting,272.56,20966,383
2025-10-24,Paid Social,UK,retargeting,339.78,26137,419
2025-10-24,Paid Social,US,prospecting,430.92,33148,555
2025-10-24,Paid Social,US,retargeting,478.07,36775,610
2025-10-24,Referral,BR,affiliates,82.15,1825,97
2025-10-24,Referral,DE,affiliates,107.45,2388,116
2025-10-24,Referral,IN,affiliates,73.15,1626,79
2025-10-24,Referral,UK,affiliates,128.64,2859,133
2025-10-24,Referral,US,affiliates,155.87,3464,170
2025-10-24,SEO,BR,organic,18.95,2707,191
2025-10-24,SEO,DE,organic,23.95,3421,240
2025-10-24,SEO,IN,organic,22.34,3192,227
2025-10-24,SEO,UK,organic,28.2,4028,258
2025-10-24,SEO,US,organic,36.25,5179,352
2025-10-25,Display,BR,prospecting,66.83,13367,118
2025-10-25,Display,BR,retargeting,79.91,15981,119
2025-10-25,Display,DE,prospecting,111.19,22238,191
2025-10-25,Display,DE,retargeting,102.01,20401,173
2025-10-25,Display,IN,prospecting,70.88,14176,124
2025-10-25,Display,IN,retargeting,69.69,13938,108
2025-10-25,Display,UK,prospecting,121.25,24251,168
2025-10-25,Display,UK,retargeting,147.78,29556,252
2025-10-25,Display,US,prospecting,163.51,32702,268
2025-10-25,Display,US,retargeting,154.87,30975,260
2025-10-25,Email,BR,lifecycle,29.34,3260,309
2025-10-25,Email,BR,newsletter,27.37,3042,259
2025-10-25,Email,DE,lifecycle,33.22,3692,328
2025-10-25,Email,DE,newsletter,33.32,3702,321
2025-10-25,Email,IN,lifecycle,19.31,2145,200
2025-10-25,Email,IN,newsletter,29.68,3297,344
2025-10-25,Email,UK,lifecycle,41.56,4618,418
2025-10-25,Email,UK,newsletter,45.26,5029,460
2025-10-25,Email,US,lifecycle,54.73,6082,588
2025-10-25,Email,US,newsletter,63.19,7021,611
2025-10-25,Paid Search,BR,brand,309.82,4303,210
2025-10-25,Paid Search,BR,nonbrand,223.92,3110,138
2025-10-25,Paid Search,DE,brand,315.39,4380,198
2025-10-25,Paid Search,DE,nonbrand,316.13,4391,200
2025-10-25,Paid Search,IN,brand,234.32,3254,154
2025-10-25,Paid Search,IN,nonbrand,253.14,3516,175
2025-10-25,Paid Search,UK,brand,430.74,5983,292
2025-10-25,Paid Search,UK,nonbrand,465.54,6466,278
2025-10-25,Paid Search,US,brand,781.51,10854,474
2025-10-25,Paid Search,US,nonbrand,533.23,7406,345
2025-10-25,Paid Social,BR,prospecting,237.5,18270,350
2025-10-25,Paid Social,BR,retargeting,228.36,17566,325
2025-10-25,Paid Social,DE,prospecting,270.13,20779,388
2025-10-25,Paid Social,DE,retargeting,254.33,19563,346
2025-10-25,Paid Social,IN,prospecting,175.74,13519,229
2025-10-25,Paid Social,IN,retargeting,186.46,14343,257
2025-10-25,Paid Social,UK,prospecting,339.64,26127,465
2025-10-25,Paid Social,UK,retargeting,327.54,25195,463
2025-10-25,Paid Social,US,prospecting,469.22,36094,635
2025-10-25,Paid Social,US,retargeting,543.65,41820,759
2025-10-25,Referral,BR,affiliates,91.41,2031,99
2025-10-25,Referral,DE,affiliates,103.51,2300,115
2025-10-25,Referral,IN,affiliates,87.77,1950,97
2025-10-25,Referral,UK,affiliates,115.16,2559,133
2025-10-25,Referral,US,affiliates,190.5,4233,214
2025-10-25,SEO,BR,organic,25.17,3596,246
2025-10-25,SEO,DE,organic,29.7,4242,314
2025-10-25,SEO,IN,organic,19.28,2755,192
2025-10-25,SEO,UK,organic,31.14,4448,321
2025-10-25,SEO,US,organic,52.36,7480,554
2025-10-26,Display,BR,prospecting,79.5,15901,133
2025-10-26,Display,BR,retargeting,76.68,15336,110
2025-10-26,Display,DE,prospecting,117.57,23514,185
2025-10-26,Display,DE,retargeting,78.86,15771,130
2025-10-26,Display,IN,prospecting,81.46,16293,125
2025-10-26,Display,IN,retargeting,55.42,11085,82
2025-10-26,Display,UK,prospecting,98.27,19655,165
2025-10-26,Display,UK,retargeting,171.37,34274,275
2025-10-26,Display,US,prospecting,221.65,44330,394
2025-10-26,Display,US,retargeting,141.78,28356,213
2025-10-26,Email,BR,lifecycle,26.93,2992,282
2025-10-26,Email,BR,newsletter,25.87,2874,256
2025-10-26,Email,DE,lifecycle,30.26,3362,308
2025-10-26,Email,DE,newsletter,34.45,3828,366
2025-10-26,Email,IN,lifecycle,20.38,2264,185
2025-10-26,Email,IN,newsletter,19.37,2152,203
2025-10-26,Email,UK,lifecycle,46.88,5209,486
2025-10-26,Email,UK,newsletter,48.77,5419,514
2025-10-26,Email,US,lifecycle,71.09,7899,748
2025-10-26,Email,US,newsletter,55.66,6184,521
2025-10-26,Paid Search,BR,brand,251.37,3491,153
2025-10-26,Paid Search,BR,nonbrand,274.48,3812,173
2025-10-26,Paid Search,DE,brand,352.44,4895,204
2025-10-26,Paid Search,DE,nonbrand,303.35,4213,200
2025-10-26,Paid Search,IN,brand,227.41,3158,136
2025-10-26,Paid Search,IN,nonbrand,200.07,2779,129
2025-10-26,Paid Search,UK,brand,419.38,5825,264
2025-10-26,Paid Search,UK,nonbrand,440.68,6121,281
2025-10-26,Paid Search,US,brand,622.37,8644,385
2025-10-26,Paid Search,US,nonbrand,418.83,5817,272
2025-10-26,Paid Social,BR,prospecting,233.84,17988,321
2025-10-26,Paid Social,BR,retargeting,186.78,14368,262
2025-10-26,Paid Social,DE,prospecting,219.09,16853,269
2025-10-26,Paid Social,DE,retargeting,269.45,20727,360
2025-10-26,Paid Social,IN,prospecting,201.15,15473,262
2025-10-26,Paid Social,IN,retargeting,167.85,12911,244
2025-10-26,Paid Social,UK,prospecting,317.1,24392,434
2025-10-26,Paid Social,UK,retargeting,308.38,23722,416
2025-10-26,Paid Social,US,prospecting,456.81,35139,620
2025-10-26,Paid Social,US,retargeting,469.02,36079,627
2025-10-26,Referral,BR,affiliates,105.12,2336,117
2025-10-26,Referral,DE,affiliates,113.62,2525,119
2025-10-26,Referral,IN,affiliates,80.99,1800,85
2025-10-26,Referral,UK,affiliates,160.41,3565,180
2025-10-26,Referral,US,affiliates,189.36,4208,206
2025-10-26,SEO,BR,organic,25.97,3710,261
2025-10-26,SEO,DE,organic,25.33,3618,240
2025-10-26,SEO,IN,organic,22.03,3147,217
2025-10-26,SEO,UK,organic,35.32,5046,361
2025-10-26,SEO,US,organic,60.88,8698,561
2025-10-27,Display,BR,prospecting,75.17,15034,115
2025-10-27,Display,BR,retargeting,90.66,18133,147
2025-10-27,Display,DE,prospecting,89.51,17901,143
2025-10-27,Display,DE,retargeting,97.18,19436,144
2025-10-27,Display,IN,prospecting,68.44,13689,106
2025-10-27,Display,IN,retargeting,77.8,15560,127
2025-10-27,Display,UK,prospecting,144.78,28957,224
2025-10-27,Display,UK,retargeting,139.93,27986,244
2025-10-27,Display,US,prospecting,153.29,30658,224
2025-10-27,Display,US,retargeting,193.14,38629,310
2025-10-27,Email,BR,lifecycle,23.77,2641,248
2025-10-27,Email,BR,newsletter,21.82,2424,206
2025-10-27,Email,DE,lifecycle,33.85,3761,348
2025-10-27,Email,DE,newsletter,31.22,3469,283
2025-10-27,Email,IN,lifecycle,18.6,2066,193
2025-10-27,Email,IN,newsletter,24.03,2670,206
2025-10-27,Email,UK,lifecycle,36.12,4013,395
2025-10-27,Email,UK,newsletter,35.75,3972,372
2025-10-27,Email,US,lifecycle,46.55,5173,437
2025-10-27,Email,US,newsletter,50.38,5598,494
2025-10-27,Paid Search,BR,brand,267.9,3721,172
2025-10-27,Paid Search,BR,nonbrand,191.65,2662,116
2025-10-27,Paid Search,DE,brand,212.91,2957,116
2025-10-27,Paid Search,DE,nonbrand,302.73,4205,194
2025-10-27,Paid Search,IN,brand,191.33,2657,127
2025-10-27,Paid Search,IN,nonbrand,250.74,3482,175
2025-10-27,Paid Search,UK,brand,460.92,6402,298
2025-10-27,Paid Search,UK,nonbrand,429.64,5967,267
2025-10-27,Paid Search,US,brand,477.62,6634,286
2025-10-27,Paid Search,US,nonbrand,536.98,7458,346
2025-10-27,Paid Social,BR,prospecting,229.72,17671,277
2025-10-27,Paid Social,BR,retargeting,223.55,17196,326
2025-10-27,Paid Social,DE,prospecting,228.1,17546,331
2025-10-27,Paid Social,DE,retargeting,254.9,19607,353
2025-10-27,Paid Social,IN,prospecting,175.44,13495,257
2025-10-27,Paid Social,IN,retargeting,155.17,11936,208
2025-10-27,Paid Social,UK,prospecting,310.81,23909,424
2025-10-27,Paid Social,UK,retargeting,403.48,31037,597
2025-10-27,Paid Social,US,prospecting,458.1,35238,611
2025-10-27,Paid Social,US,retargeting,418.98,32229,562
2025-10-27,Referral,BR,affiliates,74.52,1656,79
2025-10-27,Referral,DE,affiliates,114.07,2535,120
2025-10-27,Referral,IN,affiliates,73.56,1635,83
2025-10-27,Referral,UK,affiliates,109.6,2436,119
2025-10-27,Referral,US,affiliates,181.78,4039,201
2025-10-27,SEO,BR,organic,21.32,3046,210
2025-10-27,SEO,DE,organic,27.38,3911,298
2025-10-27,SEO,IN,organic,18.14,2592,164
2025-10-27,SEO,UK,organic,33.88,4841,377
2025-10-27,SEO,US,organic,49.33,7047,506
2025-10-28,Display,BR,prospecting,83.51,16701,125
2025-10-28,Display,BR,retargeting,65.62,13124,98
2025-10-28,Display,DE,prospecting,104.21,20843,157
2025-10-28,Display,DE,retargeting,84.03,16805,134
2025-10-28,Display,IN,prospecting,81.51,16302,129
2025-10-28,Display,IN,retargeting,87.76,17551,136
2025-10-28,Display,UK,prospecting,137.26,27451,232
2025-10-28,Display,UK,retargeting,145.4,29080,208
2025-10-28,Display,US,prospecting,146.85,29371,228
2025-10-28,Display,US,retargeting,158.24,31648,263
2025-10-28,Email,BR,lifecycle,25.64,2849,265
2025-10-28,Email,BR,newsletter,21.43,2381,217
2025-10-28,Email,DE,lifecycle,29.95,3328,302
2025-10-28,Email,DE,newsletter,35.89,3988,359
2025-10-28,Email,IN,lifecycle,21.73,2415,209
2025-10-28,Email,IN,newsletter,22.67,2519,207
2025-10-28,Email,UK,lifecycle,39.09,4343,349
2025-10-28,Email,UK,newsletter,38.37,4264,390
2025-10-28,Email,US,lifecycle,54.84,6093,558
2025-10-28,Email,US,newsletter,52.2,5801,563
2025-10-28,Paid Search,BR,brand,238.82,3317,147
2025-10-28,Paid Search,BR,nonbrand,266.06,3695,169
2025-10-28,Paid Search,DE,brand,301.45,4187,184
2025-10-28,Paid Search,DE,nonbrand,278.62,3870,179
2025-10-28,Paid Search,IN,brand,210.43,2923,120
2025-10-28,Paid Search,IN,nonbrand,258.63,3592,170
2025-10-28,Paid Search,UK,brand,374.84,5206,233
2025-10-28,Paid Search,UK,nonbrand,420.68,5843,246
2025-10-28,Paid Search,US,brand,581.58,8078,306
2025-10-28,Paid Search,US,nonbrand,489.73,6802,290
2025-10-28,Paid Social,BR,prospecting,189.03,14541,259
2025-10-28,Paid Social,BR,retargeting,205.22,15786,299
2025-10-28,Paid Social,DE,prospecting,218.09,16776,302
2025-10-28,Paid Social,DE,retargeting,271.84,20911,364
2025-10-28,Paid Social,IN,prospecting,147.69,11360,218
2025-10-28,Paid Social,IN,retargeting,167.29,12868,217
2025-10-28,Paid Social,UK,prospecting,272.83,20987,352
2025-10-28,Paid Social,UK,retargeting,362.78,27906,501
2025-10-28,Paid Social,US,prospecting,467.22,35940,683
2025-10-28,Paid Social,US,retargeting,456.83,35141,591
2025-10-28,Referral,BR,affiliates,81.06,1801,86
2025-10-28,Referral,DE,affiliates,104.28,2317,98
2025-10-28,Referral,IN,affiliates,88.64,1970,94
2025-10-28,Referral,UK,affiliates,117.46,2610,134
2025-10-28,Referral,US,affiliates,182.4,4053,188
2025-10-28,SEO,BR,organic,23.62,3374,259
2025-10-28,SEO,DE,organic,29.81,4259,280
2025-10-28,SEO,IN,organic,16.03,2289,172
2025-10-28,SEO,UK,organic,42.81,6115,442
2025-10-28,SEO,US,organic,51.58,7369,448
2025-10-29,Display,BR,prospecting,76.79,15357,117
2025-10-29,Display,BR,retargeting,62.83,12565,90
2025-10-29,Display,DE,prospecting,76.38,15276,127
2025-10-29,Display,DE,retargeting,103.82,20763,153
2025-10-29,Display,IN,prospecting,73.01,14602,119
2025-10-29,Display,IN,retargeting,85.85,17170,134
2025-10-29,Display,UK,prospecting,131.67,26333,216
2025-10-29,Display,UK,retargeting,122.89,24578,220
2025-10-29,Display,US,prospecting,178.53,35706,270
2025-10-29,Display,US,retargeting,217.78,43556,331
2025-10-29,Email,BR,lifecycle,21.34,2371,197
2025-10-29,Email,BR,newsletter,21.85,2428,197
2025-10-29,Email,DE,lifecycle,41.66,4629,452
2025-10-29,Email,DE,newsletter,32.54,3616,323
2025-10-29,Email,IN,lifecycle,23.77,2641,238
2025-10-29,Email,IN,newsletter,25.1,2789,255
2025-10-29,Email,UK,lifecycle,34.21,3801,320
2025-10-29,Email,UK,newsletter,46.52,5169,460
2025-10-29,Email,US,lifecycle,49.17,5464,527
2025-10-29,Email,US,newsletter,60.72,6746,562
2025-10-29,Paid Search,BR,brand,254.08,3529,162
2025-10-29,Paid Search,BR,nonbrand,219.8,3053,159
2025-10-29,Paid Search,DE,brand,330.19,4586,184
2025-10-29,Paid Search,DE,nonbrand,319.03,4431,203
2025-10-29,Paid Search,IN,brand,243.92,3388,141
2025-10-29,Paid Search,IN,nonbrand,205.58,2855,115
2025-10-29,Paid Search,UK,brand,337.94,4694,209
2025-10-29,Paid Search,UK,nonbrand,364.94,5069,220
2025-10-29,Paid Search,US,brand,497.51,6910,285
2025-10-29,Paid Search,US,nonbrand,427.22,5934,268
2025-10-29,Paid Social,BR,prospecting,161.95,12458,214
2025-10-29,Paid Social,BR,retargeting,166.46,12805,230
2025-10-29,Paid Social,DE,prospecting,226.34,17411,304
2025-10-29,Paid Social,DE,retargeting,281.47,21651,387
2025-10-29,Paid Social,IN,prospecting,194.53,14964,261
2025-10-29,Paid Social,IN,retargeting,190.06,14620,281
2025-10-29,Paid Social,UK,prospecting,329.3,25331,515
2025-10-29,Paid Social,UK,retargeting,334.36,25720,498
2025-10-29,Paid Social,US,prospecting,453.81,34909,557
2025-10-29,Paid Social,US,retargeting,432.39,33261,576
2025-10-29,Referral,BR,affiliates,65.9,1464,71
2025-10-29,Referral,DE,affiliates,127.1,2824,145
2025-10-29,Referral,IN,affiliates,76.23,1694,80
2025-10-29,Referral,UK,affiliates,118.45,2632,132
2025-10-29,Referral,US,affiliates,219.67,4882,264
2025-10-29,SEO,BR,organic,17.19,2456,164
2025-10-29,SEO,DE,organic,26.85,3835,267
2025-10-29,SEO,IN,organic,20.87,2982,204
2025-10-29,SEO,UK,organic,27.29,3898,266
2025-10-29,SEO,US,organic,46.43,6633,481
2025-10-30,Display,BR,prospecting,84.7,16941,131
2025-10-30,Display,BR,retargeting,82.01,16403,131
2025-10-30,Display,DE,prospecting,94.77,18953,169
2025-10-30,Display,DE,retargeting,93.31,18662,148
2025-10-30,Display,IN,prospecting,73.72,14745,119
2025-10-30,Display,IN,retargeting,68.86,13772,103
2025-10-30,Display,UK,prospecting,141.49,28297,235
2025-10-30,Display,UK,retargeting,111.67,22334,202
2025-10-30,Display,US,prospecting,208.1,41620,308
2025-10-30,Display,US,retargeting,214.02,42804,359
2025-10-30,Email,BR,lifecycle,24.38,2709,260
2025-10-30,Email,BR,newsletter,22.39,2488,226
2025-10-30,Email,DE,lifecycle,22.94,2549,212
2025-10-30,Email,DE,newsletter,28.13,3125,283
2025-10-30,Email,IN,lifecycle,22.49,2499,222
2025-10-30,Email,IN,newsletter,22.75,2528,212
2025-10-30,Email,UK,lifecycle,34.7,3856,350
2025-10-30,Email,UK,newsletter,39.52,4391,442
2025-10-30,Email,US,lifecycle,38.13,4236,412
2025-10-30,Email,US,newsletter,43.38,4820,402
2025-10-30,Paid Search,BR,brand,238.49,3312,163
2025-10-30,Paid Search,BR,nonbrand,191.92,2666,119
2025-10-30,Paid Search,DE,brand,283.15,3933,169
2025-10-30,Paid Search,DE,nonbrand,233.54,3244,144
2025-10-30,Paid Search,IN,brand,208.51,2896,136
2025-10-30,Paid Search,IN,nonbrand,222.67,3093,161
2025-10-30,Paid Search,UK,brand,392.87,5457,234
2025-10-30,Paid Search,UK,nonbrand,322.58,4480,218
2025-10-30,Paid Search,US,brand,488.7,6787,272
2025-10-30,Paid Search,US,nonbrand,586.85,8151,347
2025-10-30,Paid Social,BR,prospecting,207.62,15970,285
2025-10-30,Paid Social,BR,retargeting,180.09,13853,224
2025-10-30,Paid Social,DE,prospecting,238.31,18332,325
2025-10-30,Paid Social,DE,retargeting,249.95,19227,355
2025-10-30,Paid Social,IN,prospecting,166.12,12778,201
2025-10-30,Paid Social,IN,retargeting,203.57,15659,289
2025-10-30,Paid Social,UK,prospecting,314.76,24212,430
2025-10-30,Paid Social,UK,retargeting,305.43,23495,436
2025-10-30,Paid Social,US,prospecting,423.49,32576,517
2025-10-30,Paid Social,US,retargeting,376.49,28961,522
2025-10-30,Referral,BR,affiliates,87.46,1944,86
2025-10-30,Referral,DE,affiliates,102.72,2283,119
2025-10-30,Referral,IN,affiliates,76.33,1696,101
2025-10-30,Referral,UK,affiliates,134.63,2992,151
2025-10-30,Referral,US,affiliates,179.99,4000,223
2025-10-30,SEO,BR,organic,19.14,2734,194
2025-10-30,SEO,DE,organic,26.65,3807,277
2025-10-30,SEO,IN,organic,21.29,3042,207
2025-10-30,SEO,UK,organic,35.56,5080,349
2025-10-30,SEO,US,organic,46.74,6677,462
2025-10-31,Display,BR,prospecting,77.2,15441,122
2025-10-31,Display,BR,retargeting,75.8,15161,121
2025-10-31,Display,DE,prospecting,92.83,18565,141
2025-10-31,Display,DE,retargeting,118.58,23716,197
2025-10-31,Display,IN,prospecting,58.21,11642,97
2025-10-31,Display,IN,retargeting,61.16,12232,92
2025-10-31,Display,UK,prospecting,141.21,28241,220
2025-10-31,Display,UK,retargeting,121.09,24218,199
2025-10-31,Display,US,prospecting,170.37,34075,274
2025-10-31,Display,US,retargeting,162.28,32456,252
2025-10-31,Email,BR,lifecycle,26.29,2921,246
2025-10-31,Email,BR,newsletter,24.65,2739,242
2025-10-31,Email,DE,lifecycle,22.85,2539,225
2025-10-31,Email,DE,newsletter,30.36,3374,305
2025-10-31,Email,IN,lifecycle,24.85,2761,257
2025-10-31,Email,IN,newsletter,21.13,2347,218
2025-10-31,Email,UK,lifecycle,37.36,4151,337
2025-10-31,Email,UK,newsletter,40.12,4458,384
2025-10-31,Email,US,lifecycle,55.31,6146,540
2025-10-31,Email,US,newsletter,62.14,6904,643
2025-10-31,Paid Search,BR,brand,268.21,3725,173
2025-10-31,Paid Search,BR,nonbrand,274.47,3812,167
2025-10-31,Paid Search,DE,brand,306.98,4264,181
2025-10-31,Paid Search,DE,nonbrand,269.25,3740,161
2025-10-31,Paid Search,IN,brand,188.63,2620,130
2025-10-31,Paid Search,IN,nonbrand,179.96,2499,109
2025-10-31,Paid Search,UK,brand,394.09,5473,253
2025-10-31,Paid Search,UK,nonbrand,403.32,5602,255
2025-10-31,Paid Search,US,brand,574.86,7984,311
2025-10-31,Paid Search,US,nonbrand,437.0,6069,268
2025-10-31,Paid Social,BR,prospecting,209.96,16151,279
2025-10-31,Paid Social,BR,retargeting,179.39,13799,245
2025-10-31,Paid Social,DE,prospecting,210.73,16210,289
2025-10-31,Paid Social,DE,retargeting,289.32,22255,391
2025-10-31,Paid Social,IN,prospecting,209.6,16123,278
2025-10-31,Paid Social,IN,retargeting,167.82,12910,246
2025-10-31,Paid Social,UK,prospecting,341.05,26235,489
2025-10-31,Paid Social,UK,retargeting,308.03,23695,423
2025-10-31,Paid Social,US,prospecting,393.81,30293,545
2025-10-31,Paid Social,US,retargeting,398.12,30625,559
2025-10-31,Referral,BR,affiliates,81.74,1816,93
2025-10-31,Referral,DE,affiliates,118.96,2644,141
2025-10-31,Referral,IN,affiliates,78.81,1751,98
2025-10-31,Referral,UK,affiliates,133.91,2976,146
2025-10-31,Referral,US,affiliates,146.3,3251,156
2025-10-31,SEO,BR,organic,20.94,2992,216
2025-10-31,SEO,DE,organic,28.4,4057,275
2025-10-31,SEO,IN,organic,17.24,2463,167
2025-10-31,SEO,UK,organic,31.16,4451,349
2025-10-31,SEO,US,organic,53.83,7690,551
2025-11-01,Display,BR,prospecting,95.37,19074,163
2025-11-01,Display,BR,retargeting,92.67,18534,132
2025-11-01,Display,DE,prospecting,139.7,27940,247
2025-11-01,Display,DE,retargeting,115.36,23073,196
2025-11-01,Display,IN,prospecting,87.93,17585,131
2025-11-01,Display,IN,retargeting,96.06,19211,155
2025-11-01,Display,UK,prospecting,162.4,32480,248
2025-11-01,Display,UK,retargeting,158.47,31694,266
2025-11-01,Display,US,prospecting,213.24,42649,341
2025-11-01,Display,US,retargeting,274.37,54875,424
2025-11-01,Email,BR,lifecycle,30.96,3440,308
2025-11-01,Email,BR,newsletter,24.99,2777,253
2025-11-01,Email,DE,lifecycle,39.97,4441,359
2025-11-01,Email,DE,newsletter,41.76,4640,416
2025-11-01,Email,IN,lifecycle,23.59,2621,236
2025-11-01,Email,IN,newsletter,29.39,3266,286
2025-11-01,Email,UK,lifecycle,40.02,4447,404
2025-11-01,Email,UK,newsletter,45.28,5031,473
2025-11-01,Email,US,lifecycle,59.98,6665,520
2025-11-01,Email,US,newsletter,71.68,7964,699
2025-11-01,Paid Search,BR,brand,287.57,3994,161
2025-11-01,Paid Search,BR,nonbrand,283.35,3935,188
2025-11-01,Paid Search,DE,brand,326.94,4541,194
2025-11-01,Paid Search,DE,nonbrand,444.68,6176,283
2025-11-01,Paid Search,IN,brand,246.38,3422,159
2025-11-01,Paid Search,IN,nonbrand,281.45,3909,192
2025-11-01,Paid Search,UK,brand,553.74,7691,328
2025-11-01,Paid Search,UK,nonbrand,507.29,7046,298
2025-11-01,Paid Search,US,brand,645.12,8960,374
2025-11-01,Paid Search,US,nonbrand,704.19,9780,497
2025-11-01,Paid Social,BR,prospecting,282.89,21761,391
2025-11-01,Paid Social,BR,retargeting,242.61,18662,336
2025-11-01,Paid Social,DE,prospecting,353.73,27210,528
2025-11-01,Paid Social,DE,retargeting,300.88,23144,412
2025-11-01,Paid Social,IN,prospecting,181.47,13959,260
2025-11-01,Paid Social,IN,retargeting,191.76,14751,278
2025-11-01,Paid Social,UK,prospecting,406.28,31252,551
2025-11-01,Paid Social,UK,retargeting,470.18,36167,682
2025-11-01,Paid Social,US,prospecting,606.12,46625,844
2025-11-01,Paid Social,US,retargeting,516.55,39734,682
2025-11-01,Referral,BR,affiliates,101.78,2262,114
2025-11-01,Referral,DE,affiliates,141.83,3152,147
2025-11-01,Referral,IN,affiliates,100.66,2237,113
2025-11-01,Referral,UK,affiliates,185.77,4128,194
2025-11-01,Referral,US,affiliates,231.02,5134,269
2025-11-01,SEO,BR,organic,26.07,3725,268
2025-11-01,SEO,DE,organic,38.48,5497,402
2025-11-01,SEO,IN,organic,23.17,3310,213
2025-11-01,SEO,UK,organic,43.45,6207,425
2025-11-01,SEO,US,organic,52.54,7506,506
2025-11-02,Display,BR,prospecting,88.48,17695,133
2025-11-02,Display,BR,retargeting,101.45,20290,155
2025-11-02,Display,DE,prospecting,116.6,23320,191
2025-11-02,Display,DE,retargeting,124.97,24994,206
2025-11-02,Display,IN,prospecting,86.55,17311,142
2025-11-02,Display,IN,retargeting,85.82,17163,135
2025-11-02,Display,UK,prospecting,153.61,30722,247
2025-11-02,Display,UK,retargeting,146.5,29300,234
2025-11-02,Display,US,prospecting,247.03,49405,352
2025-11-02,Display,US,retargeting,237.96,47592,397
2025-11-02,Email,BR,lifecycle,32.77,3641,321
2025-11-02,Email,BR,newsletter,33.51,3723,302
2025-11-02,Email,DE,lifecycle,35.51,3946,368
2025-11-02,Email,DE,newsletter,31.59,3509,309
2025-11-02,Email,IN,lifecycle,28.21,3134,306
2025-11-02,Email,IN,newsletter,26.86,2985,249
2025-11-02,Email,UK,lifecycle,48.44,5382,503
2025-11-02,Email,UK,newsletter,51.45,5717,512
2025-11-02,Email,US,lifecycle,66.63,7403,630
2025-11-02,Email,US,newsletter,64.0,7111,659
2025-11-02,Paid Search,BR,brand,302.17,4197,194
2025-11-02,Paid Search,BR,nonbrand,350.48,4868,222
2025-11-02,Paid Search,DE,brand,351.39,4880,246
2025-11-02,Paid Search,DE,nonbrand,329.71,4579,202
2025-11-02,Paid Search,IN,brand,267.73,3718,167
2025-11-02,Paid Search,IN,nonbrand,245.8,3414,154
2025-11-02,Paid Search,UK,brand,522.96,7263,340
2025-11-02,Paid Search,UK,nonbrand,537.52,7466,342
2025-11-02,Paid Search,US,brand,663.14,9210,447
2025-11-02,Paid Search,US,nonbrand,587.7,8163,369
2025-11-02,Paid Social,BR,prospecting,274.2,21093,356
2025-11-02,Paid Social,BR,retargeting,231.84,17834,327
2025-11-02,Paid Social,DE,prospecting,314.66,24205,520
2025-11-02,Paid Social,DE,retargeting,335.49,25807,459
2025-11-02,Paid Social,IN,prospecting,213.13,16395,294
2025-11-02,Paid Social,IN,retargeting,230.37,17721,361
2025-11-02,Paid Social,UK,prospecting,405.93,31225,550
2025-11-02,Paid Social,UK,retargeting,410.68,31590,596
2025-11-02,Paid Social,US,prospecting,557.18,42860,790
2025-11-02,Paid Social,US,retargeting,550.66,42359,758
2025-11-02,Referral,BR,affiliates,99.49,2211,101
2025-11-02,Referral,DE,affiliates,149.95,3332,171
2025-11-02,Referral,IN,affiliates,100.56,2235,117
2025-11-02,Referral,UK,affiliates,166.88,3709,204
2025-11-02,Referral,US,affiliates,276.01,6133,333
2025-11-02,SEO,BR,organic,29.7,4243,292
2025-11-02,SEO,DE,organic,31.28,4469,306
2025-11-02,SEO,IN,organic,23.51,3358,234
2025-11-02,SEO,UK,organic,39.45,5635,408
2025-11-02,SEO,US,organic,51.78,7398,488
2025-11-03,Display,BR,prospecting,102.89,20577,187
2025-11-03,Display,BR,retargeting,89.33,17865,142
2025-11-03,Display,DE,prospecting,117.87,23574,189
2025-11-03,Display,DE,retargeting,107.05,21409,184
2025-11-03,Display,IN,prospecting,70.66,14132,108
2025-11-03,Display,IN,retargeting,85.18,17037,157
2025-11-03,Display,UK,prospecting,139.14,27828,235
2025-11-03,Display,UK,retargeting,128.88,25775,204
2025-11-03,Display,US,prospecting,218.58,43716,350
2025-11-03,Display,US,retargeting,182.43,36485,277
2025-11-03,Email,BR,lifecycle,26.94,2994,275
2025-11-03,Email,BR,newsletter,28.22,3135,293
2025-11-03,Email,DE,lifecycle,36.09,4010,373
2025-11-03,Email,DE,newsletter,40.92,4547,407
2025-11-03,Email,IN,lifecycle,23.29,2588,247
2025-11-03,Email,IN,newsletter,26.36,2929,248
2025-11-03,Email,UK,lifecycle,42.35,4705,391
2025-11-03,Email,UK,newsletter,43.73,4859,449
2025-11-03,Email,US,lifecycle,66.37,7374,694
2025-11-03,Email,US,newsletter,67.74,7527,718
2025-11-03,Paid Search,BR,brand,275.24,3823,185
2025-11-03,Paid Search,BR,nonbrand,302.29,4199,205
2025-11-03,Paid Search,DE,brand,265.46,3687,166
2025-11-03,Paid Search,DE,nonbrand,320.13,4446,220
2025-11-03,Paid Search,IN,brand,230.85,3206,125
2025-11-03,Paid Search,IN,nonbrand,210.15,2919,140
2025-11-03,Paid Search,UK,brand,458.24,6364,305
2025-11-03,Paid Search,UK,nonbrand,390.05,5417,242
2025-11-03,Paid Search,US,brand,594.21,8253,370
2025-11-03,Paid Search,US,nonbrand,707.23,9823,411
2025-11-03,Paid Social,BR,prospecting,271.0,20846,346
2025-11-03,Paid Social,BR,retargeting,189.51,14578,251
2025-11-03,Paid Social,DE,prospecting,333.78,25675,496
2025-11-03,Paid Social,DE,retargeting,288.77,22213,392
2025-11-03,Paid Social,IN,prospecting,184.48,14191,258
2025-11-03,Paid Social,IN,retargeting,213.68,16437,316
2025-11-03,Paid Social,UK,prospecting,302.63,23279,408
2025-11-03,Paid Social,UK,retargeting,230.72,17748,329
2025-11-03,Paid Social,US,prospecting,433.92,33379,581
2025-11-03,Paid Social,US,retargeting,494.9,38069,722
2025-11-03,Referral,BR,affiliates,87.24,1939,101
2025-11-03,Referral,DE,affiliates,144.91,3220,161
2025-11-03,Referral,IN,affiliates,101.94,2265,120
2025-11-03,Referral,UK,affiliates,174.35,3874,210
2025-11-03,Referral,US,affiliates,206.69,4593,216
2025-11-03,SEO,BR,organic,20.63,2947,223
2025-11-03,SEO,DE,organic,31.13,4447,313
2025-11-03,SEO,IN,organic,22.63,3233,233
2025-11-03,SEO,UK,organic,43.91,6273,433
2025-11-03,SEO,US,organic,49.7,7101,484
2025-11-04,Display,BR,prospecting,71.62,14324,108
2025-11-04,Display,BR,retargeting,87.26,17451,137
2025-11-04,Display,DE,prospecting,86.5,17299,142
2025-11-04,Display,DE,retargeting,88.32,17664,144
2025-11-04,Display,IN,prospecting,78.3,15660,124
2025-11-04,Display,IN,retargeting,83.36,16672,138
2025-11-04,Display,UK,prospecting,153.64,30727,245
2025-11-04,Display,UK,retargeting,153.56,30713,237
2025-11-04,Display,US,prospecting,207.51,41503,308
2025-11-04,Display,US,retargeting,136.27,27253,206
2025-11-04,Email,BR,lifecycle,31.67,3519,307
2025-11-04,Email,BR,newsletter,17.68,1964,174
2025-11-04,Email,DE,lifecycle,28.57,3174,343
2025-11-04,Email,DE,newsletter,29.85,3316,323
2025-11-04,Email,IN,lifecycle,24.79,2755,236
2025-11-04,Email,IN,newsletter,28.27,3141,297
2025-11-04,Email,UK,lifecycle,45.11,5012,455
2025-11-04,Email,UK,newsletter,34.23,3803,368
2025-11-04,Email,US,lifecycle,60.9,6766,686
2025-11-04,Email,US,newsletter,56.94,6326,585
2025-11-04,Paid Search,BR,brand,254.14,3530,157
2025-11-04,Paid Search,BR,nonbrand,238.03,3306,150
2025-11-04,Paid Search,DE,brand,236.49,3285,150
2025-11-04,Paid Search,DE,nonbrand,294.21,4086,199
2025-11-04,Paid Search,IN,brand,255.36,3547,140
2025-11-04,Paid Search,IN,nonbrand,232.93,3235,140
2025-11-04,Paid Search,UK,brand,515.78,7164,329
2025-11-04,Paid Search,UK,nonbrand,391.02,5431,295
2025-11-04,Paid Search,US,brand,616.23,8559,415
2025-11-04,Paid Search,US,nonbrand,645.58,8966,408
2025-11-04,Paid Social,BR,prospecting,235.69,18130,350
2025-11-04,Paid Social,BR,retargeting,182.67,14051,270
2025-11-04,Paid Social,DE,prospecting,268.95,20688,360
2025-11-04,Paid Social,DE,retargeting,256.14,19703,345
2025-11-04,Paid Social,IN,prospecting,177.55,13658,238
2025-11-04,Paid Social,IN,retargeting,206.89,15915,274
2025-11-04,Paid Social,UK,prospecting,387.23,29787,486
2025-11-04,Paid Social,UK,retargeting,471.84,36295,563
2025-11-04,Paid Social,US,prospecting,482.11,37086,631
2025-11-04,Paid Social,US,retargeting,506.05,38927,631
2025-11-04,Referral,BR,affiliates,121.63,2703,147
2025-11-04,Referral,DE,affiliates,92.27,2050,107
2025-11-04,Referral,IN,affiliates,72.56,1612,80
2025-11-04,Referral,UK,affiliates,163.1,3624,199
2025-11-04,Referral,US,affiliates,199.53,4434,193
2025-11-04,SEO,BR,organic,21.89,3127,191
2025-11-04,SEO,DE,organic,34.55,4936,342
2025-11-04,SEO,IN,organic,26.52,3789,254
2025-11-04,SEO,UK,organic,43.82,6259,467
2025-11-04,SEO,US,organic,52.8,7542,534
2025-11-05,Display,BR,prospecting,90.78,18157,133
2025-11-05,Display,BR,retargeting,72.84,14568,114
2025-11-05,Display,DE,prospecting,104.9,20980,172
2025-11-05,Display,DE,retargeting,106.83,21366,169
2025-11-05,Display,IN,prospecting,84.51,16903,149
2025-11-05,Display,IN,retargeting,81.21,16242,121
2025-11-05,Display,UK,prospecting,170.51,34102,261
2025-11-05,Display,UK,retargeting,128.41,25682,205
2025-11-05,Display,US,prospecting,183.36,36672,294
2025-11-05,Display,US,retargeting,213.42,42683,363
2025-11-05,Email,BR,lifecycle,25.63,2848,254
2025-11-05,Email,BR,newsletter,26.55,2950,269
2025-11-05,Email,DE,lifecycle,33.07,3674,351
2025-11-05,Email,DE,newsletter,36.41,4045,351
2025-11-05,Email,IN,lifecycle,27.3,3033,295
2025-11-05,Email,IN,newsletter,24.36,2707,214
2025-11-05,Email,UK,lifecycle,36.9,4101,342
2025-11-05,Email,UK,newsletter,41.94,4660,412
2025-11-05,Email,US,lifecycle,61.47,6830,613
2025-11-05,Email,US,newsletter,61.17,6797,588
2025-11-05,Paid Search,BR,brand,275.62,3828,183
2025-11-05,Paid Search,BR,nonbrand,260.17,3613,160
2025-11-05,Paid Search,DE,brand,365.73,5080,204
2025-11-05,Paid Search,DE,nonbrand,341.8,4747,222
2025-11-05,Paid Search,IN,brand,256.06,3556,161
2025-11-05,Paid Search,IN,nonbrand,227.48,3159,148
2025-11-05,Paid Search,UK,brand,375.59,5217,231
2025-11-05,Paid Search,UK,nonbrand,462.26,6420,294
2025-11-05,Paid Search,US,brand,621.57,8633,398
2025-11-05,Paid Search,US,nonbrand,519.87,7220,299
2025-11-05,Paid Social,BR,prospecting,225.06,17312,293
2025-11-05,Paid Social,BR,retargeting,233.47,17959,324
2025-11-05,Paid Social,DE,prospecting,255.77,19675,368
2025-11-05,Paid Social,DE,retargeting,279.76,21520,405
2025-11-05,Paid Social,IN,prospecting,189.06,14543,278
2025-11-05,Paid Social,IN,retargeting,207.43,15956,295
2025-11-05,Paid Social,UK,prospecting,350.57,26967,481
2025-11-05,Paid Social,UK,retargeting,373.09,28699,486
2025-11-05,Paid Social,US,prospecting,389.74,29980,539
2025-11-05,Paid Social,US,retargeting,402.66,30974,557
2025-11-05,Referral,BR,affiliates,93.89,2086,100
2025-11-05,Referral,DE,affiliates,120.54,2679,129
2025-11-05,Referral,IN,affiliates,89.0,1978,101
2025-11-05,Referral,UK,affiliates,138.09,3069,148
2025-11-05,Referral,US,affiliates,202.58,4502,246
2025-11-05,SEO,BR,organic,23.13,3304,216
2025-11-05,SEO,DE,organic,31.55,4507,305
2025-11-05,SEO,IN,organic,20.58,2941,219
2025-11-05,SEO,UK,organic,38.41,5487,410
2025-11-05,SEO,US,organic,42.41,6059,439
2025-11-06,Display,BR,prospecting,85.58,17116,151
2025-11-06,Display,BR,retargeting,69.98,13995,120
2025-11-06,Display,DE,prospecting,98.25,19651,175
2025-11-06,Display,DE,retargeting,119.25,23849,201
2025-11-06,Display,IN,prospecting,80.16,16031,117
2025-11-06,Display,IN,retargeting,90.1,18019,131
2025-11-06,Display,UK,prospecting,144.01,28802,214
2025-11-06,Display,UK,retargeting,118.98,23796,197
2025-11-06,Display,US,prospecting,207.62,41524,357
2025-11-06,Display,US,retargeting,197.59,39517,318
2025-11-06,Email,BR,lifecycle,32.92,3657,361
2025-11-06,Email,BR,newsletter,29.52,3280,262
2025-11-06,Email,DE,lifecycle,34.61,3845,353
2025-11-06,Email,DE,newsletter,32.83,3648,373
2025-11-06,Email,IN,lifecycle,19.17,2130,195
2025-11-06,Email,IN,newsletter,22.83,2537,243
2025-11-06,Email,UK,lifecycle,47.43,5270,513
2025-11-06,Email,UK,newsletter,37.53,4170,389
2025-11-06,Email,US,lifecycle,52.9,5878,510
2025-11-06,Email,US,newsletter,55.22,6135,595
2025-11-06,Paid Search,BR,brand,332.84,4623,199
2025-11-06,Paid Search,BR,nonbrand,266.28,3698,149
2025-11-06,Paid Search,DE,brand,289.3,4018,174
2025-11-06,Paid Search,DE,nonbrand,299.09,4154,191
2025-11-06,Paid Search,IN,brand,266.26,3698,163
2025-11-06,Paid Search,IN,nonbrand,231.2,3211,142
2025-11-06,Paid Search,UK,brand,403.86,5609,259
2025-11-06,Paid Search,UK,nonbrand,433.7,6024,265
2025-11-06,Paid Search,US,brand,453.28,6296,297
2025-11-06,Paid Search,US,nonbrand,525.55,7299,305
2025-11-06,Paid Social,BR,prospecting,182.37,14028,253
2025-11-06,Paid Social,BR,retargeting,226.23,17402,296
2025-11-06,Paid Social,DE,prospecting,331.09,25468,477
2025-11-06,Paid Social,DE,retargeting,289.91,22301,359
2025-11-06,Paid Social,IN,prospecting,243.09,18699,344
2025-11-06,Paid Social,IN,retargeting,197.78,15214,265
2025-11-06,Paid Social,UK,prospecting,357.24,27480,483
2025-11-06,Paid Social,UK,retargeting,379.55,29196,569
2025-11-06,Paid Social,US,prospecting,494.21,38016,666
2025-11-06,Paid Social,US,retargeting,531.4,40877,694
2025-11-06,Referral,BR,affiliates,96.64,2148,102
2025-11-06,Referral,DE,affiliates,115.08,2557,125
2025-11-06,Referral,IN,affiliates,84.49,1878,92
2025-11-06,Referral,UK,affiliates,143.08,3180,152
2025-11-06,Referral,US,affiliates,224.69,4993,249
2025-11-06,SEO,BR,organic,21.88,3125,227
2025-11-06,SEO,DE,organic,22.16,3165,251
2025-11-06,SEO,IN,organic,20.54,2934,201
2025-11-06,SEO,UK,organic,45.6,6514,455
2025-11-06,SEO,US,organic,57.1,8157,581
2025-11-07,Display,BR,prospecting,95.56,19112,165
2025-11-07,Display,BR,retargeting,80.02,16004,145
2025-11-07,Display,DE,prospecting,141.64,28329,234
2025-11-07,Display,DE,retargeting,117.09,23418,198
2025-11-07,Display,IN,prospecting,66.51,13302,105
2025-11-07,Display,IN,retargeting,90.32,18065,148
2025-11-07,Display,UK,prospecting,171.4,34280,278
2025-11-07,Display,UK,retargeting,126.0,25200,207
2025-11-07,Display,US,prospecting,164.47,32894,270
2025-11-07,Display,US,retargeting,206.74,41348,302
2025-11-07,Email,BR,lifecycle,28.01,3113,258
2025-11-07,Email,BR,newsletter,27.43,3048,254
2025-11-07,Email,DE,lifecycle,30.62,3403,311
2025-11-07,Email,DE,newsletter,32.56,3618,313
2025-11-07,Email,IN,lifecycle,29.76,3307,301
2025-11-07,Email,IN,newsletter,22.17,2463,236
2025-11-07,Email,UK,lifecycle,52.58,5842,532
2025-11-07,Email,UK,newsletter,44.27,4919,450
2025-11-07,Email,US,lifecycle,63.97,7108,732
2025-11-07,Email,US,newsletter,65.81,7312,687
2025-11-07,Paid Search,BR,brand,253.58,3522,144
2025-11-07,Paid Search,BR,nonbrand,310.09,4307,175
2025-11-07,Paid Search,DE,brand,309.7,4301,196
2025-11-07,Paid Search,DE,nonbrand,320.31,4449,199
2025-11-07,Paid Search,IN,brand,281.29,3907,164
2025-11-07,Paid Search,IN,nonbrand,267.63,3717,183
2025-11-07,Paid Search,UK,brand,388.24,5392,238
2025-11-07,Paid Search,UK,nonbrand,337.97,4694,229
2025-11-07,Paid Search,US,brand,636.87,8845,377
2025-11-07,Paid Search,US,nonbrand,632.55,8785,371
2025-11-07,Paid Social,BR,prospecting,226.48,17422,332
2025-11-07,Paid Social,BR,retargeting,221.17,17013,298
2025-11-07,Paid Social,DE,prospecting,254.07,19544,332
2025-11-07,Paid Social,DE,retargeting,271.95,20919,412
2025-11-07,Paid Social,IN,prospecting,203.65,15665,292
2025-11-07,Paid Social,IN,retargeting,202.56,15582,273
2025-11-07,Paid Social,UK,prospecting,409.8,31523,607
2025-11-07,Paid Social,UK,retargeting,411.48,31652,527
2025-11-07,Paid Social,US,prospecting,479.72,36901,726
2025-11-07,Paid Social,US,retargeting,491.62,37817,638
2025-11-07,Referral,BR,affiliates,80.45,1788,95
2025-11-07,Referral,DE,affiliates,118.04,2623,119
2025-11-07,Referral,IN,affiliates,82.34,1830,98
2025-11-07,Referral,UK,affiliates,183.46,4077,199
2025-11-07,Referral,US,affiliates,201.89,4486,217
2025-11-07,SEO,BR,organic,20.38,2912,193
2025-11-07,SEO,DE,organic,26.62,3803,253
2025-11-07,SEO,IN,organic,20.91,2987,190
2025-11-07,SEO,UK,organic,42.37,6053,413
2025-11-07,SEO,US,organic,51.38,7341,485
2025-11-08,Display,BR,prospecting,93.98,18797,149
2025-11-08,Display,BR,retargeting,81.96,16392,129
2025-11-08,Display,DE,prospecting,108.35,21670,179
2025-11-08,Display,DE,retargeting,113.63,22726,176
2025-11-08,Display,IN,prospecting,83.54,16707,123
2025-11-08,Display,IN,retargeting,80.95,16190,126
2025-11-08,Display,UK,prospecting,164.07,32813,254
2025-11-08,Display,UK,retargeting,152.62,30523,273
2025-11-08,Display,US,prospecting,196.13,39226,317
2025-11-08,Display,US,retargeting,206.17,41235,347
2025-11-08,Email,BR,lifecycle,26.96,2996,270
2025-11-08,Email,BR,newsletter,26.87,2985,262
2025-11-08,Email,DE,lifecycle,36.32,4035,356
2025-11-08,Email,DE,newsletter,29.81,3312,302
2025-11-08,Email,IN,lifecycle,25.46,2829,268
2025-11-08,Email,IN,newsletter,27.31,3035,268
2025-11-08,Email,UK,lifecycle,55.51,6168,534
2025-11-08,Email,UK,newsletter,41.93,4659,403
2025-11-08,Email,US,lifecycle,62.15,6906,637
2025-11-08,Email,US,newsletter,58.2,6467,583
2025-11-08,Paid Search,BR,brand,296.89,4123,187
2025-11-08,Paid Search,BR,nonbrand,297.5,4132,165
2025-11-08,Paid Search,DE,brand,294.54,4091,173
2025-11-08,Paid Search,DE,nonbrand,389.32,5407,225
2025-11-08,Paid Search,IN,brand,290.07,4029,182
2025-11-08,Paid Search,IN,nonbrand,234.69,3260,151
2025-11-08,Paid Search,UK,brand,449.06,6237,296
2025-11-08,Paid Search,UK,nonbrand,492.31,6838,274
2025-11-08,Paid Search,US,brand,561.04,7792,362
2025-11-08,Paid Search,US,nonbrand,615.96,8555,375
2025-11-08,Paid Social,BR,prospecting,219.93,16918,321
2025-11-08,Paid Social,BR,retargeting,243.2,18708,376
2025-11-08,Paid Social,DE,prospecting,288.14,22164,369
2025-11-08,Paid Social,DE,retargeting,309.03,23771,431
2025-11-08,Paid Social,IN,prospecting,195.41,15031,273
2025-11-08,Paid Social,IN,retargeting,211.21,16247,268
2025-11-08,Paid Social,UK,prospecting,358.69,27592,461
2025-11-08,Paid Social,UK,retargeting,414.51,31885,604
2025-11-08,Paid Social,US,prospecting,493.45,37958,670
2025-11-08,Paid Social,US,retargeting,692.34,53257,974
2025-11-08,Referral,BR,affiliates,111.18,2471,127
2025-11-08,Referral,DE,affiliates,119.64,2659,127
2025-11-08,Referral,IN,affiliates,100.5,2233,120
2025-11-08,Referral,UK,affiliates,192.17,4271,227
2025-11-08,Referral,US,affiliates,185.0,4111,206
2025-11-08,SEO,BR,organic,23.69,3384,224
2025-11-08,SEO,DE,organic,34.24,4891,295
2025-11-08,SEO,IN,organic,20.43,2918,221
2025-11-08,SEO,UK,organic,48.87,6982,476
2025-11-08,SEO,US,organic,62.32,8903,692
2025-11-09,Display,BR,prospecting,94.19,18838,154
2025-11-09,Display,BR,retargeting,97.13,19426,143
2025-11-09,Display,DE,prospecting,118.65,23730,185
2025-11-09,Display,DE,retargeting,97.06,19411,159
2025-11-09,Display,IN,prospecting,81.41,16281,131
2025-11-09,Display,IN,retargeting,76.7,15339,133
2025-11-09,Display,UK,prospecting,163.99,32797,261
2025-11-09,Display,UK,retargeting,138.17,27635,222
2025-11-09,Display,US,prospecting,248.07,49615,384
2025-11-09,Display,US,retargeting,182.65,36530,285
2025-11-09,Email,BR,lifecycle,24.23,2693,226
2025-11-09,Email,BR,newsletter,28.02,3113,303
2025-11-09,Email,DE,lifecycle,29.52,3280,298
2025-11-09,Email,DE,newsletter,39.13,4347,405
2025-11-09,Email,IN,lifecycle,20.89,2321,196
2025-11-09,Email,IN,newsletter,23.15,2572,212
2025-11-09,Email,UK,lifecycle,57.79,6422,535
2025-11-09,Email,UK,newsletter,49.75,5527,535
2025-11-09,Email,US,lifecycle,48.28,5365,447
2025-11-09,Email,US,newsletter,63.12,7013,630
2025-11-09,Paid Search,BR,brand,324.88,4512,182
2025-11-09,Paid Search,BR,nonbrand,288.25,4003,184
2025-11-09,Paid Search,DE,brand,293.15,4071,193
2025-11-09,Paid Search,DE,nonbrand,323.26,4490,199
2025-11-09,Paid Search,IN,brand,229.75,3191,145
2025-11-09,Paid Search,IN,nonbrand,312.63,4342,206
2025-11-09,Paid Search,UK,brand,392.74,5455,218
2025-11-09,Paid Search,UK,nonbrand,365.88,5082,230
2025-11-09,Paid Search,US,brand,525.2,7294,343
2025-11-09,Paid Search,US,nonbrand,622.22,8642,411
2025-11-09,Paid Social,BR,prospecting,241.2,18554,350
2025-11-09,Paid Social,BR,retargeting,217.76,16751,314
2025-11-09,Paid Social,DE,prospecting,319.45,24573,441
2025-11-09,Paid Social,DE,retargeting,324.57,24967,466
2025-11-09,Paid Social,IN,prospecting,168.31,12947,240
2025-11-09,Paid Social,IN,retargeting,243.32,18717,331
2025-11-09,Paid Social,UK,prospecting,455.62,35048,609
2025-11-09,Paid Social,UK,retargeting,427.19,32861,617
2025-11-09,Paid Social,US,prospecting,629.91,48455,869
2025-11-09,Paid Social,US,retargeting,504.65,38819,676
2025-11-09,Referral,BR,affiliates,98.88,2197,109
2025-11-09,Referral,DE,affiliates,117.28,2606,130
2025-11-09,Referral,IN,affiliates,106.32,2363,129
2025-11-09,Referral,UK,affiliates,183.82,4085,204
2025-11-09,Referral,US,affiliates,207.62,4614,226
2025-11-09,SEO,BR,organic,24.35,3479,237
2025-11-09,SEO,DE,organic,29.86,4265,284
2025-11-09,SEO,IN,organic,18.25,2607,185
2025-11-09,SEO,UK,organic,41.6,5943,373
2025-11-09,SEO,US,organic,42.1,6014,429
2025-11-10,Display,BR,prospecting,84.22,16845,138
2025-11-10,Display,BR,retargeting,68.23,13646,108
2025-11-10,Display,DE,prospecting,110.41,22083,186
2025-11-10,Display,DE,retargeting,117.17,23434,184
2025-11-10,Display,IN,prospecting,81.61,16322,139
2025-11-10,Display,IN,retargeting,55.84,11168,91
2025-11-10,Display,UK,prospecting,186.87,37373,295
2025-11-10,Display,UK,retargeting,141.05,28209,206
2025-11-10,Display,US,prospecting,226.36,45271,364
2025-11-10,Display,US,retargeting,185.74,37147,272
2025-11-10,Email,BR,lifecycle,23.57,2619,245
2025-11-10,Email,BR,newsletter,26.66,2962,275
2025-11-10,Email,DE,lifecycle,34.17,3797,347
2025-11-10,Email,DE,newsletter,27.58,3065,271
2025-11-10,Email,IN,lifecycle,21.94,2438,201
2025-11-10,Email,IN,newsletter,22.92,2547,237
2025-11-10,Email,UK,lifecycle,43.73,4858,447
2025-11-10,Email,UK,newsletter,43.74,4860,456
2025-11-10,Email,US,lifecycle,64.56,7173,641
2025-11-10,Email,US,newsletter,63.52,7057,649
2025-11-10,Paid Search,BR,brand,296.74,4121,183
2025-11-10,Paid Search,BR,nonbrand,254.76,3538,146
2025-11-10,Paid Search,DE,brand,319.48,4437,185
2025-11-10,Paid Search,DE,nonbrand,357.16,4961,225
2025-11-10,Paid Search,IN,brand,213.33,2963,141
2025-11-10,Paid Search,IN,nonbrand,201.23,2795,109
2025-11-10,Paid Search,UK,brand,468.2,6503,287
2025-11-10,Paid Search,UK,nonbrand,385.7,5357,270
2025-11-10,Paid Search,US,brand,583.19,8100,352
2025-11-10,Paid Search,US,nonbrand,676.97,9402,438
2025-11-10,Paid Social,BR,prospecting,218.94,16842,309
2025-11-10,Paid Social,BR,retargeting,222.32,17102,327
2025-11-10,Paid Social,DE,prospecting,231.52,17809,336
2025-11-10,Paid Social,DE,retargeting,271.14,20857,392
2025-11-10,Paid Social,IN,prospecting,158.21,12170,225
2025-11-10,Paid Social,IN,retargeting,252.72,19440,361
2025-11-10,Paid Social,UK,prospecting,425.38,32721,557
2025-11-10,Paid Social,UK,retargeting,344.1,26469,456
2025-11-10,Paid Social,US,prospecting,421.52,32425,670
2025-11-10,Paid Social,US,retargeting,508.42,39109,653
2025-11-10,Referral,BR,affiliates,97.77,2173,114
2025-11-10,Referral,DE,affiliates,100.7,2238,113
2025-11-10,Referral,IN,affiliates,79.03,1756,89
2025-11-10,Referral,UK,affiliates,172.42,3832,185
2025-11-10,Referral,US,affiliates,207.2,4604,271
2025-11-10,SEO,BR,organic,27.23,3890,259
2025-11-10,SEO,DE,organic,34.02,4859,343
2025-11-10,SEO,IN,organic,21.61,3087,227
2025-11-10,SEO,UK,organic,43.09,6155,433
2025-11-10,SEO,US,organic,57.58,8225,554
2025-11-11,Display,BR,prospecting,101.43,20285,164
2025-11-11,Display,BR,retargeting,82.24,16447,133
2025-11-11,Display,DE,prospecting,87.9,17581,133
2025-11-11,Display,DE,retargeting,114.09,22818,161
2025-11-11,Display,IN,prospecting,80.47,16095,130
2025-11-11,Display,IN,retargeting,76.35,15270,108
2025-11-11,Display,UK,prospecting,173.55,34711,270
2025-11-11,Display,UK,retargeting,155.27,31053,273
2025-11-11,Display,US,prospecting,205.79,41157,340
2025-11-11,Display,US,retargeting,212.1,42420,288
2025-11-11,Email,BR,lifecycle,23.07,2563,221
2025-11-11,Email,BR,newsletter,28.48,3164,287
2025-11-11,Email,DE,lifecycle,38.24,4249,337
2025-11-11,Email,DE,newsletter,26.94,2994,292
2025-11-11,Email,IN,lifecycle,24.19,2688,242
2025-11-11,Email,IN,newsletter,21.12,2347,205
2025-11-11,Email,UK,lifecycle,41.61,4624,450
2025-11-11,Email,UK,newsletter,36.94,4105,360
2025-11-11,Email,US,lifecycle,66.63,7403,706
2025-11-11,Email,US,newsletter,66.03,7337,648
2025-11-11,Paid Search,BR,brand,261.06,3626,176
2025-11-11,Paid Search,BR,nonbrand,259.11,3599,174
2025-11-11,Paid Search,DE,brand,297.34,4130,183
2025-11-11,Paid Search,DE,nonbrand,358.02,4973,227
2025-11-11,Paid Search,IN,brand,236.8,3289,149
2025-11-11,Paid Search,IN,nonbrand,285.29,3962,177
2025-11-11,Paid Search,UK,brand,422.9,5874,233
2025-11-11,Paid Search,UK,nonbrand,504.97,7013,313
2025-11-11,Paid Search,US,brand,592.47,8229,383
2025-11-11,Paid Search,US,nonbrand,533.86,7415,344
2025-11-11,Paid Social,BR,prospecting,229.54,17657,332
2025-11-11,Paid Social,BR,retargeting,283.42,21802,368
2025-11-11,Paid Social,DE,prospecting,294.74,22672,369
2025-11-11,Paid Social,DE,retargeting,175.62,13510,233
2025-11-11,Paid Social,IN,prospecting,186.32,14332,244
2025-11-11,Paid Social,IN,retargeting,203.43,15649,281
2025-11-11,Paid Social,UK,prospecting,394.78,30368,594
2025-11-11,Paid Social,UK,retargeting,308.64,23742,376
2025-11-11,Paid Social,US,prospecting,530.24,40787,726
2025-11-11,Paid Social,US,retargeting,654.75,50366,979
2025-11-11,Referral,BR,affiliates,102.73,2283,116
2025-11-11,Referral,DE,affiliates,117.22,2605,117
2025-11-11,Referral,IN,affiliates,102.17,2270,128
2025-11-11,Referral,UK,affiliates,163.11,3625,185
2025-11-11,Referral,US,affiliates,221.96,4932,239
2025-11-11,SEO,BR,organic,20.34,2905,211
2025-11-11,SEO,DE,organic,35.42,5061,346
2025-11-11,SEO,IN,organic,22.59,3227,238
2025-11-11,SEO,UK,organic,35.06,5009,352
2025-11-11,SEO,US,organic,60.5,8643,620
2025-11-12,Display,BR,prospecting,86.82,17363,128
2025-11-12,Display,BR,retargeting,84.99,16998,136
2025-11-12,Display,DE,prospecting,101.64,20328,164
2025-11-12,Display,DE,retargeting,119.47,23894,196
2025-11-12,Display,IN,prospecting,75.63,15126,120
2025-11-12,Display,IN,retargeting,69.12,13824,104
2025-11-12,Display,UK,prospecting,173.79,34758,283
2025-11-12,Display,UK,retargeting,154.62,30925,229
2025-11-12,Display,US,prospecting,150.07,30014,247
2025-11-12,Display,US,retargeting,186.98,37395,315
2025-11-12,Email,BR,lifecycle,25.76,2862,258
2025-11-12,Email,BR,newsletter,21.62,2402,204
2025-11-12,Email,DE,lifecycle,27.71,3079,280
2025-11-12,Email,DE,newsletter,37.08,4120,383
2025-11-12,Email,IN,lifecycle,21.88,2431,211
2025-11-12,Email,IN,newsletter,25.32,2814,230
2025-11-12,Email,UK,lifecycle,45.93,5104,438
2025-11-12,Email,UK,newsletter,40.83,4537,435
2025-11-12,Email,US,lifecycle,69.0,7666,687
2025-11-12,Email,US,newsletter,52.81,5868,476
2025-11-12,Paid Search,BR,brand,185.91,2582,103
2025-11-12,Paid Search,BR,nonbrand,301.14,4182,189
2025-11-12,Paid Search,DE,brand,340.23,4725,205
2025-11-12,Paid Search,DE,nonbrand,366.67,5093,236
2025-11-12,Paid Search,IN,brand,225.75,3135,151
2025-11-12,Paid Search,IN,nonbrand,209.56,2911,134
2025-11-12,Paid Search,UK,brand,357.37,4963,203
2025-11-12,Paid Search,UK,nonbrand,528.99,7347,296
2025-11-12,Paid Search,US,brand,537.09,7460,347
2025-11-12,Paid Search,US,nonbrand,592.26,8226,346
2025-11-12,Paid Social,BR,prospecting,214.44,16496,321
2025-11-12,Paid Social,BR,retargeting,247.56,19043,329
2025-11-12,Paid Social,DE,prospecting,290.21,22324,384
2025-11-12,Paid Social,DE,retargeting,325.85,25065,426
2025-11-12,Paid Social,IN,prospecting,183.77,14136,260
2025-11-12,Paid Social,IN,retargeting,198.74,15288,257
2025-11-12,Paid Social,UK,prospecting,319.08,24544,419
2025-11-12,Paid Social,UK,retargeting,373.79,28753,500
2025-11-12,Paid Social,US,prospecting,616.31,47408,882
2025-11-12,Paid Social,US,retargeting,499.57,38429,730
2025-11-12,Referral,BR,affiliates,91.42,2032,110
2025-11-12,Referral,DE,affiliates,128.69,2860,139
2025-11-12,Referral,IN,affiliates,70.28,1562,78
2025-11-12,Referral,UK,affiliates,160.5,3567,170
2025-11-12,Referral,US,affiliates,193.73,4305,219
2025-11-12,SEO,BR,organic,25.41,3630,268
2025-11-12,SEO,DE,organic,26.88,3840,285
2025-11-12,SEO,IN,organic,21.22,3032,200
2025-11-12,SEO,UK,organic,34.55,4935,329
2025-11-12,SEO,US,organic,54.82,7831,557
2025-11-13,Display,BR,prospecting,107.18,21436,146
2025-11-13,Display,BR,retargeting,86.28,17255,143
2025-11-13,Display,DE,prospecting,113.62,22725,213
2025-11-13,Display,DE,retargeting,104.8,20959,155
2025-11-13,Display,IN,prospecting,75.17,15033,130
2025-11-13,Display,IN,retargeting,83.46,16692,128
2025-11-13,Display,UK,prospecting,130.65,26130,216
2025-11-13,Display,UK,retargeting,133.02,26605,206
2025-11-13,Display,US,prospecting,166.77,33354,265
2025-11-13,Display,US,retargeting,186.61,37323,283
2025-11-13,Email,BR,lifecycle,22.03,2448,203
2025-11-13,Email,BR,newsletter,24.12,2680,225
2025-11-13,Email,DE,lifecycle,27.44,3049,276
2025-11-13,Email,DE,newsletter,39.49,4388,390
2025-11-13,Email,IN,lifecycle,17.98,1998,202
2025-11-13,Email,IN,newsletter,21.69,2410,242
2025-11-13,Email,UK,lifecycle,42.11,4678,410
2025-11-13,Email,UK,newsletter,46.57,5175,442
2025-11-13,Email,US,lifecycle,73.76,8195,773
2025-11-13,Email,US,newsletter,63.8,7089,667
2025-11-13,Paid Search,BR,brand,276.19,3836,159
2025-11-13,Paid Search,BR,nonbrand,260.18,3614,160
2025-11-13,Paid Search,DE,brand,342.74,4760,216
2025-11-13,Paid Search,DE,nonbrand,330.57,4591,218
2025-11-13,Paid Search,IN,brand,205.83,2859,129
2025-11-13,Paid Search,IN,nonbrand,238.37,3311,151
2025-11-13,Paid Search,UK,brand,380.62,5286,257
2025-11-13,Paid Search,UK,nonbrand,370.21,5142,226
2025-11-13,Paid Search,US,brand,643.5,8938,389
2025-11-13,Paid Search,US,nonbrand,652.18,9058,394
2025-11-13,Paid Social,BR,prospecting,241.04,18541,342
2025-11-13,Paid Social,BR,retargeting,209.22,16094,278
2025-11-13,Paid Social,DE,prospecting,312.17,24013,447
2025-11-13,Paid Social,DE,retargeting,261.23,20094,339
2025-11-13,Paid Social,IN,prospecting,193.32,14871,280
2025-11-13,Paid Social,IN,retargeting,204.76,15751,258
2025-11-13,Paid Social,UK,prospecting,266.44,20495,381
2025-11-13,Paid Social,UK,retargeting,423.26,32558,659
2025-11-13,Paid Social,US,prospecting,550.66,42359,792
2025-11-13,Paid Social,US,retargeting,483.67,37205,592
2025-11-13,Referral,BR,affiliates,84.96,1888,94
2025-11-13,Referral,DE,affiliates,108.74,2416,122
2025-11-13,Referral,IN,affiliates,90.77,2017,113
2025-11-13,Referral,UK,affiliates,155.03,3445,158
2025-11-13,Referral,US,affiliates,200.66,4459,240
2025-11-13,SEO,BR,organic,26.65,3807,268
2025-11-13,SEO,DE,organic,25.32,3617,268
2025-11-13,SEO,IN,organic,21.03,3004,204
2025-11-13,SEO,UK,organic,48.61,6944,433
2025-11-13,SEO,US,organic,52.2,7457,517
2025-11-14,Display,BR,prospecting,89.42,17884,136
2025-11-14,Display,BR,retargeting,90.74,18147,164
2025-11-14,Display,DE,prospecting,109.35,21870,149
2025-11-14,Display,DE,retargeting,86.36,17272,141
2025-11-14,Display,IN,prospecting,80.01,16003,131
2025-11-14,Display,IN,retargeting,76.18,15235,125
2025-11-14,Display,UK,prospecting,182.28,36456,326
2025-11-14,Display,UK,retargeting,121.74,24347,198
2025-11-14,Display,US,prospecting,178.94,35788,290
2025-11-14,Display,US,retargeting,159.31,31861,236
2025-11-14,Email,BR,lifecycle,30.01,3334,323
2025-11-14,Email,BR,newsletter,31.08,3454,316
2025-11-14,Email,DE,lifecycle,37.11,4123,410
2025-11-14,Email,DE,newsletter,29.87,3319,323
2025-11-14,Email,IN,lifecycle,24.09,2677,230
2025-11-14,Email,IN,newsletter,20.14,2237,191
2025-11-14,Email,UK,lifecycle,34.25,3806,327
2025-11-14,Email,UK,newsletter,49.26,5473,492
2025-11-14,Email,US,lifecycle,63.87,7097,577
2025-11-14,Email,US,newsletter,51.56,5729,537
2025-11-14,Paid Search,BR,brand,190.58,2647,112
2025-11-14,Paid Search,BR,nonbrand,247.46,3437,147
2025-11-14,Paid Search,DE,brand,337.21,4684,203
2025-11-14,Paid Search,DE,nonbrand,451.01,6264,270
2025-11-14,Paid Search,IN,brand,225.5,3132,140
2025-11-14,Paid Search,IN,nonbrand,224.12,3113,148
2025-11-14,Paid Search,UK,brand,449.24,6239,296
2025-11-14,Paid Search,UK,nonbrand,415.84,5776,283
2025-11-14,Paid Search,US,brand,490.35,6810,286
2025-11-14,Paid Search,US,nonbrand,641.23,8906,407
2025-11-14,Paid Social,BR,prospecting,145.74,11210,180
2025-11-14,Paid Social,BR,retargeting,202.88,15606,284
2025-11-14,Paid Social,DE,prospecting,299.49,23038,416
2025-11-14,Paid Social,DE,retargeting,243.86,18759,333
2025-11-14,Paid Social,IN,prospecting,144.33,11102,214
2025-11-14,Paid Social,IN,retargeting,182.77,14059,285
2025-11-14,Paid Social,UK,prospecting,407.5,31346,597
2025-11-14,Paid Social,UK,retargeting,332.75,25596,437
2025-11-14,Paid Social,US,prospecting,485.23,37325,701
2025-11-14,Paid Social,US,retargeting,429.39,33030,542
2025-11-14,Referral,BR,affiliates,66.56,1479,76
2025-11-14,Referral,DE,affiliates,110.9,2464,134
2025-11-14,Referral,IN,affiliates,75.62,1680,82
2025-11-14,Referral,UK,affiliates,185.32,4118,208
2025-11-14,Referral,US,affiliates,208.94,4643,250
2025-11-14,SEO,BR,organic,21.67,3096,230
2025-11-14,SEO,DE,organic,27.61,3945,271
2025-11-14,SEO,IN,organic,18.88,2698,201
2025-11-14,SEO,UK,organic,33.47,4781,339
2025-11-14,SEO,US,organic,57.35,8193,563
2025-11-15,Display,BR,prospecting,93.66,18732,166
2025-11-15,Display,BR,retargeting,89.75,17951,129
2025-11-15,Display,DE,prospecting,84.53,16907,137
2025-11-15,Display,DE,retargeting,124.25,24850,180
2025-11-15,Display,IN,prospecting,95.53,19105,160
2025-11-15,Display,IN,retargeting,83.29,16659,125
2025-11-15,Display,UK,prospecting,154.16,30831,258
2025-11-15,Display,UK,retargeting,144.94,28987,238
2025-11-15,Display,US,prospecting,205.85,41171,303
2025-11-15,Display,US,retargeting,212.48,42497,353
2025-11-15,Email,BR,lifecycle,28.4,3155,285
2025-11-15,Email,BR,newsletter,28.14,3126,293
2025-11-15,Email,DE,lifecycle,29.5,3278,293
2025-11-15,Email,DE,newsletter,39.25,4361,369
2025-11-15,Email,IN,lifecycle,23.46,2607,235
2025-11-15,Email,IN,newsletter,22.26,2474,203
2025-11-15,Email,UK,lifecycle,51.3,5700,561
2025-11-15,Email,UK,newsletter,41.65,4628,406
2025-11-15,Email,US,lifecycle,66.94,7438,612
2025-11-15,Email,US,newsletter,46.78,5198,403
2025-11-15,Paid Search,BR,brand,329.68,4579,205
2025-11-15,Paid Search,BR,nonbrand,261.26,3629,169
2025-11-15,Paid Search,DE,brand,360.34,5005,222
2025-11-15,Paid Search,DE,nonbrand,394.64,5481,237
2025-11-15,Paid Search,IN,brand,242.26,3365,161
2025-11-15,Paid Search,IN,nonbrand,246.3,3421,151
2025-11-15,Paid Search,UK,brand,514.05,7140,307
2025-11-15,Paid Search,UK,nonbrand,469.46,6520,300
2025-11-15,Paid Search,US,brand,599.76,8330,348
2025-11-15,Paid Search,US,nonbrand,618.47,8590,372
2025-11-15,Paid Social,BR,prospecting,238.86,18374,320
2025-11-15,Paid Social,BR,retargeting,153.38,11798,210
2025-11-15,Paid Social,DE,prospecting,337.46,25959,507
2025-11-15,Paid Social,DE,retargeting,252.54,19426,364
2025-11-15,Paid Social,IN,prospecting,211.72,16286,300
2025-11-15,Paid Social,IN,retargeting,233.73,17979,330
2025-11-15,Paid Social,UK,prospecting,394.43,30341,541
2025-11-15,Paid Social,UK,retargeting,355.23,27325,468
2025-11-15,Paid Social,US,prospecting,453.95,34919,639
2025-11-15,Paid Social,US,retargeting,621.82,47833,892
2025-11-15,Referral,BR,affiliates,95.01,2111,113
2025-11-15,Referral,DE,affiliates,114.12,2536,120
2025-11-15,Referral,IN,affiliates,84.3,1873,86
2025-11-15,Referral,UK,affiliates,156.81,3485,169
2025-11-15,Referral,US,affiliates,203.28,4517,241
2025-11-15,SEO,BR,organic,25.69,3670,236
2025-11-15,SEO,DE,organic,29.57,4225,266
2025-11-15,SEO,IN,organic,23.53,3361,261
2025-11-15,SEO,UK,organic,39.35,5621,401
2025-11-15,SEO,US,organic,64.6,9229,684
2025-11-16,Display,BR,prospecting,91.69,18338,163
2025-11-16,Display,BR,retargeting,85.84,17169,133
2025-11-16,Display,DE,prospecting,108.71,21742,177
2025-11-16,Display,DE,retargeting,116.52,23304,178
2025-11-16,Display,IN,prospecting,88.4,17680,148
2025-11-16,Display,IN,retargeting,93.88,18775,152
2025-11-16,Display,UK,prospecting,151.28,30257,265
2025-11-16,Display,UK,retargeting,167.77,33553,245
2025-11-16,Display,US,prospecting,178.46,35692,273
2025-11-16,Display,US,retargeting,181.95,36390,305
2025-11-16,Email,BR,lifecycle,28.23,3137,285
2025-11-16,Email,BR,newsletter,33.13,3681,335
2025-11-16,Email,DE,lifecycle,38.52,4280,368
2025-11-16,Email,DE,newsletter,38.34,4260,370
2025-11-16,Email,IN,lifecycle,27.67,3074,280
2025-11-16,Email,IN,newsletter,23.9,2656,243
2025-11-16,Email,UK,lifecycle,45.35,5038,402
2025-11-16,Email,UK,newsletter,40.51,4502,423
2025-11-16,Email,US,lifecycle,71.24,7916,681
2025-11-16,Email,US,newsletter,57.33,6371,591
2025-11-16,Paid Search,BR,brand,285.65,3967,175
2025-11-16,Paid Search,BR,nonbrand,261.35,3630,155
2025-11-16,Paid Search,DE,brand,416.19,5780,256
2025-11-16,Paid Search,DE,nonbrand,363.58,5050,247
2025-11-16,Paid Search,IN,brand,235.93,3277,139
2025-11-16,Paid Search,IN,nonbrand,281.3,3907,176
2025-11-16,Paid Search,UK,brand,578.38,8033,329
2025-11-16,Paid Search,UK,nonbrand,566.32,7866,336
2025-11-16,Paid Search,US,brand,585.68,8134,368
2025-11-16,Paid Search,US,nonbrand,608.05,8445,374
2025-11-16,Paid Social,BR,prospecting,266.96,20535,385
2025-11-16,Paid Social,BR,retargeting,263.21,20247,354
2025-11-16,Paid Social,DE,prospecting,287.75,22135,365
2025-11-16,Paid Social,DE,retargeting,279.84,21526,374
2025-11-16,Paid Social,IN,prospecting,240.23,18479,313
2025-11-16,Paid Social,IN,retargeting,225.17,17321,296
2025-11-16,Paid Social,UK,prospecting,354.05,27235,450
2025-11-16,Paid Social,UK,retargeting,445.79,34292,580
2025-11-16,Paid Social,US,prospecting,439.11,33778,615
2025-11-16,Paid Social,US,retargeting,451.9,34761,615
2025-11-16,Referral,BR,affiliates,91.39,2031,87
2025-11-16,Referral,DE,affiliates,109.58,2435,125
2025-11-16,Referral,IN,affiliates,91.9,2042,115
2025-11-16,Referral,UK,affiliates,170.68,3793,189
2025-11-16,Referral,US,affiliates,221.5,4922,240
2025-11-16,SEO,BR,organic,26.6,3801,267
2025-11-16,SEO,DE,organic,36.84,5263,340
2025-11-16,SEO,IN,organic,23.28,3325,234
2025-11-16,SEO,UK,organic,32.03,4575,328
2025-11-16,SEO,US,organic,59.5,8501,657
2025-11-17,Display,BR,prospecting,92.16,18433,145
2025-11-17,Display,BR,retargeting,99.21,19842,173
2025-11-17,Display,DE,prospecting,121.12,24223,191
2025-11-17,Display,DE,retargeting,125.92,25183,196
2025-11-17,Display,IN,prospecting,92.64,18527,123
2025-11-17,Display,IN,retargeting,82.9,16579,122
2025-11-17,Display,UK,prospecting,106.59,21318,162
2025-11-17,Display,UK,retargeting,159.22,31843,243
2025-11-17,Display,US,prospecting,188.48,37695,314
2025-11-17,Display,US,retargeting,215.62,43125,329
2025-11-17,Email,BR,lifecycle,22.27,2475,234
2025-11-17,Email,BR,newsletter,35.17,3908,388
2025-11-17,Email,DE,lifecycle,32.58,3620,331
2025-11-17,Email,DE,newsletter,32.01,3557,331
2025-11-17,Email,IN,lifecycle,20.69,2299,222
2025-11-17,Email,IN,newsletter,22.37,2485,223
2025-11-17,Email,UK,lifecycle,35.56,3951,383
2025-11-17,Email,UK,newsletter,53.26,5918,517
2025-11-17,Email,US,lifecycle,52.06,5785,512
2025-11-17,Email,US,newsletter,64.1,7122,709
2025-11-17,Paid Search,BR,brand,290.02,4028,196
2025-11-17,Paid Search,BR,nonbrand,215.39,2991,127
2025-11-17,Paid Search,DE,brand,282.23,3920,169
2025-11-17,Paid Search,DE,nonbrand,289.67,4023,189
2025-11-17,Paid Search,IN,brand,228.38,3172,167
2025-11-17,Paid Search,IN,nonbrand,280.1,3890,187
2025-11-17,Paid Search,UK,brand,582.51,8090,299
2025-11-17,Paid Search,UK,nonbrand,406.07,5640,243
2025-11-17,Paid Search,US,brand,579.39,8047,369
2025-11-17,Paid Search,US,nonbrand,461.08,6404,296
2025-11-17,Paid Social,BR,prospecting,264.22,20325,352
2025-11-17,Paid Social,BR,retargeting,236.17,18167,320
2025-11-17,Paid Social,DE,prospecting,241.82,18602,382
2025-11-17,Paid Social,DE,retargeting,251.53,19348,361
2025-11-17,Paid Social,IN,prospecting,236.34,18180,311
2025-11-17,Paid Social,IN,retargeting,187.83,14449,267
2025-11-17,Paid Social,UK,prospecting,410.31,31562,522
2025-11-17,Paid Social,UK,retargeting,339.93,26148,505
2025-11-17,Paid Social,US,prospecting,461.56,35505,643
2025-11-17,Paid Social,US,retargeting,510.43,39264,770
2025-11-17,Referral,BR,affiliates,79.44,1765,94
2025-11-17,Referral,DE,affiliates,111.83,2485,120
2025-11-17,Referral,IN,affiliates,80.36,1786,93
2025-11-17,Referral,UK,affiliates,122.0,2711,114
2025-11-17,Referral,US,affiliates,218.78,4862,241
2025-11-17,SEO,BR,organic,24.15,3451,261
2025-11-17,SEO,DE,organic,25.2,3600,251
2025-11-17,SEO,IN,organic,22.3,3186,215
2025-11-17,SEO,UK,organic,34.47,4924,324
2025-11-17,SEO,US,organic,55.51,7929,487
2025-11-18,Display,BR,prospecting,80.15,16030,121
2025-11-18,Display,BR,retargeting,82.92,16585,129
2025-11-18,Display,DE,prospecting,115.4,23081,182
2025-11-18,Display,DE,retargeting,108.17,21633,186
2025-11-18,Display,IN,prospecting,89.8,17960,143
2025-11-18,Display,IN,retargeting,77.94,15589,125
2025-11-18,Display,UK,prospecting,149.36,29871,216
2025-11-18,Display,UK,retargeting,149.81,29963,218
2025-11-18,Display,US,prospecting,235.18,47036,395
2025-11-18,Display,US,retargeting,176.94,35388,299
2025-11-18,Email,BR,lifecycle,23.48,2609,217
2025-11-18,Email,BR,newsletter,24.34,2705,233
2025-11-18,Email,DE,lifecycle,30.72,3413,309
2025-11-18,Email,DE,newsletter,37.52,4169,393
2025-11-18,Email,IN,lifecycle,30.15,3350,284
2025-11-18,Email,IN,newsletter,24.43,2715,266
2025-11-18,Email,UK,lifecycle,40.49,4499,396
2025-11-18,Email,UK,newsletter,43.07,4785,450
2025-11-18,Email,US,lifecycle,46.53,5170,475
2025-11-18,Email,US,newsletter,58.12,6458,542
2025-11-18,Paid Search,BR,brand,230.7,3204,152
2025-11-18,Paid Search,BR,nonbrand,235.41,3270,158
2025-11-18,Paid Search,DE,brand,321.26,4462,207
2025-11-18,Paid Search,DE,nonbrand,319.62,4439,195
2025-11-18,Paid Search,IN,brand,270.69,3760,173
2025-11-18,Paid Search,IN,nonbrand,271.03,3764,146
2025-11-18,Paid Search,UK,brand,452.63,6286,274
2025-11-18,Paid Search,UK,nonbrand,406.51,5646,246
2025-11-18,Paid Search,US,brand,601.58,8355,358
2025-11-18,Paid Search,US,nonbrand,508.32,7060,311
2025-11-18,Paid Social,BR,prospecting,234.53,18041,356
2025-11-18,Paid Social,BR,retargeting,201.52,15502,266
2025-11-18,Paid Social,DE,prospecting,337.72,25979,424
2025-11-18,Paid Social,DE,retargeting,245.66,18897,292
2025-11-18,Paid Social,IN,prospecting,152.7,11746,206
2025-11-18,Paid Social,IN,retargeting,219.02,16848,343
2025-11-18,Paid Social,UK,prospecting,322.17,24782,469
2025-11-18,Paid Social,UK,retargeting,341.62,26278,466
2025-11-18,Paid Social,US,prospecting,445.09,34238,595
2025-11-18,Paid Social,US,retargeting,457.51,35193,657
2025-11-18,Referral,BR,affiliates,108.03,2401,116
2025-11-18,Referral,DE,affiliates,119.72,2660,129
2025-11-18,Referral,IN,affiliates,55.35,1230,63
2025-11-18,Referral,UK,affiliates,126.99,2822,134
2025-11-18,Referral,US,affiliates,177.5,3944,171
2025-11-18,SEO,BR,organic,23.22,3318,246
2025-11-18,SEO,DE,organic,31.31,4472,284
2025-11-18,SEO,IN,organic,21.9,3128,241
2025-11-18,SEO,UK,organic,33.75,4822,346
2025-11-18,SEO,US,organic,62.03,8861,666
2025-11-19,Display,BR,prospecting,87.67,17533,143
2025-11-19,Display,BR,retargeting,100.83,20166,169
2025-11-19,Display,DE,prospecting,123.44,24688,199
2025-11-19,Display,DE,retargeting,107.11,21422,166
2025-11-19,Display,IN,prospecting,93.16,18633,139
2025-11-19,Display,IN,retargeting,94.96,18992,155
2025-11-19,Display,UK,prospecting,124.93,24986,200
2025-11-19,Display,UK,retargeting,164.3,32860,273
2025-11-19,Display,US,prospecting,203.18,40636,327
2025-11-19,Display,US,retargeting,186.98,37396,336
2025-11-19,Email,BR,lifecycle,18.96,2107,183
2025-11-19,Email,BR,newsletter,22.13,2459,224
2025-11-19,Email,DE,lifecycle,38.0,4222,377
2025-11-19,Email,DE,newsletter,31.68,3519,323
2025-11-19,Email,IN,lifecycle,25.15,2795,227
2025-11-19,Email,IN,newsletter,23.23,2582,227
2025-11-19,Email,UK,lifecycle,41.99,4665,418
2025-11-19,Email,UK,newsletter,43.55,4839,451
2025-11-19,Email,US,lifecycle,54.83,6092,569
2025-11-19,Email,US,newsletter,54.42,6047,542
2025-11-19,Paid Search,BR,brand,210.32,2921,135
2025-11-19,Paid Search,BR,nonbrand,304.95,4235,195
2025-11-19,Paid Search,DE,brand,367.01,5097,233
2025-11-19,Paid Search,DE,nonbrand,378.4,5256,235
2025-11-19,Paid Search,IN,brand,242.6,3369,155
2025-11-19,Paid Search,IN,nonbrand,225.43,3131,146
2025-11-19,Paid Search,UK,brand,379.64,5273,272
2025-11-19,Paid Search,UK,nonbrand,510.86,7095,326
2025-11-19,Paid Search,US,brand,511.23,7100,320
2025-11-19,Paid Search,US,nonbrand,603.79,8386,382
2025-11-19,Paid Social,BR,prospecting,258.95,19919,357
2025-11-19,Paid Social,BR,retargeting,178.39,13722,244
2025-11-19,Paid Social,DE,prospecting,219.92,16917,267
2025-11-19,Paid Social,DE,retargeting,247.21,19016,334
2025-11-19,Paid Social,IN,prospecting,178.46,13728,250
2025-11-19,Paid Social,IN,retargeting,197.9,15223,284
2025-11-19,Paid Social,UK,prospecting,340.72,26209,436
2025-11-19,Paid Social,UK,retargeting,342.92,26378,457
2025-11-19,Paid Social,US,prospecting,442.8,34061,625
2025-11-19,Paid Social,US,retargeting,473.63,36433,668
2025-11-19,Referral,BR,affiliates,102.74,2283,118
2025-11-19,Referral,DE,affiliates,132.21,2938,139
2025-11-19,Referral,IN,affiliates,90.43,2009,98
2025-11-19,Referral,UK,affiliates,186.53,4145,207
2025-11-19,Referral,US,affiliates,214.39,4764,237
2025-11-19,SEO,BR,organic,21.1,3015,229
2025-11-19,SEO,DE,organic,33.5,4786,328
2025-11-19,SEO,IN,organic,22.06,3151,212
2025-11-19,SEO,UK,organic,35.21,5030,348
2025-11-19,SEO,US,organic,56.42,8060,565
2025-11-20,Display,BR,prospecting,86.17,17234,142
2025-11-20,Display,BR,retargeting,82.73,16545,137
2025-11-20,Display,DE,prospecting,94.88,18976,150
2025-11-20,Display,DE,retargeting,112.99,22599,169
2025-11-20,Display,IN,prospecting,91.87,18374,140
2025-11-20,Display,IN,retargeting,85.9,17180,149
2025-11-20,Display,UK,prospecting,150.5,30101,253
2025-11-20,Display,UK,retargeting,173.25,34650,297
2025-11-20,Display,US,prospecting,198.78,39756,346
2025-11-20,Display,US,retargeting,243.99,48798,422
2025-11-20,Email,BR,lifecycle,30.84,3427,312
2025-11-20,Email,BR,newsletter,25.0,2778,225
2025-11-20,Email,DE,lifecycle,35.88,3986,331
2025-11-20,Email,DE,newsletter,34.29,3810,340
2025-11-20,Email,IN,lifecycle,24.23,2693,263
2025-11-20,Email,IN,newsletter,24.73,2747,242
2025-11-20,Email,UK,lifecycle,43.1,4789,422
2025-11-20,Email,UK,newsletter,39.22,4358,383
2025-11-20,Email,US,lifecycle,67.01,7446,769
2025-11-20,Email,US,newsletter,58.49,6499,579
2025-11-20,Paid Search,BR,brand,266.34,3699,168
2025-11-20,Paid Search,BR,nonbrand,251.85,3498,155
2025-11-20,Paid Search,DE,brand,371.81,5164,231
2025-11-20,Paid Search,DE,nonbrand,389.05,5403,242
2025-11-20,Paid Search,IN,brand,306.95,4263,198
2025-11-20,Paid Search,IN,nonbrand,241.97,3361,148
2025-11-20,Paid Search,UK,brand,320.3,4449,205
2025-11-20,Paid Search,UK,nonbrand,411.07,5709,278
2025-11-20,Paid Search,US,brand,631.58,8772,408
2025-11-20,Paid Search,US,nonbrand,571.46,7937,391
2025-11-20,Paid Social,BR,prospecting,219.58,16891,306
2025-11-20,Paid Social,BR,retargeting,185.38,14260,274
2025-11-20,Paid Social,DE,prospecting,222.97,17151,308
2025-11-20,Paid Social,DE,retargeting,286.12,22009,424
2025-11-20,Paid Social,IN,prospecting,177.06,13620,243
2025-11-20,Paid Social,IN,retargeting,174.31,13409,201
2025-11-20,Paid Social,UK,prospecting,381.28,29329,540
2025-11-20,Paid Social,UK,retargeting,355.89,27376,535
2025-11-20,Paid Social,US,prospecting,465.27,35790,723
2025-11-20,Paid Social,US,retargeting,401.49,30884,522
2025-11-20,Referral,BR,affiliates,71.66,1592,88
2025-11-20,Referral,DE,affiliates,98.36,2186,102
2025-11-20,Referral,IN,affiliates,92.05,2046,97
2025-11-20,Referral,UK,affiliates,164.37,3653,166
2025-11-20,Referral,US,affiliates,179.57,3991,200
2025-11-20,SEO,BR,organic,24.78,3540,239
2025-11-20,SEO,DE,organic,31.52,4502,342
2025-11-20,SEO,IN,organic,24.37,3482,249
2025-11-20,SEO,UK,organic,39.64,5662,417
2025-11-20,SEO,US,organic,46.69,6670,474
2025-11-21,Display,BR,prospecting,89.37,17875,148
2025-11-21,Display,BR,retargeting,85.85,17170,148
2025-11-21,Display,DE,prospecting,124.05,24810,201
2025-11-21,Display,DE,retargeting,99.82,19964,163
2025-11-21,Display,IN,prospecting,93.64,18727,163
2025-11-21,Display,IN,retargeting,74.91,14983,122
2025-11-21,Display,UK,prospecting,123.38,24676,206
2025-11-21,Display,UK,retargeting,135.05,27010,200
2025-11-21,Display,US,prospecting,169.91,33981,280
2025-11-21,Display,US,retargeting,186.42,37283,320
2025-11-21,Email,BR,lifecycle,21.41,2379,192
2025-11-21,Email,BR,newsletter,29.21,3245,296
2025-11-21,Email,DE,lifecycle,33.34,3704,330
2025-11-21,Email,DE,newsletter,27.4,3045,270
2025-11-21,Email,IN,lifecycle,25.42,2825,255
2025-11-21,Email,IN,newsletter,24.93,2770,254
2025-11-21,Email,UK,lifecycle,43.13,4792,438
2025-11-21,Email,UK,newsletter,44.12,4902,490
2025-11-21,Email,US,lifecycle,53.46,5939,511
2025-11-21,Email,US,newsletter,58.22,6469,640
2025-11-21,Paid Search,BR,brand,257.01,3570,164
2025-11-21,Paid Search,BR,nonbrand,279.86,3887,182
2025-11-21,Paid Search,DE,brand,267.53,3716,163
2025-11-21,Paid Search,DE,nonbrand,379.78,5275,238
2025-11-21,Paid Search,IN,brand,241.39,3353,168
2025-11-21,Paid Search,IN,nonbrand,214.35,2977,127
2025-11-21,Paid Search,UK,brand,443.9,6165,268
2025-11-21,Paid Search,UK,nonbrand,467.36,6491,311
2025-11-21,Paid Search,US,brand,585.0,8125,379
2025-11-21,Paid Search,US,nonbrand,585.83,8137,362
2025-11-21,Paid Social,BR,prospecting,215.12,16547,318
2025-11-21,Paid Social,BR,retargeting,226.51,17424,285
2025-11-21,Paid Social,DE,prospecting,287.03,22079,370
2025-11-21,Paid Social,DE,retargeting,334.29,25715,458
2025-11-21,Paid Social,IN,prospecting,200.57,15428,259
2025-11-21,Paid Social,IN,retargeting,205.44,15803,330
2025-11-21,Paid Social,UK,prospecting,310.51,23885,433
2025-11-21,Paid Social,UK,retargeting,290.72,22363,417
2025-11-21,Paid Social,US,prospecting,477.91,36762,710
2025-11-21,Paid Social,US,retargeting,561.83,43217,801
2025-11-21,Referral,BR,affiliates,93.44,2077,102
2025-11-21,Referral,DE,affiliates,114.27,2539,123
2025-11-21,Referral,IN,affiliates,82.48,1833,88
2025-11-21,Referral,UK,affiliates,149.02,3311,151
2025-11-21,Referral,US,affiliates,179.93,3998,209
2025-11-21,SEO,BR,organic,21.91,3130,231
2025-11-21,SEO,DE,organic,30.17,4311,308
2025-11-21,SEO,IN,organic,22.47,3210,219
2025-11-21,SEO,UK,organic,40.71,5816,383
2025-11-21,SEO,US,organic,59.45,8493,643
2025-11-22,Display,BR,prospecting,96.73,19345,131
2025-11-22,Display,BR,retargeting,91.28,18257,163
2025-11-22,Display,DE,prospecting,115.42,23083,179
2025-11-22,Display,DE,retargeting,107.05,21410,169
2025-11-22,Display,IN,prospecting,73.32,14664,115
2025-11-22,Display,IN,retargeting,81.3,16260,124
2025-11-22,Display,UK,prospecting,188.09,37618,323
2025-11-22,Display,UK,retargeting,182.31,36463,309
2025-11-22,Display,US,prospecting,167.78,33557,265
2025-11-22,Display,US,retargeting,197.82,39564,322
2025-11-22,Email,BR,lifecycle,23.36,2596,210
2025-11-22,Email,BR,newsletter,31.99,3554,348
2025-11-22,Email,DE,lifecycle,25.82,2869,249
2025-11-22,Email,DE,newsletter,29.75,3306,318
2025-11-22,Email,IN,lifecycle,19.95,2216,209
2025-11-22,Email,IN,newsletter,27.8,3088,281
2025-11-22,Email,UK,lifecycle,54.04,6004,517
2025-11-22,Email,UK,newsletter,55.97,6219,535
2025-11-22,Email,US,lifecycle,66.16,7351,649
2025-11-22,Email,US,newsletter,67.34,7482,719
2025-11-22,Paid Search,BR,brand,262.06,3640,155
2025-11-22,Paid Search,BR,nonbrand,195.65,2717,122
2025-11-22,Paid Search,DE,brand,335.06,4654,219
2025-11-22,Paid Search,DE,nonbrand,380.91,5290,245
2025-11-22,Paid Search,IN,brand,246.39,3422,161
2025-11-22,Paid Search,IN,nonbrand,224.9,3124,143
2025-11-22,Paid Search,UK,brand,418.86,5818,269
2025-11-22,Paid Search,UK,nonbrand,381.87,5304,245
2025-11-22,Paid Search,US,brand,484.33,6727,331
2025-11-22,Paid Search,US,nonbrand,704.73,9788,472
2025-11-22,Paid Social,BR,prospecting,246.81,18986,338
2025-11-22,Paid Social,BR,retargeting,229.58,17660,324
2025-11-22,Paid Social,DE,prospecting,346.66,26666,479
2025-11-22,Paid Social,DE,retargeting,318.65,24512,419
2025-11-22,Paid Social,IN,prospecting,181.59,13969,234
2025-11-22,Paid Social,IN,retargeting,218.78,16829,269
2025-11-22,Paid Social,UK,prospecting,381.7,29362,540
2025-11-22,Paid Social,UK,retargeting,361.75,27827,473
2025-11-22,Paid Social,US,prospecting,552.56,42505,779
2025-11-22,Paid Social,US,retargeting,504.75,38827,645
2025-11-22,Referral,BR,affiliates,89.31,1985,97
2025-11-22,Referral,DE,affiliates,141.27,3139,167
2025-11-22,Referral,IN,affiliates,88.16,1959,99
2025-11-22,Referral,UK,affiliates,166.58,3702,186
2025-11-22,Referral,US,affiliates,205.07,4557,252
2025-11-22,SEO,BR,organic,24.84,3548,242
2025-11-22,SEO,DE,organic,30.34,4334,304
2025-11-22,SEO,IN,organic,24.0,3429,244
2025-11-22,SEO,UK,organic,36.27,5182,388
2025-11-22,SEO,US,organic,54.87,7839,461
2025-11-23,Display,BR,prospecting,97.24,19448,185
2025-11-23,Display,BR,retargeting,95.34,19068,156
2025-11-23,Display,DE,prospecting,138.11,27622,248
2025-11-23,Display,DE,retargeting,114.59,22918,192
2025-11-23,Display,IN,prospecting,91.64,18328,163
2025-11-23,Display,IN,retargeting,93.08,18616,162
2025-11-23,Display,UK,prospecting,164.84,32968,224
2025-11-23,Display,UK,retargeting,149.77,29954,253
2025-11-23,Display,US,prospecting,177.96,35591,264
2025-11-23,Display,US,retargeting,223.39,44677,348
2025-11-23,Email,BR,lifecycle,32.55,3616,309
2025-11-23,Email,BR,newsletter,35.42,3935,332
2025-11-23,Email,DE,lifecycle,37.76,4196,373
2025-11-23,Email,DE,newsletter,39.67,4407,402
2025-11-23,Email,IN,lifecycle,23.99,2665,252
2025-11-23,Email,IN,newsletter,19.67,2186,199
2025-11-23,Email,UK,lifecycle,39.21,4357,417
2025-11-23,Email,UK,newsletter,47.8,5311,438
2025-11-23,Email,US,lifecycle,66.92,7436,641
2025-11-23,Email,US,newsletter,50.51,5612,478
2025-11-23,Paid Search,BR,brand,281.12,3904,185
2025-11-23,Paid Search,BR,nonbrand,297.27,4129,190
2025-11-23,Paid Search,DE,brand,404.56,5619,249
2025-11-23,Paid Search,DE,nonbrand,295.45,4103,213
2025-11-23,Paid Search,IN,brand,255.23,3545,144
2025-11-23,Paid Search,IN,nonbrand,220.01,3056,148
2025-11-23,Paid Search,UK,brand,440.7,6121,250
2025-11-23,Paid Search,UK,nonbrand,454.29,6310,261
2025-11-23,Paid Search,US,brand,478.99,6653,322
2025-11-23,Paid Search,US,nonbrand,536.94,7458,347
2025-11-23,Paid Social,BR,prospecting,231.82,17832,324
2025-11-23,Paid Social,BR,retargeting,251.16,19320,377
2025-11-23,Paid Social,DE,prospecting,296.48,22806,409
2025-11-23,Paid Social,DE,retargeting,328.94,25303,438
2025-11-23,Paid Social,IN,prospecting,255.5,19654,309
2025-11-23,Paid Social,IN,retargeting,237.08,18237,324
2025-11-23,Paid Social,UK,prospecting,437.03,33618,622
2025-11-23,Paid Social,UK,retargeting,397.2,30554,510
2025-11-23,Paid Social,US,prospecting,444.29,34176,647
2025-11-23,Paid Social,US,retargeting,445.71,34286,665
2025-11-23,Referral,BR,affiliates,103.3,2296,114
2025-11-23,Referral,DE,affiliates,106.19,2360,113
2025-11-23,Referral,IN,affiliates,86.64,1925,95
2025-11-23,Referral,UK,affiliates,138.04,3067,160
2025-11-23,Referral,US,affiliates,259.11,5758,300
2025-11-23,SEO,BR,organic,25.26,3608,262
2025-11-23,SEO,DE,organic,37.78,5397,354
2025-11-23,SEO,IN,organic,17.93,2562,169
2025-11-23,SEO,UK,organic,37.32,5332,407
2025-11-23,SEO,US,organic,55.88,7983,586
2025-11-24,Display,BR,prospecting,86.81,17363,148
2025-11-24,Display,BR,retargeting,81.51,16302,117
2025-11-24,Display,DE,prospecting,107.34,21468,169
2025-11-24,Display,DE,retargeting,95.45,19089,143
2025-11-24,Display,IN,prospecting,90.19,18038,132
2025-11-24,Display,IN,retargeting,80.6,16120,128
2025-11-24,Display,UK,prospecting,182.2,36440,313
2025-11-24,Display,UK,retargeting,160.57,32114,247
2025-11-24,Display,US,prospecting,154.21,30842,268
2025-11-24,Display,US,retargeting,151.76,30352,242
2025-11-24,Email,BR,lifecycle,26.95,2994,251
2025-11-24,Email,BR,newsletter,25.64,2849,269
2025-11-24,Email,DE,lifecycle,28.05,3117,293
2025-11-24,Email,DE,newsletter,34.32,3813,325
2025-11-24,Email,IN,lifecycle,28.66,3184,304
2025-11-24,Email,IN,newsletter,20.41,2268,207
2025-11-24,Email,UK,lifecycle,42.13,4682,449
2025-11-24,Email,UK,newsletter,48.4,5378,509
2025-11-24,Email,US,lifecycle,59.64,6626,635
2025-11-24,Email,US,newsletter,57.23,6359,584
2025-11-24,Paid Search,BR,brand,343.03,4764,200
2025-11-24,Paid Search,BR,nonbrand,252.53,3507,150
2025-11-24,Paid Search,DE,brand,341.51,4743,210
2025-11-24,Paid Search,DE,nonbrand,340.71,4732,215
2025-11-24,Paid Search,IN,brand,243.32,3379,165
2025-11-24,Paid Search,IN,nonbrand,223.66,3106,149
2025-11-24,Paid Search,UK,brand,397.66,5523,244
2025-11-24,Paid Search,UK,nonbrand,343.71,4774,198
2025-11-24,Paid Search,US,brand,578.54,8035,340
2025-11-24,Paid Search,US,nonbrand,562.98,7819,321
2025-11-24,Paid Social,BR,prospecting,194.45,14957,284
2025-11-24,Paid Social,BR,retargeting,216.82,16678,297
2025-11-24,Paid Social,DE,prospecting,300.41,23108,411
2025-11-24,Paid Social,DE,retargeting,256.09,19699,290
2025-11-24,Paid Social,IN,prospecting,197.74,15211,223
2025-11-24,Paid Social,IN,retargeting,216.34,16641,279
2025-11-24,Paid Social,UK,prospecting,366.72,28209,479
2025-11-24,Paid Social,UK,retargeting,367.24,28249,544
2025-11-24,Paid Social,US,prospecting,443.3,34100,582
2025-11-24,Paid Social,US,retargeting,555.41,42724,789
2025-11-24,Referral,BR,affiliates,82.77,1839,84
2025-11-24,Referral,DE,affiliates,131.85,2930,138
2025-11-24,Referral,IN,affiliates,66.69,1482,65
2025-11-24,Referral,UK,affiliates,144.76,3217,152
2025-11-24,Referral,US,affiliates,163.61,3636,193
2025-11-24,SEO,BR,organic,25.24,3606,272
2025-11-24,SEO,DE,organic,27.77,3967,281
2025-11-24,SEO,IN,organic,23.63,3376,231
2025-11-24,SEO,UK,organic,43.11,6159,434
2025-11-24,SEO,US,organic,52.16,7452,562
2025-11-25,Display,BR,prospecting,101.94,20388,161
2025-11-25,Display,BR,retargeting,86.78,17355,133
2025-11-25,Display,DE,prospecting,80.89,16177,134
2025-11-25,Display,DE,retargeting,104.29,20857,169
2025-11-25,Display,IN,prospecting,91.84,18368,137
2025-11-25,Display,IN,retargeting,68.06,13612,114
2025-11-25,Display,UK,prospecting,125.43,25085,205
2025-11-25,Display,UK,retargeting,155.13,31027,219
2025-11-25,Display,US,prospecting,194.76,38952,326
2025-11-25,Display,US,retargeting,221.99,44398,365
2025-11-25,Email,BR,lifecycle,26.11,2901,256
2025-11-25,Email,BR,newsletter,27.24,3027,296
2025-11-25,Email,DE,lifecycle,31.32,3479,300
2025-11-25,Email,DE,newsletter,31.62,3513,299
2025-11-25,Email,IN,lifecycle,22.69,2521,222
2025-11-25,Email,IN,newsletter,25.16,2796,254
2025-11-25,Email,UK,lifecycle,38.37,4263,361
2025-11-25,Email,UK,newsletter,43.04,4782,375
2025-11-25,Email,US,lifecycle,49.03,5448,524
2025-11-25,Email,US,newsletter,58.77,6530,669
2025-11-25,Paid Search,BR,brand,283.13,3932,186
2025-11-25,Paid Search,BR,nonbrand,242.49,3368,170
2025-11-25,Paid Search,DE,brand,329.24,4573,207
2025-11-25,Paid Search,DE,nonbrand,273.78,3802,178
2025-11-25,Paid Search,IN,brand,248.23,3448,152
2025-11-25,Paid Search,IN,nonbrand,242.98,3375,151
2025-11-25,Paid Search,UK,brand,421.69,5857,265
2025-11-25,Paid Search,UK,nonbrand,374.61,5203,242
2025-11-25,Paid Search,US,brand,563.7,7829,388
2025-11-25,Paid Search,US,nonbrand,592.17,8225,346
2025-11-25,Paid Social,BR,prospecting,201.21,15477,254
2025-11-25,Paid Social,BR,retargeting,239.35,18411,321
2025-11-25,Paid Social,DE,prospecting,203.88,15683,268
2025-11-25,Paid Social,DE,retargeting,271.45,20881,353
2025-11-25,Paid Social,IN,prospecting,193.69,14899,266
2025-11-25,Paid Social,IN,retargeting,194.02,14924,257
2025-11-25,Paid Social,UK,prospecting,410.95,31612,536
2025-11-25,Paid Social,UK,retargeting,407.11,31316,564
2025-11-25,Paid Social,US,prospecting,473.3,36408,645
2025-11-25,Paid Social,US,retargeting,453.36,34874,597
2025-11-25,Referral,BR,affiliates,85.59,1902,108
2025-11-25,Referral,DE,affiliates,108.36,2408,122
2025-11-25,Referral,IN,affiliates,65.59,1458,80
2025-11-25,Referral,UK,affiliates,125.82,2796,138
2025-11-25,Referral,US,affiliates,194.43,4321,216
2025-11-25,SEO,BR,organic,28.17,4024,268
2025-11-25,SEO,DE,organic,31.85,4550,314
2025-11-25,SEO,IN,organic,20.22,2889,195
2025-11-25,SEO,UK,organic,45.93,6561,470
2025-11-25,SEO,US,organic,57.46,8208,551
2025-11-26,Display,BR,prospecting,90.09,18018,138
2025-11-26,Display,BR,retargeting,101.49,20298,184
2025-11-26,Display,DE,prospecting,118.1,23620,181
2025-11-26,Display,DE,retargeting,132.12,26424,243
2025-11-26,Display,IN,prospecting,71.33,14265,119
2025-11-26,Display,IN,retargeting,87.03,17407,134
2025-11-26,Display,UK,prospecting,169.47,33893,246
2025-11-26,Display,UK,retargeting,109.0,21800,163
2025-11-26,Display,US,prospecting,201.8,40361,358
2025-11-26,Display,US,retargeting,215.93,43185,319
2025-11-26,Email,BR,lifecycle,26.77,2975,276
2025-11-26,Email,BR,newsletter,23.53,2614,226
2025-11-26,Email,DE,lifecycle,32.18,3576,318
2025-11-26,Email,DE,newsletter,39.51,4390,431
2025-11-26,Email,IN,lifecycle,23.4,2600,225
2025-11-26,Email,IN,newsletter,24.18,2686,236
2025-11-26,Email,UK,lifecycle,49.33,5481,513
2025-11-26,Email,UK,newsletter,37.59,4177,410
2025-11-26,Email,US,lifecycle,60.26,6695,586
2025-11-26,Email,US,newsletter,48.39,5377,466
2025-11-26,Paid Search,BR,brand,289.62,4022,194
2025-11-26,Paid Search,BR,nonbrand,262.81,3650,159
2025-11-26,Paid Search,DE,brand,313.13,4349,216
2025-11-26,Paid Search,DE,nonbrand,264.14,3669,148
2025-11-26,Paid Search,IN,brand,294.55,4091,185
2025-11-26,Paid Search,IN,nonbrand,181.69,2524,120
2025-11-26,Paid Search,UK,brand,483.54,6716,301
2025-11-26,Paid Search,UK,nonbrand,471.88,6554,271
2025-11-26,Paid Search,US,brand,571.57,7938,346
2025-11-26,Paid Search,US,nonbrand,529.85,7359,315
2025-11-26,Paid Social,BR,prospecting,185.74,14288,253
2025-11-26,Paid Social,BR,retargeting,223.86,17220,327
2025-11-26,Paid Social,DE,prospecting,251.88,19375,358
2025-11-26,Paid Social,DE,retargeting,281.65,21666,415
2025-11-26,Paid Social,IN,prospecting,234.04,18003,369
2025-11-26,Paid Social,IN,retargeting,185.36,14258,261
2025-11-26,Paid Social,UK,prospecting,405.85,31219,586
2025-11-26,Paid Social,UK,retargeting,436.11,33547,548
2025-11-26,Paid Social,US,prospecting,470.98,36229,689
2025-11-26,Paid Social,US,retargeting,501.66,38589,728
2025-11-26,Referral,BR,affiliates,102.03,2267,113
2025-11-26,Referral,DE,affiliates,124.08,2757,138
2025-11-26,Referral,IN,affiliates,91.92,2043,100
2025-11-26,Referral,UK,affiliates,147.03,3267,161
2025-11-26,Referral,US,affiliates,205.12,4558,245
2025-11-26,SEO,BR,organic,20.84,2977,185
2025-11-26,SEO,DE,organic,28.04,4005,284
2025-11-26,SEO,IN,organic,21.16,3023,220
2025-11-26,SEO,UK,organic,43.85,6264,459
2025-11-26,SEO,US,organic,62.24,8892,570
2025-11-27,Display,BR,prospecting,112.5,22500,191
2025-11-27,Display,BR,retargeting,96.49,19297,141
2025-11-27,Display,DE,prospecting,101.42,20285,171
2025-11-27,Display,DE,retargeting,120.53,24106,190
2025-11-27,Display,IN,prospecting,84.76,16951,133
2025-11-27,Display,IN,retargeting,90.41,18082,145
2025-11-27,Display,UK,prospecting,111.93,22387,187
2025-11-27,Display,UK,retargeting,126.27,25254,195
2025-11-27,Display,US,prospecting,170.49,34098,308
2025-11-27,Display,US,retargeting,204.96,40992,313
2025-11-27,Email,BR,lifecycle,28.65,3184,299
2025-11-27,Email,BR,newsletter,17.98,1997,185
2025-11-27,Email,DE,lifecycle,39.45,4384,407
2025-11-27,Email,DE,newsletter,39.45,4384,378
2025-11-27,Email,IN,lifecycle,22.25,2472,196
2025-11-27,Email,IN,newsletter,26.33,2926,276
2025-11-27,Email,UK,lifecycle,39.96,4440,391
2025-11-27,Email,UK,newsletter,39.34,4371,396
2025-11-27,Email,US,lifecycle,54.92,6102,617
2025-11-27,Email,US,newsletter,48.27,5364,482
2025-11-27,Paid Search,BR,brand,283.14,3932,179
2025-11-27,Paid Search,BR,nonbrand,241.8,3358,165
2025-11-27,Paid Search,DE,brand,306.57,4258,176
2025-11-27,Paid Search,DE,nonbrand,330.6,4592,201
2025-11-27,Paid Search,IN,brand,211.77,2941,122
2025-11-27,Paid Search,IN,nonbrand,234.36,3255,154
2025-11-27,Paid Search,UK,brand,436.57,6064,286
2025-11-27,Paid Search,UK,nonbrand,425.93,5916,263
2025-11-27,Paid Search,US,brand,576.53,8007,383
2025-11-27,Paid Search,US,nonbrand,677.84,9414,402
2025-11-27,Paid Social,BR,prospecting,227.83,17526,331
2025-11-27,Paid Social,BR,retargeting,235.56,18120,307
2025-11-27,Paid Social,DE,prospecting,207.59,15968,282
2025-11-27,Paid Social,DE,retargeting,246.62,18970,330
2025-11-27,Paid Social,IN,prospecting,196.02,15078,301
2025-11-27,Paid Social,IN,retargeting,196.44,15110,238
2025-11-27,Paid Social,UK,prospecting,357.41,27493,476
2025-11-27,Paid Social,UK,retargeting,421.89,32453,522
2025-11-27,Paid Social,US,prospecting,588.29,45253,887
2025-11-27,Paid Social,US,retargeting,530.73,40826,834
2025-11-27,Referral,BR,affiliates,100.4,2231,123
2025-11-27,Referral,DE,affiliates,111.28,2473,123
2025-11-27,Referral,IN,affiliates,94.5,2100,113
2025-11-27,Referral,UK,affiliates,164.79,3662,166
2025-11-27,Referral,US,affiliates,234.49,5211,261
2025-11-27,SEO,BR,organic,23.0,3285,255
2025-11-27,SEO,DE,organic,22.25,3179,232
2025-11-27,SEO,IN,organic,17.75,2536,179
2025-11-27,SEO,UK,organic,30.56,4366,287
2025-11-27,SEO,US,organic,51.57,7367,566
2025-11-28,Display,BR,prospecting,86.18,17235,142
2025-11-28,Display,BR,retargeting,96.52,19303,159
2025-11-28,Display,DE,prospecting,102.25,20449,171
2025-11-28,Display,DE,retargeting,111.04,22208,180
2025-11-28,Display,IN,prospecting,79.23,15847,129
2025-11-28,Display,IN,retargeting,89.66,17931,137
2025-11-28,Display,UK,prospecting,146.34,29267,237
2025-11-28,Display,UK,retargeting,121.85,24370,213
2025-11-28,Display,US,prospecting,196.16,39233,290
2025-11-28,Display,US,retargeting,114.63,22927,168
2025-11-28,Email,BR,lifecycle,26.01,2890,288
2025-11-28,Email,BR,newsletter,25.58,2842,280
2025-11-28,Email,DE,lifecycle,31.15,3461,306
2025-11-28,Email,DE,newsletter,33.82,3757,344
2025-11-28,Email,IN,lifecycle,27.7,3077,260
2025-11-28,Email,IN,newsletter,19.19,2133,188
2025-11-28,Email,UK,lifecycle,41.06,4563,412
2025-11-28,Email,UK,newsletter,37.09,4121,339
2025-11-28,Email,US,lifecycle,69.64,7738,667
2025-11-28,Email,US,newsletter,55.29,6144,570
2025-11-28,Paid Search,BR,brand,302.62,4203,187
2025-11-28,Paid Search,BR,nonbrand,191.49,2660,118
2025-11-28,Paid Search,DE,brand,332.35,4616,217
2025-11-28,Paid Search,DE,nonbrand,341.41,4742,229
2025-11-28,Paid Search,IN,brand,259.86,3609,168
2025-11-28,Paid Search,IN,nonbrand,278.43,3867,173
2025-11-28,Paid Search,UK,brand,420.16,5836,268
2025-11-28,Paid Search,UK,nonbrand,411.92,5721,262
2025-11-28,Paid Search,US,brand,593.88,8248,373
2025-11-28,Paid Search,US,nonbrand,641.27,8907,399
2025-11-28,Paid Social,BR,prospecting,214.45,16496,298
2025-11-28,Paid Social,BR,retargeting,160.46,12343,222
2025-11-28,Paid Social,DE,prospecting,292.77,22521,432
2025-11-28,Paid Social,DE,retargeting,254.02,19540,342
2025-11-28,Paid Social,IN,prospecting,205.74,15826,268
2025-11-28,Paid Social,IN,retargeting,204.87,15759,282
2025-11-28,Paid Social,UK,prospecting,256.84,19757,297
2025-11-28,Paid Social,UK,retargeting,396.11,30470,512
2025-11-28,Paid Social,US,prospecting,495.29,38099,654
2025-11-28,Paid Social,US,retargeting,509.27,39174,696
2025-11-28,Referral,BR,affiliates,107.93,2398,118
2025-11-28,Referral,DE,affiliates,120.51,2678,136
2025-11-28,Referral,IN,affiliates,89.76,1995,96
2025-11-28,Referral,UK,affiliates,160.57,3568,191
2025-11-28,Referral,US,affiliates,253.65,5637,301
2025-11-28,SEO,BR,organic,18.77,2682,193
2025-11-28,SEO,DE,organic,27.63,3947,291
2025-11-28,SEO,IN,organic,26.19,3742,276
2025-11-28,SEO,UK,organic,43.51,6215,422
2025-11-28,SEO,US,organic,62.08,8868,555
2025-11-29,Display,BR,prospecting,103.12,20625,166
2025-11-29,Display,BR,retargeting,77.59,15518,105
2025-11-29,Display,DE,prospecting,95.45,19089,157
2025-11-29,Display,DE,retargeting,137.13,27426,198
2025-11-29,Display,IN,prospecting,103.57,20713,165
2025-11-29,Display,IN,retargeting,100.47,20094,164
2025-11-29,Display,UK,prospecting,142.46,28491,233
2025-11-29,Display,UK,retargeting,121.18,24235,193
2025-11-29,Display,US,prospecting,244.77,48954,361
2025-11-29,Display,US,retargeting,201.61,40322,327
2025-11-29,Email,BR,lifecycle,22.61,2512,226
2025-11-29,Email,BR,newsletter,23.9,2656,242
2025-11-29,Email,DE,lifecycle,28.76,3196,333
2025-11-29,Email,DE,newsletter,28.62,3180,309
2025-11-29,Email,IN,lifecycle,24.69,2743,248
2025-11-29,Email,IN,newsletter,23.98,2665,251
2025-11-29,Email,UK,lifecycle,52.07,5785,568
2025-11-29,Email,UK,newsletter,47.45,5272,447
2025-11-29,Email,US,lifecycle,70.94,7882,753
2025-11-29,Email,US,newsletter,62.49,6943,602
2025-11-29,Paid Search,BR,brand,271.12,3766,174
2025-11-29,Paid Search,BR,nonbrand,308.15,4280,202
2025-11-29,Paid Search,DE,brand,336.31,4671,186
2025-11-29,Paid Search,DE,nonbrand,384.41,5339,246
2025-11-29,Paid Search,IN,brand,260.67,3620,157
2025-11-29,Paid Search,IN,nonbrand,288.57,4008,173
2025-11-29,Paid Search,UK,brand,404.95,5624,263
2025-11-29,Paid Search,UK,nonbrand,420.87,5845,245
2025-11-29,Paid Search,US,brand,695.25,9656,424
2025-11-29,Paid Search,US,nonbrand,645.99,8972,419
2025-11-29,Paid Social,BR,prospecting,221.21,17016,333
2025-11-29,Paid Social,BR,retargeting,196.96,15151,256
2025-11-29,Paid Social,DE,prospecting,235.35,18104,322
2025-11-29,Paid Social,DE,retargeting,318.65,24511,379
2025-11-29,Paid Social,IN,prospecting,192.84,14834,269
2025-11-29,Paid Social,IN,retargeting,224.24,17249,332
2025-11-29,Paid Social,UK,prospecting,334.21,25709,481
2025-11-29,Paid Social,UK,retargeting,378.47,29113,485
2025-11-29,Paid Social,US,prospecting,419.49,32268,564
2025-11-29,Paid Social,US,retargeting,383.09,29468,548
2025-11-29,Referral,BR,affiliates,96.08,2135,107
2025-11-29,Referral,DE,affiliates,147.12,3269,154
2025-11-29,Referral,IN,affiliates,94.54,2101,106
2025-11-29,Referral,UK,affiliates,195.77,4350,215
2025-11-29,Referral,US,affiliates,210.72,4683,245
2025-11-29,SEO,BR,organic,29.05,4149,289
2025-11-29,SEO,DE,organic,30.25,4321,305
2025-11-29,SEO,IN,organic,15.89,2271,151
2025-11-29,SEO,UK,organic,50.25,7178,508
2025-11-29,SEO,US,organic,56.59,8084,580
2025-11-30,Display,BR,prospecting,84.4,16880,139
2025-11-30,Display,BR,retargeting,79.36,15872,117
2025-11-30,Display,DE,prospecting,138.06,27613,207
2025-11-30,Display,DE,retargeting,104.13,20826,158
2025-11-30,Display,IN,prospecting,70.64,14128,112
2025-11-30,Display,IN,retargeting,105.79,21159,177
2025-11-30,Display,UK,prospecting,145.81,29161,247
2025-11-30,Display,UK,retargeting,170.35,34070,256
2025-11-30,Display,US,prospecting,256.89,51378,340
2025-11-30,Display,US,retargeting,176.25,35250,283
2025-11-30,Email,BR,lifecycle,30.18,3353,305
2025-11-30,Email,BR,newsletter,29.88,3320,313
2025-11-30,Email,DE,lifecycle,40.78,4532,414
2025-11-30,Email,DE,newsletter,34.21,3801,353
2025-11-30,Email,IN,lifecycle,21.61,2401,207
2025-11-30,Email,IN,newsletter,24.52,2725,266
2025-11-30,Email,UK,lifecycle,53.58,5953,514
2025-11-30,Email,UK,newsletter,53.02,5891,478
2025-11-30,Email,US,lifecycle,59.51,6613,647
2025-11-30,Email,US,newsletter,62.5,6944,691
2025-11-30,Paid Search,BR,brand,208.97,2902,108
2025-11-30,Paid Search,BR,nonbrand,285.45,3965,186
2025-11-30,Paid Search,DE,brand,344.93,4791,218
2025-11-30,Paid Search,DE,nonbrand,367.39,5103,169
2025-11-30,Paid Search,IN,brand,206.32,2865,130
2025-11-30,Paid Search,IN,nonbrand,236.4,3283,142
2025-11-30,Paid Search,UK,brand,369.37,5130,221
2025-11-30,Paid Search,UK,nonbrand,450.03,6250,264
2025-11-30,Paid Search,US,brand,540.86,7512,301
2025-11-30,Paid Search,US,nonbrand,758.43,10534,510
2025-11-30,Paid Social,BR,prospecting,215.42,16571,270
2025-11-30,Paid Social,BR,retargeting,221.03,17002,272
2025-11-30,Paid Social,DE,prospecting,244.62,18817,319
2025-11-30,Paid Social,DE,retargeting,326.72,25132,408
2025-11-30,Paid Social,IN,prospecting,177.03,13618,224
2025-11-30,Paid Social,IN,retargeting,219.54,16888,289
2025-11-30,Paid Social,UK,prospecting,420.51,32347,546
2025-11-30,Paid Social,UK,retargeting,356.42,27417,433
2025-11-30,Paid Social,US,prospecting,546.15,42012,855
2025-11-30,Paid Social,US,retargeting,563.45,43342,760
2025-11-30,Referral,BR,affiliates,81.39,1809,96
2025-11-30,Referral,DE,affiliates,121.48,2699,128
2025-11-30,Referral,IN,affiliates,98.89,2198,116
2025-11-30,Referral,UK,affiliates,170.18,3782,187
2025-11-30,Referral,US,affiliates,236.25,5250,269
2025-11-30,SEO,BR,organic,24.78,3541,245
2025-11-30,SEO,DE,organic,30.29,4327,312
2025-11-30,SEO,IN,organic,26.64,3805,263
2025-11-30,SEO,UK,organic,32.73,4675,367
2025-11-30,SEO,US,organic,64.81,9258,688
2025-12-01,Display,BR,prospecting,99.97,19994,159
2025-12-01,Display,BR,retargeting,87.82,17564,148
2025-12-01,Display,DE,prospecting,100.29,20058,153
2025-12-01,Display,DE,retargeting,138.95,27790,228
2025-12-01,Display,IN,prospecting,71.21,14242,112
2025-12-01,Display,IN,retargeting,94.74,18948,147
2025-12-01,Display,UK,prospecting,133.8,26760,220
2025-12-01,Display,UK,retargeting,178.05,35610,287
2025-12-01,Display,US,prospecting,210.37,42073,355
2025-12-01,Display,US,retargeting,218.54,43708,336
2025-12-01,Email,BR,lifecycle,26.98,2997,269
2025-12-01,Email,BR,newsletter,19.88,2209,178
2025-12-01,Email,DE,lifecycle,34.89,3877,323
2025-12-01,Email,DE,newsletter,28.89,3210,276
2025-12-01,Email,IN,lifecycle,30.82,3424,287
2025-12-01,Email,IN,newsletter,24.01,2667,230
2025-12-01,Email,UK,lifecycle,50.35,5595,532
2025-12-01,Email,UK,newsletter,43.62,4847,446
2025-12-01,Email,US,lifecycle,70.01,7779,643
2025-12-01,Email,US,newsletter,53.91,5990,524
2025-12-01,Paid Search,BR,brand,250.94,3485,160
2025-12-01,Paid Search,BR,nonbrand,247.08,3432,165
2025-12-01,Paid Search,DE,brand,323.97,4500,222
2025-12-01,Paid Search,DE,nonbrand,341.41,4742,222
2025-12-01,Paid Search,IN,brand,257.12,3571,158
2025-12-01,Paid Search,IN,nonbrand,195.91,2721,129
2025-12-01,Paid Search,UK,brand,402.95,5597,265
2025-12-01,Paid Search,UK,nonbrand,443.38,6158,276
2025-12-01,Paid Search,US,brand,496.45,6895,307
2025-12-01,Paid Search,US,nonbrand,473.79,6580,302
2025-12-01,Paid Social,BR,prospecting,226.93,17456,282
2025-12-01,Paid Social,BR,retargeting,241.68,18591,332
2025-12-01,Paid Social,DE,prospecting,283.95,21842,353
2025-12-01,Paid Social,DE,retargeting,269.61,20740,400
2025-12-01,Paid Social,IN,prospecting,181.77,13982,232
2025-12-01,Paid Social,IN,retargeting,193.99,14923,246
2025-12-01,Paid Social,UK,prospecting,290.26,22328,413
2025-12-01,Paid Social,UK,retargeting,357.37,27490,462
2025-12-01,Paid Social,US,prospecting,512.94,39457,714
2025-12-01,Paid Social,US,retargeting,475.6,36585,662
2025-12-01,Referral,BR,affiliates,101.38,2253,105
2025-12-01,Referral,DE,affiliates,127.76,2839,150
2025-12-01,Referral,IN,affiliates,90.87,2019,106
2025-12-01,Referral,UK,affiliates,106.9,2376,121
2025-12-01,Referral,US,affiliates,203.07,4513,205
2025-12-01,SEO,BR,organic,22.0,3143,192
2025-12-01,SEO,DE,organic,26.27,3753,255
2025-12-01,SEO,IN,organic,21.99,3141,228
2025-12-01,SEO,UK,organic,42.98,6140,399
2025-12-01,SEO,US,organic,52.57,7510,538
2025-12-02,Display,BR,prospecting,78.34,15667,128
2025-12-02,Display,BR,retargeting,93.48,18696,150
2025-12-02,Display,DE,prospecting,127.18,25435,224
2025-12-02,Display,DE,retargeting,101.05,20210,158
2025-12-02,Display,IN,prospecting,61.39,12279,99
2025-12-02,Display,IN,retargeting,81.64,16329,126
2025-12-02,Display,UK,prospecting,126.96,25392,185
2025-12-02,Display,UK,retargeting,138.2,27641,204
2025-12-02,Display,US,prospecting,188.49,37698,313
2025-12-02,Display,US,retargeting,216.85,43369,364
2025-12-02,Email,BR,lifecycle,29.28,3253,298
2025-12-02,Email,BR,newsletter,23.39,2599,242
2025-12-02,Email,DE,lifecycle,35.03,3892,333
2025-12-02,Email,DE,newsletter,32.43,3604,305
2025-12-02,Email,IN,lifecycle,19.65,2183,197
2025-12-02,Email,IN,newsletter,23.63,2626,270
2025-12-02,Email,UK,lifecycle,34.35,3816,353
2025-12-02,Email,UK,newsletter,41.2,4578,379
2025-12-02,Email,US,lifecycle,60.14,6682,622
2025-12-02,Email,US,newsletter,53.62,5958,491
2025-12-02,Paid Search,BR,brand,281.71,3913,175
2025-12-02,Paid Search,BR,nonbrand,226.94,3152,135
2025-12-02,Paid Search,DE,brand,294.77,4094,190
2025-12-02,Paid Search,DE,nonbrand,282.97,3930,197
2025-12-02,Paid Search,IN,brand,271.11,3765,189
2025-12-02,Paid Search,IN,nonbrand,248.3,3449,155
2025-12-02,Paid Search,UK,brand,425.08,5904,292
2025-12-02,Paid Search,UK,nonbrand,478.3,6643,308
2025-12-02,Paid Search,US,brand,501.81,6970,284
2025-12-02,Paid Search,US,nonbrand,577.05,8015,351
2025-12-02,Paid Social,BR,prospecting,233.95,17997,339
2025-12-02,Paid Social,BR,retargeting,262.19,20169,336
2025-12-02,Paid Social,DE,prospecting,301.47,23190,413
2025-12-02,Paid Social,DE,retargeting,229.05,17619,329
2025-12-02,Paid Social,IN,prospecting,247.56,19043,318
2025-12-02,Paid Social,IN,retargeting,219.55,16888,301
2025-12-02,Paid Social,UK,prospecting,342.56,26350,514
2025-12-02,Paid Social,UK,retargeting,381.59,29353,499
2025-12-02,Paid Social,US,prospecting,474.09,36469,728
2025-12-02,Paid Social,US,retargeting,462.32,35563,582
2025-12-02,Referral,BR,affiliates,101.43,2254,112
2025-12-02,Referral,DE,affiliates,117.85,2619,130
2025-12-02,Referral,IN,affiliates,75.78,1684,83
2025-12-02,Referral,UK,affiliates,187.73,4172,189
2025-12-02,Referral,US,affiliates,202.88,4508,240
2025-12-02,SEO,BR,organic,22.96,3280,232
2025-12-02,SEO,DE,organic,30.66,4381,327
2025-12-02,SEO,IN,organic,16.13,2305,170
2025-12-02,SEO,UK,organic,39.06,5580,429
2025-12-02,SEO,US,organic,48.31,6901,499
2025-12-03,Display,BR,prospecting,90.24,18047,151
2025-12-03,Display,BR,retargeting,80.23,16045,125
2025-12-03,Display,DE,prospecting,101.41,20282,155
2025-12-03,Display,DE,retargeting,132.66,26532,220
2025-12-03,Display,IN,prospecting,79.79,15958,133
2025-12-03,Display,IN,retargeting,76.47,15293,125
2025-12-03,Display,UK,prospecting,121.04,24208,192
2025-12-03,Display,UK,retargeting,157.21,31442,259
2025-12-03,Display,US,prospecting,209.55,41911,337
2025-12-03,Display,US,retargeting,201.47,40293,302
2025-12-03,Email,BR,lifecycle,21.82,2424,223
2025-12-03,Email,BR,newsletter,26.49,2943,273
2025-12-03,Email,DE,lifecycle,37.81,4202,357
2025-12-03,Email,DE,newsletter,28.48,3164,317
2025-12-03,Email,IN,lifecycle,23.25,2584,251
2025-12-03,Email,IN,newsletter,24.85,2761,238
2025-12-03,Email,UK,lifecycle,45.26,5029,447
2025-12-03,Email,UK,newsletter,38.72,4303,399
2025-12-03,Email,US,lifecycle,46.17,5130,386
2025-12-03,Email,US,newsletter,55.01,6112,533
2025-12-03,Paid Search,BR,brand,226.8,3150,141
2025-12-03,Paid Search,BR,nonbrand,211.4,2936,141
2025-12-03,Paid Search,DE,brand,341.33,4741,216
2025-12-03,Paid Search,DE,nonbrand,316.8,4400,174
2025-12-03,Paid Search,IN,brand,211.08,2932,148
2025-12-03,Paid Search,IN,nonbrand,169.85,2359,99
2025-12-03,Paid Search,UK,brand,518.54,7202,305
2025-12-03,Paid Search,UK,nonbrand,293.02,4070,195
2025-12-03,Paid Search,US,brand,597.53,8299,395
2025-12-03,Paid Search,US,nonbrand,602.9,8374,330
2025-12-03,Paid Social,BR,prospecting,184.87,14221,269
2025-12-03,Paid Social,BR,retargeting,209.68,16129,290
2025-12-03,Paid Social,DE,prospecting,262.26,20174,335
2025-12-03,Paid Social,DE,retargeting,257.88,19837,329
2025-12-03,Paid Social,IN,prospecting,210.96,16228,288
2025-12-03,Paid Social,IN,retargeting,180.2,13862,244
2025-12-03,Paid Social,UK,prospecting,370.97,28536,514
2025-12-03,Paid Social,UK,retargeting,391.65,30127,527
2025-12-03,Paid Social,US,prospecting,411.18,31629,576
2025-12-03,Paid Social,US,retargeting,474.96,36535,658
2025-12-03,Referral,BR,affiliates,98.14,2181,115
2025-12-03,Referral,DE,affiliates,103.32,2296,119
2025-12-03,Referral,IN,affiliates,85.89,1909,98
2025-12-03,Referral,UK,affiliates,136.76,3039,160
2025-12-03,Referral,US,affiliates,212.07,4713,241
2025-12-03,SEO,BR,organic,23.1,3299,224
2025-12-03,SEO,DE,organic,31.04,4434,294
2025-12-03,SEO,IN,organic,26.02,3718,238
2025-12-03,SEO,UK,organic,36.53,5219,361
2025-12-03,SEO,US,organic,63.17,9025,622
2025-12-04,Display,BR,prospecting,82.84,16567,135
2025-12-04,Display,BR,retargeting,78.39,15678,119
2025-12-04,Display,DE,prospecting,95.03,19007,158
2025-12-04,Display,DE,retargeting,132.6,26519,218
2025-12-04,Display,IN,prospecting,99.73,19945,175
2025-12-04,Display,IN,retargeting,61.2,12241,93
2025-12-04,Display,UK,prospecting,135.01,27003,195
2025-12-04,Display,UK,retargeting,167.99,33597,253
2025-12-04,Display,US,prospecting,223.71,44743,332
2025-12-04,Display,US,retargeting,164.7,32940,253
2025-12-04,Email,BR,lifecycle,23.42,2602,247
2025-12-04,Email,BR,newsletter,26.81,2979,247
2025-12-04,Email,DE,lifecycle,38.72,4302,368
2025-12-04,Email,DE,newsletter,27.48,3053,258
2025-12-04,Email,IN,lifecycle,21.15,2350,211
2025-12-04,Email,IN,newsletter,23.2,2578,222
2025-12-04,Email,UK,lifecycle,44.16,4907,451
2025-12-04,Email,UK,newsletter,44.6,4956,438
2025-12-04,Email,US,lifecycle,57.2,6356,600
2025-12-04,Email,US,newsletter,59.82,6646,622
2025-12-04,Paid Search,BR,brand,251.22,3489,164
2025-12-04,Paid Search,BR,nonbrand,263.55,3660,183
2025-12-04,Paid Search,DE,brand,433.01,6014,262
2025-12-04,Paid Search,DE,nonbrand,262.79,3650,179
2025-12-04,Paid Search,IN,brand,235.01,3264,147
2025-12-04,Paid Search,IN,nonbrand,266.61,3703,150
2025-12-04,Paid Search,UK,brand,434.44,6034,257
2025-12-04,Paid Search,UK,nonbrand,385.06,5348,249
2025-12-04,Paid Search,US,brand,663.74,9219,453
2025-12-04,Paid Search,US,nonbrand,514.09,7140,323
2025-12-04,Paid Social,BR,prospecting,180.83,13910,247
2025-12-04,Paid Social,BR,retargeting,198.18,15245,293
2025-12-04,Paid Social,DE,prospecting,285.64,21972,363
2025-12-04,Paid Social,DE,retargeting,221.11,17008,295
2025-12-04,Paid Social,IN,prospecting,202.51,15578,277
2025-12-04,Paid Social,IN,retargeting,254.38,19568,340
2025-12-04,Paid Social,UK,prospecting,419.32,32256,615
2025-12-04,Paid Social,UK,retargeting,383.11,29470,584
2025-12-04,Paid Social,US,prospecting,582.74,44826,819
2025-12-04,Paid Social,US,retargeting,388.25,29865,539
2025-12-04,Referral,BR,affiliates,83.11,1847,91
2025-12-04,Referral,DE,affiliates,112.07,2491,134
2025-12-04,Referral,IN,affiliates,80.68,1793,93
2025-12-04,Referral,UK,affiliates,155.05,3446,183
2025-12-04,Referral,US,affiliates,166.26,3695,193
2025-12-04,SEO,BR,organic,20.81,2973,209
2025-12-04,SEO,DE,organic,27.47,3924,271
2025-12-04,SEO,IN,organic,22.2,3172,226
2025-12-04,SEO,UK,organic,38.51,5501,384
2025-12-04,SEO,US,organic,47.71,6816,490
2025-12-05,Display,BR,prospecting,90.19,18038,147
2025-12-05,Display,BR,retargeting,99.86,19972,141
2025-12-05,Display,DE,prospecting,123.87,24774,187
2025-12-05,Display,DE,retargeting,84.44,16888,124
2025-12-05,Display,IN,prospecting,78.0,15601,123
2025-12-05,Display,IN,retargeting,78.52,15705,114
2025-12-05,Display,UK,prospecting,144.57,28914,240
2025-12-05,Display,UK,retargeting,146.15,29229,222
2025-12-05,Display,US,prospecting,146.12,29225,233
2025-12-05,Display,US,retargeting,227.0,45400,380
2025-12-05,Email,BR,lifecycle,26.87,2986,284
2025-12-05,Email,BR,newsletter,25.52,2835,240
2025-12-05,Email,DE,lifecycle,28.65,3183,296
2025-12-05,Email,DE,newsletter,23.37,2597,226
2025-12-05,Email,IN,lifecycle,21.55,2394,201
2025-12-05,Email,IN,newsletter,27.4,3044,283
2025-12-05,Email,UK,lifecycle,42.51,4724,431
2025-12-05,Email,UK,newsletter,36.42,4047,354
2025-12-05,Email,US,lifecycle,69.08,7675,645
2025-12-05,Email,US,newsletter,66.37,7375,632
2025-12-05,Paid Search,BR,brand,235.34,3269,146
2025-12-05,Paid Search,BR,nonbrand,306.34,4255,188
2025-12-05,Paid Search,DE,brand,252.4,3506,158
2025-12-05,Paid Search,DE,nonbrand,243.69,3385,127
2025-12-05,Paid Search,IN,brand,186.55,2591,117
2025-12-05,Paid Search,IN,nonbrand,229.23,3184,150
2025-12-05,Paid Search,UK,brand,478.19,6642,323
2025-12-05,Paid Search,UK,nonbrand,435.91,6054,274
2025-12-05,Paid Search,US,brand,547.57,7605,326
2025-12-05,Paid Search,US,nonbrand,598.3,8310,375
2025-12-05,Paid Social,BR,prospecting,238.37,18336,338
2025-12-05,Paid Social,BR,retargeting,163.7,12592,252
2025-12-05,Paid Social,DE,prospecting,284.6,21892,407
2025-12-05,Paid Social,DE,retargeting,269.75,20750,373
2025-12-05,Paid Social,IN,prospecting,173.08,13314,243
2025-12-05,Paid Social,IN,retargeting,214.0,16462,275
2025-12-05,Paid Social,UK,prospecting,331.86,25528,464
2025-12-05,Paid Social,UK,retargeting,351.27,27021,479
2025-12-05,Paid Social,US,prospecting,419.43,32264,570
2025-12-05,Paid Social,US,retargeting,492.31,37870,755
2025-12-05,Referral,BR,affiliates,79.53,1767,86
2025-12-05,Referral,DE,affiliates,111.22,2471,130
2025-12-05,Referral,IN,affiliates,80.81,1796,89
2025-12-05,Referral,UK,affiliates,153.95,3421,172
2025-12-05,Referral,US,affiliates,204.14,4536,231
2025-12-05,SEO,BR,organic,26.07,3724,261
2025-12-05,SEO,DE,organic,27.44,3920,295
2025-12-05,SEO,IN,organic,14.99,2142,143
2025-12-05,SEO,UK,organic,40.04,5721,430
2025-12-05,SEO,US,organic,47.3,6757,453
2025-12-06,Display,BR,prospecting,89.79,17959,156
2025-12-06,Display,BR,retargeting,100.0,20001,167
2025-12-06,Display,DE,prospecting,114.48,22896,194
2025-12-06,Display,DE,retargeting,135.83,27166,231
2025-12-06,Display,IN,prospecting,85.72,17145,134
2025-12-06,Display,IN,retargeting,89.97,17995,147
2025-12-06,Display,UK,prospecting,175.5,35100,304
2025-12-06,Display,UK,retargeting,153.53,30706,251
2025-12-06,Display,US,prospecting,244.87,48974,396
2025-12-06,Display,US,retargeting,201.35,40271,340
2025-12-06,Email,BR,lifecycle,24.58,2731,253
2025-12-06,Email,BR,newsletter,33.93,3770,352
2025-12-06,Email,DE,lifecycle,28.87,3207,269
2025-12-06,Email,DE,newsletter,35.34,3927,361
2025-12-06,Email,IN,lifecycle,22.18,2464,239
2025-12-06,Email,IN,newsletter,30.57,3396,314
2025-12-06,Email,UK,lifecycle,46.57,5174,433
2025-12-06,Email,UK,newsletter,39.91,4435,411
2025-12-06,Email,US,lifecycle,56.23,6248,581
2025-12-06,Email,US,newsletter,45.75,5083,466
2025-12-06,Paid Search,BR,brand,327.16,4544,190
2025-12-06,Paid Search,BR,nonbrand,283.95,3944,178
2025-12-06,Paid Search,DE,brand,359.96,5000,222
2025-12-06,Paid Search,DE,nonbrand,377.29,5240,249
2025-12-06,Paid Search,IN,brand,215.71,2996,132
2025-12-06,Paid Search,IN,nonbrand,309.93,4305,187
2025-12-06,Paid Search,UK,brand,434.31,6032,268
2025-12-06,Paid Search,UK,nonbrand,456.51,6340,273
2025-12-06,Paid Search,US,brand,436.45,6062,278
2025-12-06,Paid Search,US,nonbrand,540.87,7512,342
2025-12-06,Paid Social,BR,prospecting,192.88,14837,279
2025-12-06,Paid Social,BR,retargeting,254.93,19610,355
2025-12-06,Paid Social,DE,prospecting,281.28,21637,348
2025-12-06,Paid Social,DE,retargeting,297.59,22892,382
2025-12-06,Paid Social,IN,prospecting,234.9,18069,338
2025-12-06,Paid Social,IN,retargeting,183.1,14084,261
2025-12-06,Paid Social,UK,prospecting,355.26,27328,539
2025-12-06,Paid Social,UK,retargeting,421.34,32411,578
2025-12-06,Paid Social,US,prospecting,560.95,43150,821
2025-12-06,Paid Social,US,retargeting,434.64,33434,537
2025-12-06,Referral,BR,affiliates,104.9,2331,124
2025-12-06,Referral,DE,affiliates,102.33,2274,104
2025-12-06,Referral,IN,affiliates,102.71,2282,106
2025-12-06,Referral,UK,affiliates,169.01,3756,193
2025-12-06,Referral,US,affiliates,233.75,5194,267
2025-12-06,SEO,BR,organic,26.55,3792,212
2025-12-06,SEO,DE,organic,26.92,3845,261
2025-12-06,SEO,IN,organic,21.44,3063,226
2025-12-06,SEO,UK,organic,46.77,6681,524
2025-12-06,SEO,US,organic,47.08,6726,454
2025-12-07,Display,BR,prospecting,83.66,16731,121
2025-12-07,Display,BR,retargeting,104.14,20828,164
2025-12-07,Display,DE,prospecting,114.63,22926,176
2025-12-07,Display,DE,retargeting,111.57,22315,165
2025-12-07,Display,IN,prospecting,90.3,18060,140
2025-12-07,Display,IN,retargeting,85.15,17030,135
2025-12-07,Display,UK,prospecting,159.47,31894,236
2025-12-07,Display,UK,retargeting,149.47,29895,264
2025-12-07,Display,US,prospecting,194.33,38866,326
2025-12-07,Display,US,retargeting,252.96,50592,385
2025-12-07,Email,BR,lifecycle,19.9,2211,217
2025-12-07,Email,BR,newsletter,32.94,3660,323
2025-12-07,Email,DE,lifecycle,38.16,4240,374
2025-12-07,Email,DE,newsletter,25.09,2788,248
2025-12-07,Email,IN,lifecycle,23.77,2641,227
2025-12-07,Email,IN,newsletter,22.0,2445,221
2025-12-07,Email,UK,lifecycle,53.33,5926,514
2025-12-07,Email,UK,newsletter,51.19,5688,531
2025-12-07,Email,US,lifecycle,61.86,6874,647
2025-12-07,Email,US,newsletter,67.04,7449,693
2025-12-07,Paid Search,BR,brand,302.16,4197,187
2025-12-07,Paid Search,BR,nonbrand,231.22,3211,140
2025-12-07,Paid Search,DE,brand,314.92,4374,188
2025-12-07,Paid Search,DE,nonbrand,315.21,4378,197
2025-12-07,Paid Search,IN,brand,286.08,3973,191
2025-12-07,Paid Search,IN,nonbrand,201.46,2798,128
2025-12-07,Paid Search,UK,brand,396.34,5505,269
2025-12-07,Paid Search,UK,nonbrand,484.41,6728,283
2025-12-07,Paid Search,US,brand,496.21,6892,297
2025-12-07,Paid Search,US,nonbrand,675.44,9381,476
2025-12-07,Paid Social,BR,prospecting,246.2,18938,324
2025-12-07,Paid Social,BR,retargeting,215.77,16598,317
2025-12-07,Paid Social,DE,prospecting,250.84,19295,377
2025-12-07,Paid Social,DE,retargeting,279.39,21492,340
2025-12-07,Paid Social,IN,prospecting,177.27,13636,240
2025-12-07,Paid Social,IN,retargeting,216.48,16652,310
2025-12-07,Paid Social,UK,prospecting,382.61,29432,496
2025-12-07,Paid Social,UK,retargeting,443.29,34099,633
2025-12-07,Paid Social,US,prospecting,532.27,40944,797
2025-12-07,Paid Social,US,retargeting,501.97,38613,683
2025-12-07,Referral,BR,affiliates,88.09,1957,106
2025-12-07,Referral,DE,affiliates,130.0,2889,143
2025-12-07,Referral,IN,affiliates,107.43,2387,115
2025-12-07,Referral,UK,affiliates,165.23,3672,180
2025-12-07,Referral,US,affiliates,198.9,4420,238
2025-12-07,SEO,BR,organic,26.96,3852,278
2025-12-07,SEO,DE,organic,31.74,4535,292
2025-12-07,SEO,IN,organic,24.04,3434,267
2025-12-07,SEO,UK,organic,46.52,6646,477
2025-12-07,SEO,US,organic,63.88,9125,640
2025-12-08,Display,BR,prospecting,82.79,16558,126
2025-12-08,Display,BR,retargeting,81.04,16209,118
2025-12-08,Display,DE,prospecting,90.52,18104,136
2025-12-08,Display,DE,retargeting,99.68,19936,152
2025-12-08,Display,IN,prospecting,77.35,15470,135
2025-12-08,Display,IN,retargeting,60.67,12134,96
2025-12-08,Display,UK,prospecting,162.6,32519,250
2025-12-08,Display,UK,retargeting,151.83,30366,275
2025-12-08,Display,US,prospecting,180.19,36038,293
2025-12-08,Display,US,retargeting,198.68,39736,322
2025-12-08,Email,BR,lifecycle,26.28,2920,263
2025-12-08,Email,BR,newsletter,23.57,2618,251
2025-12-08,Email,DE,lifecycle,31.08,3453,332
2025-12-08,Email,DE,newsletter,30.86,3429,319
2025-12-08,Email,IN,lifecycle,26.31,2924,286
2025-12-08,Email,IN,newsletter,23.66,2629,248
2025-12-08,Email,UK,lifecycle,48.12,5347,451
2025-12-08,Email,UK,newsletter,41.36,4596,442
2025-12-08,Email,US,lifecycle,48.34,5371,516
2025-12-08,Email,US,newsletter,56.99,6333,529
2025-12-08,Paid Search,BR,brand,276.81,3845,174
2025-12-08,Paid Search,BR,nonbrand,263.67,3662,161
2025-12-08,Paid Search,DE,brand,343.15,4766,211
2025-12-08,Paid Search,DE,nonbrand,354.52,4924,190
2025-12-08,Paid Search,IN,brand,222.17,3086,136
2025-12-08,Paid Search,IN,nonbrand,261.27,3629,175
2025-12-08,Paid Search,UK,brand,378.33,5255,230
2025-12-08,Paid Search,UK,nonbrand,441.63,6134,268
2025-12-08,Paid Search,US,brand,519.9,7221,313
2025-12-08,Paid Search,US,nonbrand,650.98,9041,437
2025-12-08,Paid Social,BR,prospecting,255.46,19650,339
2025-12-08,Paid Social,BR,retargeting,289.89,22300,411
2025-12-08,Paid Social,DE,prospecting,285.56,21966,399
2025-12-08,Paid Social,DE,retargeting,275.19,21168,377
2025-12-08,Paid Social,IN,prospecting,159.24,12249,221
2025-12-08,Paid Social,IN,retargeting,214.3,16485,278
2025-12-08,Paid Social,UK,prospecting,371.59,28584,514
2025-12-08,Paid Social,UK,retargeting,394.23,30326,538
2025-12-08,Paid Social,US,prospecting,516.08,39698,670
2025-12-08,Paid Social,US,retargeting,490.4,37723,731
2025-12-08,Referral,BR,affiliates,87.91,1954,107
2025-12-08,Referral,DE,affiliates,123.11,2736,145
2025-12-08,Referral,IN,affiliates,60.12,1336,65
2025-12-08,Referral,UK,affiliates,153.34,3407,179
2025-12-08,Referral,US,affiliates,216.66,4815,234
2025-12-08,SEO,BR,organic,20.96,2994,212
2025-12-08,SEO,DE,organic,33.24,4749,324
2025-12-08,SEO,IN,organic,25.22,3603,213
2025-12-08,SEO,UK,organic,31.16,4451,333
2025-12-08,SEO,US,organic,60.61,8659,550
2025-12-09,Display,BR,prospecting,101.43,20286,163
2025-12-09,Display,BR,retargeting,80.26,16051,129
2025-12-09,Display,DE,prospecting,101.12,20224,155
2025-12-09,Display,DE,retargeting,113.73,22747,184
2025-12-09,Display,IN,prospecting,81.91,16382,136
2025-12-09,Display,IN,retargeting,75.77,15153,125
2025-12-09,Display,UK,prospecting,117.36,23471,178
2025-12-09,Display,UK,retargeting,157.64,31527,236
2025-12-09,Display,US,prospecting,184.39,36878,307
2025-12-09,Display,US,retargeting,204.31,40862,312
2025-12-09,Email,BR,lifecycle,28.44,3160,274
2025-12-09,Email,BR,newsletter,30.64,3404,312
2025-12-09,Email,DE,lifecycle,31.44,3493,305
2025-12-09,Email,DE,newsletter,34.77,3864,317
2025-12-09,Email,IN,lifecycle,18.17,2019,179
2025-12-09,Email,IN,newsletter,25.79,2866,262
2025-12-09,Email,UK,lifecycle,47.41,5267,466
2025-12-09,Email,UK,newsletter,41.27,4586,397
2025-12-09,Email,US,lifecycle,49.45,5494,521
2025-12-09,Email,US,newsletter,61.42,6825,593
2025-12-09,Paid Search,BR,brand,275.95,3833,174
2025-12-09,Paid Search,BR,nonbrand,255.15,3544,176
2025-12-09,Paid Search,DE,brand,322.78,4483,204
2025-12-09,Paid Search,DE,nonbrand,363.68,5051,233
2025-12-09,Paid Search,IN,brand,204.07,2834,124
2025-12-09,Paid Search,IN,nonbrand,232.55,3230,134
2025-12-09,Paid Search,UK,brand,390.74,5427,266
2025-12-09,Paid Search,UK,nonbrand,412.33,5727,264
2025-12-09,Paid Search,US,brand,539.11,7488,353
2025-12-09,Paid Search,US,nonbrand,596.67,8287,390
2025-12-09,Paid Social,BR,prospecting,255.57,19660,358
2025-12-09,Paid Social,BR,retargeting,195.01,15001,264
2025-12-09,Paid Social,DE,prospecting,287.17,22090,397
2025-12-09,Paid Social,DE,retargeting,280.87,21606,402
2025-12-09,Paid Social,IN,prospecting,183.01,14077,237
2025-12-09,Paid Social,IN,retargeting,187.94,14457,246
2025-12-09,Paid Social,UK,prospecting,350.06,26927,504
2025-12-09,Paid Social,UK,retargeting,355.29,27330,504
2025-12-09,Paid Social,US,prospecting,580.11,44624,786
2025-12-09,Paid Social,US,retargeting,543.54,41811,742
2025-12-09,Referral,BR,affiliates,123.15,2737,131
2025-12-09,Referral,DE,affiliates,125.26,2783,144
2025-12-09,Referral,IN,affiliates,81.13,1803,90
2025-12-09,Referral,UK,affiliates,128.04,2845,135
2025-12-09,Referral,US,affiliates,162.82,3618,186
2025-12-09,SEO,BR,organic,20.82,2974,212
2025-12-09,SEO,DE,organic,33.25,4750,360
2025-12-09,SEO,IN,organic,19.9,2842,191
2025-12-09,SEO,UK,organic,35.08,5012,331
2025-12-09,SEO,US,organic,53.66,7665,555
2025-12-10,Display,BR,prospecting,90.42,18085,138
2025-12-10,Display,BR,retargeting,95.37,19075,158
2025-12-10,Display,DE,prospecting,112.53,22507,174
2025-12-10,Display,DE,retargeting,94.08,18817,165
2025-12-10,Display,IN,prospecting,82.18,16436,117
2025-12-10,Display,IN,retargeting,84.57,16913,141
2025-12-10,Display,UK,prospecting,135.29,27058,211
2025-12-10,Display,UK,retargeting,150.61,30123,232
2025-12-10,Display,US,prospecting,200.05,40010,318
2025-12-10,Display,US,retargeting,182.01,36402,288
2025-12-10,Email,BR,lifecycle,25.29,2810,246
2025-12-10,Email,BR,newsletter,31.12,3458,312
2025-12-10,Email,DE,lifecycle,27.79,3087,289
2025-12-10,Email,DE,newsletter,29.33,3258,290
2025-12-10,Email,IN,lifecycle,27.11,3012,273
2025-12-10,Email,IN,newsletter,25.2,2800,283
2025-12-10,Email,UK,lifecycle,43.87,4875,474
2025-12-10,Email,UK,newsletter,41.94,4660,419
2025-12-10,Email,US,lifecycle,52.01,5779,522
2025-12-10,Email,US,newsletter,66.02,7335,674
2025-12-10,Paid Search,BR,brand,255.72,3552,161
2025-12-10,Paid Search,BR,nonbrand,283.5,3938,167
2025-12-10,Paid Search,DE,brand,350.44,4867,209
2025-12-10,Paid Search,DE,nonbrand,297.22,4128,199
2025-12-10,Paid Search,IN,brand,241.95,3360,160
2025-12-10,Paid Search,IN,nonbrand,226.11,3140,141
2025-12-10,Paid Search,UK,brand,537.46,7465,339
2025-12-10,Paid Search,UK,nonbrand,401.05,5570,256
2025-12-10,Paid Search,US,brand,549.63,7634,343
2025-12-10,Paid Search,US,nonbrand,449.45,6242,265
2025-12-10,Paid Social,BR,prospecting,233.01,17924,340
2025-12-10,Paid Social,BR,retargeting,268.14,20626,328
2025-12-10,Paid Social,DE,prospecting,296.28,22791,385
2025-12-10,Paid Social,DE,retargeting,275.82,21217,395
2025-12-10,Paid Social,IN,prospecting,242.24,18634,308
2025-12-10,Paid Social,IN,retargeting,161.01,12386,225
2025-12-10,Paid Social,UK,prospecting,401.68,30899,550
2025-12-10,Paid Social,UK,retargeting,321.06,24697,452
2025-12-10,Paid Social,US,prospecting,514.09,39545,751
2025-12-10,Paid Social,US,retargeting,434.26,33405,595
2025-12-10,Referral,BR,affiliates,114.66,2548,123
2025-12-10,Referral,DE,affiliates,133.75,2972,150
2025-12-10,Referral,IN,affiliates,80.63,1792,98
2025-12-10,Referral,UK,affiliates,199.47,4433,221
2025-12-10,Referral,US,affiliates,207.8,4618,220
2025-12-10,SEO,BR,organic,22.52,3217,223
2025-12-10,SEO,DE,organic,26.49,3784,229
2025-12-10,SEO,IN,organic,14.28,2040,145
2025-12-10,SEO,UK,organic,38.48,5497,373
2025-12-10,SEO,US,organic,45.31,6473,386
2025-12-11,Display,BR,prospecting,72.41,14481,113
2025-12-11,Display,BR,retargeting,82.95,16591,131
2025-12-11,Display,DE,prospecting,90.38,18075,148
2025-12-11,Display,DE,retargeting,113.52,22703,171
2025-12-11,Display,IN,prospecting,70.55,14110,100
2025-12-11,Display,IN,retargeting,68.85,13770,109
2025-12-11,Display,UK,prospecting,154.94,30987,254
2025-12-11,Display,UK,retargeting,150.08,30016,248
2025-12-11,Display,US,prospecting,167.02,33404,286
2025-12-11,Display,US,retargeting,225.26,45052,364
2025-12-11,Email,BR,lifecycle,27.39,3043,272
2025-12-11,Email,BR,newsletter,25.31,2813,251
2025-12-11,Email,DE,lifecycle,34.37,3819,309
2025-12-11,Email,DE,newsletter,27.94,3104,291
2025-12-11,Email,IN,lifecycle,26.63,2959,291
2025-12-11,Email,IN,newsletter,22.4,2489,223
2025-12-11,Email,UK,lifecycle,54.5,6055,564
2025-12-11,Email,UK,newsletter,46.56,5173,448
2025-12-11,Email,US,lifecycle,49.3,5478,482
2025-12-11,Email,US,newsletter,52.58,5842,548
2025-12-11,Paid Search,BR,brand,263.05,3654,175
2025-12-11,Paid Search,BR,nonbrand,275.67,3829,163
2025-12-11,Paid Search,DE,brand,366.51,5090,218
2025-12-11,Paid Search,DE,nonbrand,343.95,4777,220
2025-12-11,Paid Search,IN,brand,220.78,3066,134
2025-12-11,Paid Search,IN,nonbrand,196.83,2734,122
2025-12-11,Paid Search,UK,brand,386.06,5362,245
2025-12-11,Paid Search,UK,nonbrand,415.65,5773,227
2025-12-11,Paid Search,US,brand,580.84,8067,401
2025-12-11,Paid Search,US,nonbrand,511.09,7098,310
2025-12-11,Paid Social,BR,prospecting,232.35,17873,299
2025-12-11,Paid Social,BR,retargeting,233.36,17951,355
2025-12-11,Paid Social,DE,prospecting,277.69,21361,402
2025-12-11,Paid Social,DE,retargeting,229.07,17621,334
2025-12-11,Paid Social,IN,prospecting,240.99,18538,304
2025-12-11,Paid Social,IN,retargeting,171.81,13217,224
2025-12-11,Paid Social,UK,prospecting,322.67,24820,478
2025-12-11,Paid Social,UK,retargeting,320.16,24628,447
2025-12-11,Paid Social,US,prospecting,449.5,34577,618
2025-12-11,Paid Social,US,retargeting,565.73,43517,744
2025-12-11,Referral,BR,affiliates,100.05,2223,108
2025-12-11,Referral,DE,affiliates,127.28,2828,128
2025-12-11,Referral,IN,affiliates,95.42,2121,112
2025-12-11,Referral,UK,affiliates,164.18,3648,183
2025-12-11,Referral,US,affiliates,238.68,5304,274
2025-12-11,SEO,BR,organic,25.03,3576,251
2025-12-11,SEO,DE,organic,35.37,5053,356
2025-12-11,SEO,IN,organic,24.6,3515,246
2025-12-11,SEO,UK,organic,45.25,6464,416
2025-12-11,SEO,US,organic,51.35,7336,525
2025-12-12,Display,BR,prospecting,96.95,19391,167
2025-12-12,Display,BR,retargeting,79.41,15882,128
2025-12-12,Display,DE,prospecting,100.18,20037,161
2025-12-12,Display,DE,retargeting,95.02,19004,153
2025-12-12,Display,IN,prospecting,77.66,15532,118
2025-12-12,Display,IN,retargeting,80.11,16022,120
2025-12-12,Display,UK,prospecting,148.7,29740,232
2025-12-12,Display,UK,retargeting,141.94,28388,243
2025-12-12,Display,US,prospecting,186.21,37242,309
2025-12-12,Display,US,retargeting,206.88,41376,342
2025-12-12,Email,BR,lifecycle,26.95,2995,252
2025-12-12,Email,BR,newsletter,25.85,2872,263
2025-12-12,Email,DE,lifecycle,33.68,3743,329
2025-12-12,Email,DE,newsletter,31.87,3541,332
2025-12-12,Email,IN,lifecycle,25.0,2778,230
2025-12-12,Email,IN,newsletter,24.29,2698,230
2025-12-12,Email,UK,lifecycle,40.79,4532,373
2025-12-12,Email,UK,newsletter,43.7,4855,441
2025-12-12,Email,US,lifecycle,53.55,5950,533
2025-12-12,Email,US,newsletter,64.39,7155,623
2025-12-12,Paid Search,BR,brand,220.51,3063,129
2025-12-12,Paid Search,BR,nonbrand,164.96,2291,113
2025-12-12,Paid Search,DE,brand,328.76,4566,189
2025-12-12,Paid Search,DE,nonbrand,295.84,4109,191
2025-12-12,Paid Search,IN,brand,222.33,3088,139
2025-12-12,Paid Search,IN,nonbrand,252.49,3507,161
2025-12-12,Paid Search,UK,brand,471.56,6549,322
2025-12-12,Paid Search,UK,nonbrand,487.51,6771,290
2025-12-12,Paid Search,US,brand,556.77,7733,338
2025-12-12,Paid Search,US,nonbrand,617.6,8578,384
2025-12-12,Paid Social,BR,prospecting,272.11,20932,372
2025-12-12,Paid Social,BR,retargeting,187.79,14445,244
2025-12-12,Paid Social,DE,prospecting,230.23,17710,319
2025-12-12,Paid Social,DE,retargeting,259.64,19972,326
2025-12-12,Paid Social,IN,prospecting,185.74,14288,267
2025-12-12,Paid Social,IN,retargeting,209.15,16088,293
2025-12-12,Paid Social,UK,prospecting,362.19,27861,488
2025-12-12,Paid Social,UK,retargeting,327.85,25220,529
2025-12-12,Paid Social,US,prospecting,545.98,41998,734
2025-12-12,Paid Social,US,retargeting,536.77,41290,702
2025-12-12,Referral,BR,affiliates,84.14,1870,98
2025-12-12,Referral,DE,affiliates,105.99,2355,113
2025-12-12,Referral,IN,affiliates,69.2,1538,73
2025-12-12,Referral,UK,affiliates,153.29,3406,170
2025-12-12,Referral,US,affiliates,200.26,4450,226
2025-12-12,SEO,BR,organic,24.23,3461,245
2025-12-12,SEO,DE,organic,27.32,3903,263
2025-12-12,SEO,IN,organic,22.2,3171,235
2025-12-12,SEO,UK,organic,25.62,3660,248
2025-12-12,SEO,US,organic,49.55,7078,509
2025-12-13,Display,BR,prospecting,82.68,16537,131
2025-12-13,Display,BR,retargeting,82.44,16489,132
2025-12-13,Display,DE,prospecting,109.9,21980,164
2025-12-13,Display,DE,retargeting,118.2,23639,191
2025-12-13,Display,IN,prospecting,92.43,18486,150
2025-12-13,Display,IN,retargeting,89.27,17854,137
2025-12-13,Display,UK,prospecting,138.37,27674,230
2025-12-13,Display,UK,retargeting,124.82,24964,174
2025-12-13,Display,US,prospecting,221.46,44292,329
2025-12-13,Display,US,retargeting,244.4,48880,398
2025-12-13,Email,BR,lifecycle,27.81,3090,268
2025-12-13,Email,BR,newsletter,27.61,3068,289
2025-12-13,Email,DE,lifecycle,34.07,3786,323
2025-12-13,Email,DE,newsletter,31.27,3474,302
2025-12-13,Email,IN,lifecycle,25.85,2872,242
2025-12-13,Email,IN,newsletter,20.62,2292,199
2025-12-13,Email,UK,lifecycle,37.32,4146,367
2025-12-13,Email,UK,newsletter,42.17,4685,402
2025-12-13,Email,US,lifecycle,75.53,8393,705
2025-12-13,Email,US,newsletter,53.09,5899,536
2025-12-13,Paid Search,BR,brand,204.89,2846,129
2025-12-13,Paid Search,BR,nonbrand,295.94,4110,192
2025-12-13,Paid Search,DE,brand,394.38,5477,252
2025-12-13,Paid Search,DE,nonbrand,270.3,3754,165
2025-12-13,Paid Search,IN,brand,277.21,3850,157
2025-12-13,Paid Search,IN,nonbrand,275.28,3823,185
2025-12-13,Paid Search,UK,brand,412.79,5733,252
2025-12-13,Paid Search,UK,nonbrand,422.28,5865,283
2025-12-13,Paid Search,US,brand,703.68,9773,466
2025-12-13,Paid Search,US,nonbrand,626.57,8702,373
2025-12-13,Paid Social,BR,prospecting,166.63,12818,227
2025-12-13,Paid Social,BR,retargeting,237.92,18302,357
2025-12-13,Paid Social,DE,prospecting,313.31,24101,416
2025-12-13,Paid Social,DE,retargeting,303.57,23352,422
2025-12-13,Paid Social,IN,prospecting,195.02,15001,265
2025-12-13,Paid Social,IN,retargeting,167.51,12885,252
2025-12-13,Paid Social,UK,prospecting,406.4,31262,633
2025-12-13,Paid Social,UK,retargeting,397.69,30592,581
2025-12-13,Paid Social,US,prospecting,481.37,37029,707
2025-12-13,Paid Social,US,retargeting,493.98,37998,609
2025-12-13,Referral,BR,affiliates,90.2,2004,93
2025-12-13,Referral,DE,affiliates,117.67,2615,131
2025-12-13,Referral,IN,affiliates,58.05,1290,72
2025-12-13,Referral,UK,affiliates,200.99,4466,238
2025-12-13,Referral,US,affiliates,196.13,4358,210
2025-12-13,SEO,BR,organic,22.39,3198,228
2025-12-13,SEO,DE,organic,27.1,3872,268
2025-12-13,SEO,IN,organic,16.57,2367,166
2025-12-13,SEO,UK,organic,38.13,5448,394
2025-12-13,SEO,US,organic,48.68,6955,464
2025-12-14,Display,BR,prospecting,100.9,20181,144
2025-12-14,Display,BR,retargeting,86.96,17391,133
2025-12-14,Display,DE,prospecting,116.72,23345,186
2025-12-14,Display,DE,retargeting,134.36,26871,223
2025-12-14,Display,IN,prospecting,94.38,18877,151
2025-12-14,Display,IN,retargeting,96.31,19263,160
2025-12-14,Display,UK,prospecting,171.71,34341,292
2025-12-14,Display,UK,retargeting,171.03,34207,275
2025-12-14,Display,US,prospecting,213.91,42782,371
2025-12-14,Display,US,retargeting,212.88,42576,346
2025-12-14,Email,BR,lifecycle,28.25,3138,263
2025-12-14,Email,BR,newsletter,25.64,2849,265
2025-12-14,Email,DE,lifecycle,28.95,3217,295
2025-12-14,Email,DE,newsletter,35.51,3946,333
2025-12-14,Email,IN,lifecycle,26.32,2925,258
2025-12-14,Email,IN,newsletter,25.42,2824,261
2025-12-14,Email,UK,lifecycle,44.85,4983,455
2025-12-14,Email,UK,newsletter,42.39,4710,413
2025-12-14,Email,US,lifecycle,62.26,6918,615
2025-12-14,Email,US,newsletter,63.49,7054,624
2025-12-14,Paid Search,BR,brand,282.93,3930,191
2025-12-14,Paid Search,BR,nonbrand,244.45,3395,172
2025-12-14,Paid Search,DE,brand,249.67,3468,161
2025-12-14,Paid Search,DE,nonbrand,352.54,4896,196
2025-12-14,Paid Search,IN,brand,219.25,3045,143
2025-12-14,Paid Search,IN,nonbrand,309.33,4296,178
2025-12-14,Paid Search,UK,brand,514.98,7153,304
2025-12-14,Paid Search,UK,nonbrand,459.71,6385,289
2025-12-14,Paid Search,US,brand,574.6,7980,361
2025-12-14,Paid Search,US,nonbrand,423.17,5877,272
2025-12-14,Paid Social,BR,prospecting,218.7,16823,310
2025-12-14,Paid Social,BR,retargeting,253.04,19465,362
2025-12-14,Paid Social,DE,prospecting,289.45,22266,406
2025-12-14,Paid Social,DE,retargeting,344.35,26488,469
2025-12-14,Paid Social,IN,prospecting,170.51,13116,210
2025-12-14,Paid Social,IN,retargeting,175.38,13491,242
2025-12-14,Paid Social,UK,prospecting,367.46,28266,574
2025-12-14,Paid Social,UK,retargeting,410.08,31545,531
2025-12-14,Paid Social,US,prospecting,531.33,40872,784
2025-12-14,Paid Social,US,retargeting,451.77,34752,602
2025-12-14,Referral,BR,affiliates,107.3,2385,111
2025-12-14,Referral,DE,affiliates,135.95,3021,138
2025-12-14,Referral,IN,affiliates,99.51,2211,110
2025-12-14,Referral,UK,affiliates,143.51,3189,180
2025-12-14,Referral,US,affiliates,184.31,4096,206
2025-12-14,SEO,BR,organic,26.68,3812,274
2025-12-14,SEO,DE,organic,25.83,3691,253
2025-12-14,SEO,IN,organic,23.58,3368,228
2025-12-14,SEO,UK,organic,33.62,4803,341
2025-12-14,SEO,US,organic,52.32,7475,484
2025-12-15,Display,BR,prospecting,91.53,18306,143
2025-12-15,Display,BR,retargeting,94.84,18969,152
2025-12-15,Display,DE,prospecting,126.34,25267,188
2025-12-15,Display,DE,retargeting,112.26,22453,192
2025-12-15,Display,IN,prospecting,90.94,18188,150
2025-12-15,Display,IN,retargeting,94.85,18969,153
2025-12-15,Display,UK,prospecting,133.93,26786,228
2025-12-15,Display,UK,retargeting,121.0,24200,188
2025-12-15,Display,US,prospecting,201.94,40389,347
2025-12-15,Display,US,retargeting,192.03,38406,287
2025-12-15,Email,BR,lifecycle,29.92,3324,305
2025-12-15,Email,BR,newsletter,24.06,2674,235
2025-12-15,Email,DE,lifecycle,36.86,4095,346
2025-12-15,Email,DE,newsletter,28.2,3133,286
2025-12-15,Email,IN,lifecycle,27.64,3071,274
2025-12-15,Email,IN,newsletter,19.47,2163,200
2025-12-15,Email,UK,lifecycle,43.21,4801,451
2025-12-15,Email,UK,newsletter,41.91,4657,409
2025-12-15,Email,US,lifecycle,63.4,7044,623
2025-12-15,Email,US,newsletter,56.25,6250,587
2025-12-15,Paid Search,BR,brand,267.5,3715,150
2025-12-15,Paid Search,BR,nonbrand,213.56,2966,130
2025-12-15,Paid Search,DE,brand,383.29,5324,243
2025-12-15,Paid Search,DE,nonbrand,303.68,4218,198
2025-12-15,Paid Search,IN,brand,210.39,2922,147
2025-12-15,Paid Search,IN,nonbrand,264.59,3675,171
2025-12-15,Paid Search,UK,brand,448.98,6236,273
2025-12-15,Paid Search,UK,nonbrand,438.59,6092,251
2025-12-15,Paid Search,US,brand,519.41,7214,340
2025-12-15,Paid Search,US,nonbrand,665.76,9247,425
2025-12-15,Paid Social,BR,prospecting,236.42,18186,327
2025-12-15,Paid Social,BR,retargeting,208.78,16060,272
2025-12-15,Paid Social,DE,prospecting,252.68,19437,315
2025-12-15,Paid Social,DE,retargeting,259.47,19959,357
2025-12-15,Paid Social,IN,prospecting,198.54,15272,274
2025-12-15,Paid Social,IN,retargeting,209.37,16105,269
2025-12-15,Paid Social,UK,prospecting,393.66,30282,554
2025-12-15,Paid Social,UK,retargeting,296.92,22840,420
2025-12-15,Paid Social,US,prospecting,407.88,31375,550
2025-12-15,Paid Social,US,retargeting,399.15,30704,520
2025-12-15,Referral,BR,affiliates,108.0,2400,115
2025-12-15,Referral,DE,affiliates,119.79,2662,139
2025-12-15,Referral,IN,affiliates,93.62,2080,108
2025-12-15,Referral,UK,affiliates,168.49,3744,186
2025-12-15,Referral,US,affiliates,215.65,4792,231
2025-12-15,SEO,BR,organic,20.22,2888,206
2025-12-15,SEO,DE,organic,24.92,3559,264
2025-12-15,SEO,IN,organic,22.11,3159,208
2025-12-15,SEO,UK,organic,31.88,4554,352
2025-12-15,SEO,US,organic,54.62,7803,533
2025-12-16,Display,BR,prospecting,92.24,18448,148
2025-12-16,Display,BR,retargeting,70.33,14066,117
2025-12-16,Display,DE,prospecting,103.5,20699,172
2025-12-16,Display,DE,retargeting,102.73,20545,160
2025-12-16,Display,IN,prospecting,81.9,16380,130
2025-12-16,Display,IN,retargeting,75.16,15032,116
2025-12-16,Display,UK,prospecting,129.79,25959,194
2025-12-16,Display,UK,retargeting,153.79,30757,218
2025-12-16,Display,US,prospecting,185.74,37147,305
2025-12-16,Display,US,retargeting,207.05,41410,339
2025-12-16,Email,BR,lifecycle,22.79,2532,233
2025-12-16,Email,BR,newsletter,29.85,3316,321
2025-12-16,Email,DE,lifecycle,33.2,3688,373
2025-12-16,Email,DE,newsletter,31.8,3534,293
2025-12-16,Email,IN,lifecycle,18.67,2075,216
2025-12-16,Email,IN,newsletter,25.06,2784,254
2025-12-16,Email,UK,lifecycle,49.66,5518,477
2025-12-16,Email,UK,newsletter,44.5,4945,453
2025-12-16,Email,US,lifecycle,65.57,7285,625
2025-12-16,Email,US,newsletter,58.3,6477,601
2025-12-16,Paid Search,BR,brand,295.06,4098,186
2025-12-16,Paid Search,BR,nonbrand,251.84,3498,159
2025-12-16,Paid Search,DE,brand,336.58,4675,223
2025-12-16,Paid Search,DE,nonbrand,305.07,4237,211
2025-12-16,Paid Search,IN,brand,240.56,3341,157
2025-12-16,Paid Search,IN,nonbrand,219.36,3047,146
2025-12-16,Paid Search,UK,brand,421.37,5852,271
2025-12-16,Paid Search,UK,nonbrand,509.85,7081,364
2025-12-16,Paid Search,US,brand,613.06,8515,373
2025-12-16,Paid Search,US,nonbrand,589.25,8184,344
2025-12-16,Paid Social,BR,prospecting,206.03,15849,276
2025-12-16,Paid Social,BR,retargeting,236.31,18178,333
2025-12-16,Paid Social,DE,prospecting,258.91,19916,323
2025-12-16,Paid Social,DE,retargeting,286.14,22011,391
2025-12-16,Paid Social,IN,prospecting,200.65,15435,257
2025-12-16,Paid Social,IN,retargeting,191.57,14736,271
2025-12-16,Paid Social,UK,prospecting,364.27,28020,521
2025-12-16,Paid Social,UK,retargeting,336.23,25863,443
2025-12-16,Paid Social,US,prospecting,423.22,32555,593
2025-12-16,Paid Social,US,retargeting,498.88,38375,696
2025-12-16,Referral,BR,affiliates,85.99,1911,90
2025-12-16,Referral,DE,affiliates,114.27,2539,126
2025-12-16,Referral,IN,affiliates,66.0,1467,69
2025-12-16,Referral,UK,affiliates,142.52,3167,163
2025-12-16,Referral,US,affiliates,229.09,5091,249
2025-12-16,SEO,BR,organic,21.09,3012,234
2025-12-16,SEO,DE,organic,29.78,4254,299
2025-12-16,SEO,IN,organic,20.18,2882,187
2025-12-16,SEO,UK,organic,42.69,6098,480
2025-12-16,SEO,US,organic,47.79,6827,496
2025-12-17,Display,BR,prospecting,105.07,21013,169
2025-12-17,Display,BR,retargeting,92.44,18488,157
2025-12-17,Display,DE,prospecting,98.54,19708,165
2025-12-17,Display,DE,retargeting,114.42,22884,194
2025-12-17,Display,IN,prospecting,82.15,16431,142
2025-12-17,Display,IN,retargeting,80.53,16105,123
2025-12-17,Display,UK,prospecting,151.62,30325,263
2025-12-17,Display,UK,retargeting,156.24,31249,230
2025-12-17,Display,US,prospecting,209.49,41898,341
2025-12-17,Display,US,retargeting,226.87,45374,375
2025-12-17,Email,BR,lifecycle,28.18,3131,252
2025-12-17,Email,BR,newsletter,27.14,3015,282
2025-12-17,Email,DE,lifecycle,36.56,4062,330
2025-12-17,Email,DE,newsletter,30.89,3432,333
2025-12-17,Email,IN,lifecycle,25.7,2856,243
2025-12-17,Email,IN,newsletter,20.47,2275,194
2025-12-17,Email,UK,lifecycle,40.34,4482,373
2025-12-17,Email,UK,newsletter,42.79,4755,428
2025-12-17,Email,US,lifecycle,50.3,5589,450
2025-12-17,Email,US,newsletter,51.13,5681,500
2025-12-17,Paid Search,BR,brand,306.48,4257,185
2025-12-17,Paid Search,BR,nonbrand,270.57,3758,162
2025-12-17,Paid Search,DE,brand,364.01,5056,229
2025-12-17,Paid Search,DE,nonbrand,398.72,5538,266
2025-12-17,Paid Search,IN,brand,263.86,3665,179
2025-12-17,Paid Search,IN,nonbrand,207.89,2887,128
2025-12-17,Paid Search,UK,brand,427.66,5940,242
2025-12-17,Paid Search,UK,nonbrand,414.27,5754,258
2025-12-17,Paid Search,US,brand,473.26,6573,295
2025-12-17,Paid Search,US,nonbrand,523.15,7266,350
2025-12-17,Paid Social,BR,prospecting,246.85,18988,367
2025-12-17,Paid Social,BR,retargeting,235.92,18148,368
2025-12-17,Paid Social,DE,prospecting,246.35,18950,318
2025-12-17,Paid Social,DE,retargeting,296.9,22839,395
2025-12-17,Paid Social,IN,prospecting,215.64,16587,328
2025-12-17,Paid Social,IN,retargeting,180.53,13887,247
2025-12-17,Paid Social,UK,prospecting,392.03,30157,582
2025-12-17,Paid Social,UK,retargeting,368.59,28353,524
2025-12-17,Paid Social,US,prospecting,486.46,37420,625
2025-12-17,Paid Social,US,retargeting,440.7,33900,581
2025-12-17,Referral,BR,affiliates,86.66,1926,101
2025-12-17,Referral,DE,affiliates,102.57,2279,100
2025-12-17,Referral,IN,affiliates,82.79,1840,89
2025-12-17,Referral,UK,affiliates,160.18,3560,169
2025-12-17,Referral,US,affiliates,204.9,4553,233
2025-12-17,SEO,BR,organic,23.35,3336,223
2025-12-17,SEO,DE,organic,27.77,3966,294
2025-12-17,SEO,IN,organic,18.92,2704,181
2025-12-17,SEO,UK,organic,35.76,5109,355
2025-12-17,SEO,US,organic,53.38,7625,545
2025-12-18,Display,BR,prospecting,77.47,15493,128
2025-12-18,Display,BR,retargeting,78.71,15742,132
2025-12-18,Display,DE,prospecting,142.96,28593,228
2025-12-18,Display,DE,retargeting,89.38,17876,154
2025-12-18,Display,IN,prospecting,85.95,17190,144
2025-12-18,Display,IN,retargeting,80.89,16178,134
2025-12-18,Display,UK,prospecting,143.47,28695,250
2025-12-18,Display,UK,retargeting,123.75,24750,191
2025-12-18,Display,US,prospecting,218.08,43617,384
2025-12-18,Display,US,retargeting,217.16,43432,362
2025-12-18,Email,BR,lifecycle,22.15,2461,213
2025-12-18,Email,BR,newsletter,24.09,2677,246
2025-12-18,Email,DE,lifecycle,24.12,2680,258
2025-12-18,Email,DE,newsletter,32.21,3579,325
2025-12-18,Email,IN,lifecycle,21.54,2393,199
2025-12-18,Email,IN,newsletter,24.12,2680,257
2025-12-18,Email,UK,lifecycle,45.55,5061,454
2025-12-18,Email,UK,newsletter,42.37,4708,437
2025-12-18,Email,US,lifecycle,52.27,5808,483
2025-12-18,Email,US,newsletter,61.11,6790,629
2025-12-18,Paid Search,BR,brand,306.68,4259,187
2025-12-18,Paid Search,BR,nonbrand,207.25,2879,131
2025-12-18,Paid Search,DE,brand,275.36,3824,176
2025-12-18,Paid Search,DE,nonbrand,263.51,3660,145
2025-12-18,Paid Search,IN,brand,271.71,3774,161
2025-12-18,Paid Search,IN,nonbrand,197.71,2746,123
2025-12-18,Paid Search,UK,brand,396.31,5504,257
2025-12-18,Paid Search,UK,nonbrand,479.59,6661,307
2025-12-18,Paid Search,US,brand,607.79,8442,377
2025-12-18,Paid Search,US,nonbrand,649.97,9027,409
2025-12-18,Paid Social,BR,prospecting,214.04,16464,287
2025-12-18,Paid Social,BR,retargeting,230.44,17726,348
2025-12-18,Paid Social,DE,prospecting,297.49,22884,421
2025-12-18,Paid Social,DE,retargeting,262.47,20190,298
2025-12-18,Paid Social,IN,prospecting,218.68,16821,292
2025-12-18,Paid Social,IN,retargeting,185.43,14264,254
2025-12-18,Paid Social,UK,prospecting,366.77,28213,472
2025-12-18,Paid Social,UK,retargeting,319.73,24594,406
2025-12-18,Paid Social,US,prospecting,505.24,38865,662
2025-12-18,Paid Social,US,retargeting,553.51,42578,744
2025-12-18,Referral,BR,affiliates,92.72,2060,108
2025-12-18,Referral,DE,affiliates,107.39,2386,115
2025-12-18,Referral,IN,affiliates,99.55,2212,118
2025-12-18,Referral,UK,affiliates,160.72,3571,190
2025-12-18,Referral,US,affiliates,194.96,4333,220
2025-12-18,SEO,BR,organic,19.71,2816,193
2025-12-18,SEO,DE,organic,26.5,3786,285
2025-12-18,SEO,IN,organic,19.49,2784,188
2025-12-18,SEO,UK,organic,27.53,3932,264
2025-12-18,SEO,US,organic,40.61,5802,379
2025-12-19,Display,BR,prospecting,92.41,18481,152
2025-12-19,Display,BR,retargeting,83.92,16785,129
2025-12-19,Display,DE,prospecting,102.03,20405,166
2025-12-19,Display,DE,retargeting,96.79,19357,171
2025-12-19,Display,IN,prospecting,73.29,14658,118
2025-12-19,Display,IN,retargeting,85.07,17014,134
2025-12-19,Display,UK,prospecting,134.49,26898,235
2025-12-19,Display,UK,retargeting,133.03,26605,214
2025-12-19,Display,US,prospecting,216.88,43376,313
2025-12-19,Display,US,retargeting,196.93,39386,301
2025-12-19,Email,BR,lifecycle,23.37,2596,259
2025-12-19,Email,BR,newsletter,22.96,2551,231
2025-12-19,Email,DE,lifecycle,32.51,3612,342
2025-12-19,Email,DE,newsletter,38.62,4291,370
2025-12-19,Email,IN,lifecycle,26.02,2891,246
2025-12-19,Email,IN,newsletter,24.58,2731,274
2025-12-19,Email,UK,lifecycle,35.42,3935,366
2025-12-19,Email,UK,newsletter,43.29,4810,430
2025-12-19,Email,US,lifecycle,63.46,7051,515
2025-12-19,Email,US,newsletter,69.18,7686,675
2025-12-19,Paid Search,BR,brand,227.35,3158,134
2025-12-19,Paid Search,BR,nonbrand,280.12,3891,156
2025-12-19,Paid Search,DE,brand,290.67,4037,185
2025-12-19,Paid Search,DE,nonbrand,337.69,4690,192
2025-12-19,Paid Search,IN,brand,217.87,3026,138
2025-12-19,Paid Search,IN,nonbrand,278.62,3870,179
2025-12-19,Paid Search,UK,brand,453.52,6299,274
2025-12-19,Paid Search,UK,nonbrand,494.12,6863,316
2025-12-19,Paid Search,US,brand,588.3,8171,349
2025-12-19,Paid Search,US,nonbrand,533.9,7415,299
2025-12-19,Paid Social,BR,prospecting,218.64,16819,297
2025-12-19,Paid Social,BR,retargeting,214.81,16524,288
2025-12-19,Paid Social,DE,prospecting,223.26,17174,309
2025-12-19,Paid Social,DE,retargeting,306.13,23548,453
2025-12-19,Paid Social,IN,prospecting,192.63,14818,278
2025-12-19,Paid Social,IN,retargeting,162.48,12498,231
2025-12-19,Paid Social,UK,prospecting,374.94,28841,478
2025-12-19,Paid Social,UK,retargeting,377.41,29032,488
2025-12-19,Paid Social,US,prospecting,385.35,29643,538
2025-12-19,Paid Social,US,retargeting,444.8,34215,599
2025-12-19,Referral,BR,affiliates,76.53,1701,83
2025-12-19,Referral,DE,affiliates,122.82,2729,134
2025-12-19,Referral,IN,affiliates,73.29,1629,77
2025-12-19,Referral,UK,affiliates,110.14,2448,119
2025-12-19,Referral,US,affiliates,158.75,3528,156
2025-12-19,SEO,BR,organic,20.3,2901,224
2025-12-19,SEO,DE,organic,25.78,3683,258
2025-12-19,SEO,IN,organic,20.22,2889,207
2025-12-19,SEO,UK,organic,37.54,5362,401
2025-12-19,SEO,US,organic,62.07,8867,625
2025-12-20,Display,BR,prospecting,107.14,21428,170
2025-12-20,Display,BR,retargeting,91.44,18287,152
2025-12-20,Display,DE,prospecting,113.68,22735,201
2025-12-20,Display,DE,retargeting,110.33,22066,182
2025-12-20,Display,IN,prospecting,78.81,15761,135
2025-12-20,Display,IN,retargeting,90.82,18163,152
2025-12-20,Display,UK,prospecting,144.75,28950,229
2025-12-20,Display,UK,retargeting,194.61,38921,330
2025-12-20,Display,US,prospecting,220.15,44031,378
2025-12-20,Display,US,retargeting,162.74,32548,275
2025-12-20,Email,BR,lifecycle,31.93,3548,331
2025-12-20,Email,BR,newsletter,25.38,2820,261
2025-12-20,Email,DE,lifecycle,31.9,3544,325
2025-12-20,Email,DE,newsletter,35.74,3971,335
2025-12-20,Email,IN,lifecycle,23.71,2634,240
2025-12-20,Email,IN,newsletter,25.83,2870,259
2025-12-20,Email,UK,lifecycle,52.57,5842,533
2025-12-20,Email,UK,newsletter,46.33,5148,447
2025-12-20,Email,US,lifecycle,58.04,6449,570
2025-12-20,Email,US,newsletter,55.5,6166,570
2025-12-20,Paid Search,BR,brand,267.41,3714,165
2025-12-20,Paid Search,BR,nonbrand,304.79,4233,198
2025-12-20,Paid Search,DE,brand,355.12,4932,221
2025-12-20,Paid Search,DE,nonbrand,307.35,4269,182
2025-12-20,Paid Search,IN,brand,284.73,3955,168
2025-12-20,Paid Search,IN,nonbrand,232.04,3223,148
2025-12-20,Paid Search,UK,brand,439.94,6110,294
2025-12-20,Paid Search,UK,nonbrand,461.79,6414,282
2025-12-20,Paid Search,US,brand,617.11,8571,401
2025-12-20,Paid Search,US,nonbrand,576.32,8004,359
2025-12-20,Paid Social,BR,prospecting,225.01,17308,282
2025-12-20,Paid Social,BR,retargeting,199.87,15375,265
2025-12-20,Paid Social,DE,prospecting,256.17,19705,377
2025-12-20,Paid Social,DE,retargeting,332.8,25600,470
2025-12-20,Paid Social,IN,prospecting,227.52,17501,336
2025-12-20,Paid Social,IN,retargeting,225.68,17360,325
2025-12-20,Paid Social,UK,prospecting,358.36,27566,534
2025-12-20,Paid Social,UK,retargeting,373.49,28730,528
2025-12-20,Paid Social,US,prospecting,554.76,42674,770
2025-12-20,Paid Social,US,retargeting,466.94,35918,645
2025-12-20,Referral,BR,affiliates,83.09,1846,91
2025-12-20,Referral,DE,affiliates,95.04,2112,105
2025-12-20,Referral,IN,affiliates,92.11,2047,103
2025-12-20,Referral,UK,affiliates,137.03,3045,181
2025-12-20,Referral,US,affiliates,226.69,5038,257
2025-12-20,SEO,BR,organic,29.44,4206,292
2025-12-20,SEO,DE,organic,26.98,3854,264
2025-12-20,SEO,IN,organic,23.72,3388,235
2025-12-20,SEO,UK,organic,51.47,7353,554
2025-12-20,SEO,US,organic,53.22,7603,541
2025-12-21,Display,BR,prospecting,85.97,17194,128
2025-12-21,Display,BR,retargeting,90.69,18139,149
2025-12-21,Display,DE,prospecting,111.45,22291,177
2025-12-21,Display,DE,retargeting,127.45,25490,206
2025-12-21,Display,IN,prospecting,84.12,16824,121
2025-12-21,Display,IN,retargeting,100.0,20000,168
2025-12-21,Display,UK,prospecting,135.34,27068,207
2025-12-21,Display,UK,retargeting,153.79,30758,251
2025-12-21,Display,US,prospecting,233.23,46647,363
2025-12-21,Display,US,retargeting,230.0,46000,339
2025-12-21,Email,BR,lifecycle,23.89,2655,245
2025-12-21,Email,BR,newsletter,27.4,3044,244
2025-12-21,Email,DE,lifecycle,35.09,3899,352
2025-12-21,Email,DE,newsletter,37.05,4117,356
2025-12-21,Email,IN,lifecycle,27.79,3088,286
2025-12-21,Email,IN,newsletter,23.68,2631,262
2025-12-21,Email,UK,lifecycle,46.96,5218,445
2025-12-21,Email,UK,newsletter,42.22,4691,427
2025-12-21,Email,US,lifecycle,68.16,7574,696
2025-12-21,Email,US,newsletter,64.32,7146,661
2025-12-21,Paid Search,BR,brand,295.6,4106,205
2025-12-21,Paid Search,BR,nonbrand,281.06,3904,179
2025-12-21,Paid Search,DE,brand,348.65,4842,211
2025-12-21,Paid Search,DE,nonbrand,387.44,5381,219
2025-12-21,Paid Search,IN,brand,232.09,3223,143
2025-12-21,Paid Search,IN,nonbrand,301.7,4190,195
2025-12-21,Paid Search,UK,brand,397.3,5518,213
2025-12-21,Paid Search,UK,nonbrand,454.03,6306,271
2025-12-21,Paid Search,US,brand,748.7,10399,486
2025-12-21,Paid Search,US,nonbrand,655.89,9110,417
2025-12-21,Paid Social,BR,prospecting,218.3,16793,289
2025-12-21,Paid Social,BR,retargeting,230.76,17751,321
2025-12-21,Paid Social,DE,prospecting,279.65,21511,366
2025-12-21,Paid Social,DE,retargeting,339.36,26104,428
2025-12-21,Paid Social,IN,prospecting,195.55,15042,255
2025-12-21,Paid Social,IN,retargeting,192.83,14833,268
2025-12-21,Paid Social,UK,prospecting,358.8,27600,505
2025-12-21,Paid Social,UK,retargeting,354.48,27268,520
2025-12-21,Paid Social,US,prospecting,472.51,36347,616
2025-12-21,Paid Social,US,retargeting,538.73,41441,722
2025-12-21,Referral,BR,affiliates,85.35,1897,80
2025-12-21,Referral,DE,affiliates,89.34,1985,108
2025-12-21,Referral,IN,affiliates,96.64,2148,110
2025-12-21,Referral,UK,affiliates,197.15,4381,197
2025-12-21,Referral,US,affiliates,205.1,4558,224
2025-12-21,SEO,BR,organic,28.92,4131,305
2025-12-21,SEO,DE,organic,27.74,3963,284
2025-12-21,SEO,IN,organic,24.93,3561,240
2025-12-21,SEO,UK,organic,32.43,4633,333
2025-12-21,SEO,US,organic,61.73,8819,625
2025-12-22,Display,BR,prospecting,78.63,15725,122
2025-12-22,Display,BR,retargeting,83.38,16676,128
2025-12-22,Display,DE,prospecting,104.36,20871,158
2025-12-22,Display,DE,retargeting,113.2,22640,176
2025-12-22,Display,IN,prospecting,67.05,13409,107
2025-12-22,Display,IN,retargeting,57.01,11402,90
2025-12-22,Display,UK,prospecting,137.09,27417,206
2025-12-22,Display,UK,retargeting,122.85,24570,208
2025-12-22,Display,US,prospecting,214.6,42921,366
2025-12-22,Display,US,retargeting,160.75,32150,251
2025-12-22,Email,BR,lifecycle,25.15,2795,242
2025-12-22,Email,BR,newsletter,28.74,3194,292
2025-12-22,Email,DE,lifecycle,36.05,4005,401
2025-12-22,Email,DE,newsletter,29.95,3328,271
2025-12-22,Email,IN,lifecycle,19.33,2148,185
2025-12-22,Email,IN,newsletter,23.15,2572,244
2025-12-22,Email,UK,lifecycle,41.72,4636,461
2025-12-22,Email,UK,newsletter,48.91,5435,462
2025-12-22,Email,US,lifecycle,70.02,7780,588
2025-12-22,Email,US,newsletter,64.27,7142,734
2025-12-22,Paid Search,BR,brand,337.77,4691,195
2025-12-22,Paid Search,BR,nonbrand,232.09,3223,145
2025-12-22,Paid Search,DE,brand,334.82,4650,237
2025-12-22,Paid Search,DE,nonbrand,335.42,4659,210
2025-12-22,Paid Search,IN,brand,289.51,4021,189
2025-12-22,Paid Search,IN,nonbrand,252.43,3506,163
2025-12-22,Paid Search,UK,brand,365.55,5077,218
2025-12-22,Paid Search,UK,nonbrand,414.72,5760,292
2025-12-22,Paid Search,US,brand,539.36,7491,349
2025-12-22,Paid Search,US,nonbrand,707.46,9826,468
2025-12-22,Paid Social,BR,prospecting,201.71,15516,288
2025-12-22,Paid Social,BR,retargeting,220.44,16957,302
2025-12-22,Paid Social,DE,prospecting,322.11,24778,461
2025-12-22,Paid Social,DE,retargeting,284.7,21900,405
2025-12-22,Paid Social,IN,prospecting,210.65,16204,293
2025-12-22,Paid Social,IN,retargeting,185.17,14244,255
2025-12-22,Paid Social,UK,prospecting,412.67,31744,564
2025-12-22,Paid Social,UK,retargeting,362.1,27854,516
2025-12-22,Paid Social,US,prospecting,560.33,43102,743
2025-12-22,Paid Social,US,retargeting,445.75,34288,578
2025-12-22,Referral,BR,affiliates,98.15,2181,106
2025-12-22,Referral,DE,affiliates,124.72,2772,143
2025-12-22,Referral,IN,affiliates,69.97,1555,73
2025-12-22,Referral,UK,affiliates,148.87,3308,187
2025-12-22,Referral,US,affiliates,191.54,4256,208
2025-12-22,SEO,BR,organic,29.35,4194,296
2025-12-22,SEO,DE,organic,32.29,4613,334
2025-12-22,SEO,IN,organic,15.67,2238,147
2025-12-22,SEO,UK,organic,40.83,5833,426
2025-12-22,SEO,US,organic,52.99,7569,498
2025-12-23,Display,BR,prospecting,83.47,16694,129
2025-12-23,Display,BR,retargeting,81.84,16368,127
2025-12-23,Display,DE,prospecting,109.07,21814,181
2025-12-23,Display,DE,retargeting,115.0,23001,168
2025-12-23,Display,IN,prospecting,83.12,16623,134
2025-12-23,Display,IN,retargeting,83.22,16644,141
2025-12-23,Display,UK,prospecting,163.1,32621,244
2025-12-23,Display,UK,retargeting,157.93,31586,253
2025-12-23,Display,US,prospecting,256.99,51397,414
2025-12-23,Display,US,retargeting,195.33,39066,307
2025-12-23,Email,BR,lifecycle,33.28,3698,339
2025-12-23,Email,BR,newsletter,23.26,2584,255
2025-12-23,Email,DE,lifecycle,33.86,3762,389
2025-12-23,Email,DE,newsletter,33.29,3699,343
2025-12-23,Email,IN,lifecycle,18.95,2105,190
2025-12-23,Email,IN,newsletter,27.14,3016,308
2025-12-23,Email,UK,lifecycle,54.28,6031,540
2025-12-23,Email,UK,newsletter,40.72,4525,421
2025-12-23,Email,US,lifecycle,48.16,5351,488
2025-12-23,Email,US,newsletter,56.28,6253,551
2025-12-23,Paid Search,BR,brand,305.41,4242,177
2025-12-23,Paid Search,BR,nonbrand,228.87,3179,140
2025-12-23,Paid Search,DE,brand,366.38,5089,223
2025-12-23,Paid Search,DE,nonbrand,338.95,4708,217
2025-12-23,Paid Search,IN,brand,205.39,2853,129
2025-12-23,Paid Search,IN,nonbrand,247.15,3433,145
2025-12-23,Paid Search,UK,brand,441.2,6128,248
2025-12-23,Paid Search,UK,nonbrand,418.98,5819,278
2025-12-23,Paid Search,US,brand,727.81,10108,497
2025-12-23,Paid Search,US,nonbrand,697.23,9684,427
2025-12-23,Paid Social,BR,prospecting,223.16,17166,315
2025-12-23,Paid Social,BR,retargeting,167.47,12882,249
2025-12-23,Paid Social,DE,prospecting,304.34,23410,419
2025-12-23,Paid Social,DE,retargeting,346.67,26667,467
2025-12-23,Paid Social,IN,prospecting,186.06,14312,266
2025-12-23,Paid Social,IN,retargeting,206.36,15874,321
2025-12-23,Paid Social,UK,prospecting,387.68,29821,537
2025-12-23,Paid Social,UK,retargeting,377.17,29013,549
2025-12-23,Paid Social,US,prospecting,465.74,35826,604
2025-12-23,Paid Social,US,retargeting,486.78,37445,677
2025-12-23,Referral,BR,affiliates,95.22,2116,114
2025-12-23,Referral,DE,affiliates,107.89,2398,110
2025-12-23,Referral,IN,affiliates,78.81,1751,78
2025-12-23,Referral,UK,affiliates,190.6,4236,224
2025-12-23,Referral,US,affiliates,247.73,5505,257
2025-12-23,SEO,BR,organic,24.3,3471,240
2025-12-23,SEO,DE,organic,35.05,5008,326
2025-12-23,SEO,IN,organic,21.78,3112,209
2025-12-23,SEO,UK,organic,45.65,6521,472
2025-12-23,SEO,US,organic,54.38,7768,549
2025-12-24,Display,BR,prospecting,89.93,17985,141
2025-12-24,Display,BR,retargeting,80.62,16124,134
2025-12-24,Display,DE,prospecting,120.15,24029,179
2025-12-24,Display,DE,retargeting,107.84,21567,170
2025-12-24,Display,IN,prospecting,89.33,17866,148
2025-12-24,Display,IN,retargeting,83.98,16796,135
2025-12-24,Display,UK,prospecting,148.49,29698,238
2025-12-24,Display,UK,retargeting,130.88,26176,201
2025-12-24,Display,US,prospecting,223.21,44642,331
2025-12-24,Display,US,retargeting,192.04,38408,284
2025-12-24,Email,BR,lifecycle,29.16,3240,291
2025-12-24,Email,BR,newsletter,28.78,3197,292
2025-12-24,Email,DE,lifecycle,32.53,3614,321
2025-12-24,Email,DE,newsletter,31.39,3487,299
2025-12-24,Email,IN,lifecycle,23.48,2609,262
2025-12-24,Email,IN,newsletter,22.59,2510,232
2025-12-24,Email,UK,lifecycle,48.83,5426,494
2025-12-24,Email,UK,newsletter,43.95,4883,432
2025-12-24,Email,US,lifecycle,55.92,6213,555
2025-12-24,Email,US,newsletter,67.96,7551,674
2025-12-24,Paid Search,BR,brand,294.54,4091,170
2025-12-24,Paid Search,BR,nonbrand,291.63,4050,172
2025-12-24,Paid Search,DE,brand,255.82,3553,153
2025-12-24,Paid Search,DE,nonbrand,287.77,3997,164
2025-12-24,Paid Search,IN,brand,275.97,3833,158
2025-12-24,Paid Search,IN,nonbrand,229.26,3184,152
2025-12-24,Paid Search,UK,brand,514.77,7150,306
2025-12-24,Paid Search,UK,nonbrand,477.13,6627,313
2025-12-24,Paid Search,US,brand,568.43,7895,386
2025-12-24,Paid Search,US,nonbrand,609.45,8465,400
2025-12-24,Paid Social,BR,prospecting,196.27,15098,282
2025-12-24,Paid Social,BR,retargeting,220.78,16983,319
2025-12-24,Paid Social,DE,prospecting,217.22,16709,284
2025-12-24,Paid Social,DE,retargeting,250.51,19270,338
2025-12-24,Paid Social,IN,prospecting,209.29,16099,292
2025-12-24,Paid Social,IN,retargeting,192.24,14788,285
2025-12-24,Paid Social,UK,prospecting,316.37,24336,375
2025-12-24,Paid Social,UK,retargeting,323.92,24917,459
2025-12-24,Paid Social,US,prospecting,421.21,32401,599
2025-12-24,Paid Social,US,retargeting,544.46,41882,802
2025-12-24,Referral,BR,affiliates,104.92,2332,113
2025-12-24,Referral,DE,affiliates,121.89,2709,123
2025-12-24,Referral,IN,affiliates,67.46,1499,79
2025-12-24,Referral,UK,affiliates,178.06,3957,185
2025-12-24,Referral,US,affiliates,162.82,3618,180
2025-12-24,SEO,BR,organic,24.87,3552,263
2025-12-24,SEO,DE,organic,35.31,5044,358
2025-12-24,SEO,IN,organic,22.4,3199,216
2025-12-24,SEO,UK,organic,38.24,5463,360
2025-12-24,SEO,US,organic,44.88,6411,473
2025-12-25,Display,BR,prospecting,71.99,14399,120
2025-12-25,Display,BR,retargeting,100.39,20077,174
2025-12-25,Display,DE,prospecting,113.58,22716,179
2025-12-25,Display,DE,retargeting,98.08,19616,158
2025-12-25,Display,IN,prospecting,72.67,14534,104
2025-12-25,Display,IN,retargeting,77.2,15439,125
2025-12-25,Display,UK,prospecting,161.05,32210,271
2025-12-25,Display,UK,retargeting,111.15,22230,176
2025-12-25,Display,US,prospecting,192.91,38582,299
2025-12-25,Display,US,retargeting,161.81,32363,254
2025-12-25,Email,BR,lifecycle,23.7,2633,226
2025-12-25,Email,BR,newsletter,26.61,2957,267
2025-12-25,Email,DE,lifecycle,32.55,3616,329
2025-12-25,Email,DE,newsletter,32.61,3624,334
2025-12-25,Email,IN,lifecycle,27.94,3104,280
2025-12-25,Email,IN,newsletter,23.89,2655,241
2025-12-25,Email,UK,lifecycle,37.92,4214,364
2025-12-25,Email,UK,newsletter,32.62,3624,330
2025-12-25,Email,US,lifecycle,57.1,6345,531
2025-12-25,Email,US,newsletter,55.48,6164,533
2025-12-25,Paid Search,BR,brand,247.89,3443,171
2025-12-25,Paid Search,BR,nonbrand,212.84,2956,139
2025-12-25,Paid Search,DE,brand,362.96,5041,233
2025-12-25,Paid Search,DE,nonbrand,295.12,4099,193
2025-12-25,Paid Search,IN,brand,219.54,3049,126
2025-12-25,Paid Search,IN,nonbrand,257.21,3572,172
2025-12-25,Paid Search,UK,brand,441.63,6134,280
2025-12-25,Paid Search,UK,nonbrand,445.32,6185,288
2025-12-25,Paid Search,US,brand,495.32,6879,303
2025-12-25,Paid Search,US,nonbrand,617.42,8575,390
2025-12-25,Paid Social,BR,prospecting,241.44,18572,345
2025-12-25,Paid Social,BR,retargeting,214.14,16472,266
2025-12-25,Paid Social,DE,prospecting,314.73,24210,446
2025-12-25,Paid Social,DE,retargeting,339.84,26142,449
2025-12-25,Paid Social,IN,prospecting,207.62,15971,294
2025-12-25,Paid Social,IN,retargeting,181.81,13985,264
2025-12-25,Paid Social,UK,prospecting,368.93,28379,505
2025-12-25,Paid Social,UK,retargeting,350.58,26967,490
2025-12-25,Paid Social,US,prospecting,491.9,37839,601
2025-12-25,Paid Social,US,retargeting,494.33,38025,690
2025-12-25,Referral,BR,affiliates,73.17,1626,76
2025-12-25,Referral,DE,affiliates,137.41,3054,150
2025-12-25,Referral,IN,affiliates,83.06,1846,108
2025-12-25,Referral,UK,affiliates,149.99,3333,190
2025-12-25,Referral,US,affiliates,166.36,3697,179
2025-12-25,SEO,BR,organic,22.68,3240,234
2025-12-25,SEO,DE,organic,31.27,4467,308
2025-12-25,SEO,IN,organic,21.61,3088,206
2025-12-25,SEO,UK,organic,47.43,6775,440
2025-12-25,SEO,US,organic,47.25,6750,488
2025-12-26,Display,BR,prospecting,92.52,18503,152
2025-12-26,Display,BR,retargeting,87.04,17407,124
2025-12-26,Display,DE,prospecting,122.49,24498,189
2025-12-26,Display,DE,retargeting,127.84,25568,203
2025-12-26,Display,IN,prospecting,83.7,16740,132
2025-12-26,Display,IN,retargeting,57.93,11587,81
2025-12-26,Display,UK,prospecting,153.58,30716,265
2025-12-26,Display,UK,retargeting,153.65,30729,256
2025-12-26,Display,US,prospecting,173.88,34777,295
2025-12-26,Display,US,retargeting,203.97,40794,331
2025-12-26,Email,BR,lifecycle,24.27,2696,235
2025-12-26,Email,BR,newsletter,26.48,2942,255
2025-12-26,Email,DE,lifecycle,26.45,2939,256
2025-12-26,Email,DE,newsletter,35.07,3897,362
2025-12-26,Email,IN,lifecycle,25.4,2822,259
2025-12-26,Email,IN,newsletter,22.27,2474,234
2025-12-26,Email,UK,lifecycle,42.82,4758,457
2025-12-26,Email,UK,newsletter,42.27,4696,428
2025-12-26,Email,US,lifecycle,54.87,6097,535
2025-12-26,Email,US,newsletter,57.76,6417,542
2025-12-26,Paid Search,BR,brand,232.74,3232,141
2025-12-26,Paid Search,BR,nonbrand,293.58,4077,171
2025-12-26,Paid Search,DE,brand,325.73,4524,207
2025-12-26,Paid Search,DE,nonbrand,361.62,5022,234
2025-12-26,Paid Search,IN,brand,296.28,4115,170
2025-12-26,Paid Search,IN,nonbrand,238.19,3308,151
2025-12-26,Paid Search,UK,brand,427.7,5940,264
2025-12-26,Paid Search,UK,nonbrand,446.13,6196,262
2025-12-26,Paid Search,US,brand,590.65,8203,377
2025-12-26,Paid Search,US,nonbrand,641.37,8908,369
2025-12-26,Paid Social,BR,prospecting,233.94,17996,364
2025-12-26,Paid Social,BR,retargeting,183.18,14091,261
2025-12-26,Paid Social,DE,prospecting,315.08,24237,435
2025-12-26,Paid Social,DE,retargeting,296.17,22783,423
2025-12-26,Paid Social,IN,prospecting,200.5,15423,255
2025-12-26,Paid Social,IN,retargeting,151.39,11645,211
2025-12-26,Paid Social,UK,prospecting,258.57,19890,342
2025-12-26,Paid Social,UK,retargeting,381.86,29373,513
2025-12-26,Paid Social,US,prospecting,434.44,33419,565
2025-12-26,Paid Social,US,retargeting,495.2,38092,661
2025-12-26,Referral,BR,affiliates,75.71,1682,91
2025-12-26,Referral,DE,affiliates,101.63,2259,114
2025-12-26,Referral,IN,affiliates,76.79,1707,88
2025-12-26,Referral,UK,affiliates,148.56,3301,156
2025-12-26,Referral,US,affiliates,214.04,4756,256
2025-12-26,SEO,BR,organic,22.17,3167,201
2025-12-26,SEO,DE,organic,27.22,3888,265
2025-12-26,SEO,IN,organic,20.18,2883,210
2025-12-26,SEO,UK,organic,35.51,5073,354
2025-12-26,SEO,US,organic,47.46,6779,486
2025-12-27,Display,BR,prospecting,77.99,15597,131
2025-12-27,Display,BR,retargeting,92.43,18486,162
2025-12-27,Display,DE,prospecting,132.01,26401,202
2025-12-27,Display,DE,retargeting,107.49,21497,178
2025-12-27,Display,IN,prospecting,79.53,15906,130
2025-12-27,Display,IN,retargeting,85.4,17079,129
2025-12-27,Display,UK,prospecting,144.92,28984,225
2025-12-27,Display,UK,retargeting,139.21,27841,237
2025-12-27,Display,US,prospecting,204.54,40908,323
2025-12-27,Display,US,retargeting,265.74,53148,379
2025-12-27,Email,BR,lifecycle,27.58,3064,268
2025-12-27,Email,BR,newsletter,31.62,3513,326
2025-12-27,Email,DE,lifecycle,31.36,3485,292
2025-12-27,Email,DE,newsletter,33.08,3676,350
2025-12-27,Email,IN,lifecycle,27.45,3050,306
2025-12-27,Email,IN,newsletter,28.97,3219,282
2025-12-27,Email,UK,lifecycle,62.33,6926,645
2025-12-27,Email,UK,newsletter,40.73,4526,446
2025-12-27,Email,US,lifecycle,58.72,6525,624
2025-12-27,Email,US,newsletter,55.8,6200,543
2025-12-27,Paid Search,BR,brand,308.19,4280,192
2025-12-27,Paid Search,BR,nonbrand,275.96,3833,178
2025-12-27,Paid Search,DE,brand,343.32,4768,196
2025-12-27,Paid Search,DE,nonbrand,426.71,5926,258
2025-12-27,Paid Search,IN,brand,276.39,3839,178
2025-12-27,Paid Search,IN,nonbrand,246.64,3426,140
2025-12-27,Paid Search,UK,brand,485.33,6741,299
2025-12-27,Paid Search,UK,nonbrand,405.87,5637,273
2025-12-27,Paid Search,US,brand,551.65,7662,332
2025-12-27,Paid Search,US,nonbrand,537.91,7471,308
2025-12-27,Paid Social,BR,prospecting,265.57,20428,351
2025-12-27,Paid Social,BR,retargeting,225.24,17326,309
2025-12-27,Paid Social,DE,prospecting,251.95,19381,336
2025-12-27,Paid Social,DE,retargeting,340.44,26188,449
2025-12-27,Paid Social,IN,prospecting,235.57,18121,337
2025-12-27,Paid Social,IN,retargeting,224.55,17273,292
2025-12-27,Paid Social,UK,prospecting,364.1,28007,532
2025-12-27,Paid Social,UK,retargeting,355.27,27328,516
2025-12-27,Paid Social,US,prospecting,608.27,46790,748
2025-12-27,Paid Social,US,retargeting,540.88,41606,743
2025-12-27,Referral,BR,affiliates,105.58,2346,109
2025-12-27,Referral,DE,affiliates,100.06,2224,118
2025-12-27,Referral,IN,affiliates,94.05,2090,109
2025-12-27,Referral,UK,affiliates,199.84,4441,218
2025-12-27,Referral,US,affiliates,214.82,4774,214
2025-12-27,SEO,BR,organic,27.64,3949,279
2025-12-27,SEO,DE,organic,28.78,4111,276
2025-12-27,SEO,IN,organic,26.85,3836,291
2025-12-27,SEO,UK,organic,48.95,6992,484
2025-12-27,SEO,US,organic,56.48,8068,620
2025-12-28,Display,BR,prospecting,108.57,21714,170
2025-12-28,Display,BR,retargeting,86.71,17342,148
2025-12-28,Display,DE,prospecting,120.42,24084,190
2025-12-28,Display,DE,retargeting,123.38,24677,180
2025-12-28,Display,IN,prospecting,75.64,15128,124
2025-12-28,Display,IN,retargeting,78.8,15761,119
2025-12-28,Display,UK,prospecting,125.64,25128,201
2025-12-28,Display,UK,retargeting,162.67,32535,258
2025-12-28,Display,US,prospecting,203.04,40608,313
2025-12-28,Display,US,retargeting,203.53,40705,318
2025-12-28,Email,BR,lifecycle,32.63,3626,297
2025-12-28,Email,BR,newsletter,31.05,3450,307
2025-12-28,Email,DE,lifecycle,39.99,4443,411
2025-12-28,Email,DE,newsletter,33.56,3729,341
2025-12-28,Email,IN,lifecycle,28.51,3168,273
2025-12-28,Email,IN,newsletter,26.09,2898,267
2025-12-28,Email,UK,lifecycle,58.15,6461,592
2025-12-28,Email,UK,newsletter,41.47,4608,424
2025-12-28,Email,US,lifecycle,59.69,6632,562
2025-12-28,Email,US,newsletter,64.4,7156,670
2025-12-28,Paid Search,BR,brand,244.71,3399,149
2025-12-28,Paid Search,BR,nonbrand,278.7,3871,196
2025-12-28,Paid Search,DE,brand,290.22,4031,194
2025-12-28,Paid Search,DE,nonbrand,372.75,5177,231
2025-12-28,Paid Search,IN,brand,226.94,3152,159
2025-12-28,Paid Search,IN,nonbrand,280.04,3889,174
2025-12-28,Paid Search,UK,brand,543.55,7549,336
2025-12-28,Paid Search,UK,nonbrand,415.35,5769,246
2025-12-28,Paid Search,US,brand,577.15,8016,361
2025-12-28,Paid Search,US,nonbrand,683.41,9492,456
2025-12-28,Paid Social,BR,prospecting,203.13,15625,254
2025-12-28,Paid Social,BR,retargeting,226.16,17397,314
2025-12-28,Paid Social,DE,prospecting,204.83,15756,284
2025-12-28,Paid Social,DE,retargeting,282.41,21724,365
2025-12-28,Paid Social,IN,prospecting,174.79,13445,235
2025-12-28,Paid Social,IN,retargeting,217.42,16724,321
2025-12-28,Paid Social,UK,prospecting,436.75,33596,641
2025-12-28,Paid Social,UK,retargeting,313.69,24130,461
2025-12-28,Paid Social,US,prospecting,528.68,40668,750
2025-12-28,Paid Social,US,retargeting,421.24,32403,511
2025-12-28,Referral,BR,affiliates,89.76,1995,109
2025-12-28,Referral,DE,affiliates,121.15,2692,149
2025-12-28,Referral,IN,affiliates,98.89,2198,104
2025-12-28,Referral,UK,affiliates,209.24,4650,214
2025-12-28,Referral,US,affiliates,211.51,4700,221
2025-12-28,SEO,BR,organic,29.16,4165,274
2025-12-28,SEO,DE,organic,34.17,4881,329
2025-12-28,SEO,IN,organic,26.68,3811,248
2025-12-28,SEO,UK,organic,47.83,6833,486
2025-12-28,SEO,US,organic,65.36,9338,660
2025-12-29,Display,BR,prospecting,92.52,18505,161
2025-12-29,Display,BR,retargeting,82.89,16577,134
2025-12-29,Display,DE,prospecting,113.86,22772,192
2025-12-29,Display,DE,retargeting,107.47,21495,170
2025-12-29,Display,IN,prospecting,99.59,19919,171
2025-12-29,Display,IN,retargeting,95.97,19195,151
2025-12-29,Display,UK,prospecting,129.1,25819,205
2025-12-29,Display,UK,retargeting,131.09,26217,198
2025-12-29,Display,US,prospecting,208.13,41625,320
2025-12-29,Display,US,retargeting,214.11,42823,307
2025-12-29,Email,BR,lifecycle,23.0,2556,212
2025-12-29,Email,BR,newsletter,21.74,2415,234
2025-12-29,Email,DE,lifecycle,30.7,3411,312
2025-12-29,Email,DE,newsletter,30.77,3419,329
2025-12-29,Email,IN,lifecycle,22.82,2536,218
2025-12-29,Email,IN,newsletter,21.77,2419,235
2025-12-29,Email,UK,lifecycle,48.4,5378,451
2025-12-29,Email,UK,newsletter,56.24,6249,565
2025-12-29,Email,US,lifecycle,58.72,6524,590
2025-12-29,Email,US,newsletter,58.85,6539,615
2025-12-29,Paid Search,BR,brand,253.97,3527,150
2025-12-29,Paid Search,BR,nonbrand,207.86,2887,141
2025-12-29,Paid Search,DE,brand,346.55,4813,215
2025-12-29,Paid Search,DE,nonbrand,291.62,4050,161
2025-12-29,Paid Search,IN,brand,224.65,3120,152
2025-12-29,Paid Search,IN,nonbrand,235.53,3271,149
2025-12-29,Paid Search,UK,brand,447.23,6212,283
2025-12-29,Paid Search,UK,nonbrand,547.84,7609,348
2025-12-29,Paid Search,US,brand,616.3,8560,371
2025-12-29,Paid Search,US,nonbrand,536.45,7451,359
2025-12-29,Paid Social,BR,prospecting,173.45,13342,225
2025-12-29,Paid Social,BR,retargeting,268.34,20642,377
2025-12-29,Paid Social,DE,prospecting,269.99,20768,371
2025-12-29,Paid Social,DE,retargeting,299.95,23073,444
2025-12-29,Paid Social,IN,prospecting,174.2,13400,246
2025-12-29,Paid Social,IN,retargeting,187.32,14409,262
2025-12-29,Paid Social,UK,prospecting,357.68,27514,512
2025-12-29,Paid Social,UK,retargeting,296.17,22783,409
2025-12-29,Paid Social,US,prospecting,481.3,37023,594
2025-12-29,Paid Social,US,retargeting,513.28,39483,705
2025-12-29,Referral,BR,affiliates,84.04,1868,110
2025-12-29,Referral,DE,affiliates,106.65,2370,131
2025-12-29,Referral,IN,affiliates,99.41,2209,120
2025-12-29,Referral,UK,affiliates,149.61,3325,165
2025-12-29,Referral,US,affiliates,216.01,4800,225
2025-12-29,SEO,BR,organic,25.43,3633,274
2025-12-29,SEO,DE,organic,28.19,4027,303
2025-12-29,SEO,IN,organic,20.37,2910,217
2025-12-29,SEO,UK,organic,38.58,5512,383
2025-12-29,SEO,US,organic,55.01,7859,522
2025-12-30,Display,BR,prospecting,107.33,21466,179
2025-12-30,Display,BR,retargeting,80.57,16114,127
2025-12-30,Display,DE,prospecting,123.63,24725,211
2025-12-30,Display,DE,retargeting,116.48,23296,209
2025-12-30,Display,IN,prospecting,70.39,14078,118
2025-12-30,Display,IN,retargeting,83.62,16724,135
2025-12-30,Display,UK,prospecting,133.76,26752,206
2025-12-30,Display,UK,retargeting,157.83,31565,258
2025-12-30,Display,US,prospecting,179.9,35979,299
2025-12-30,Display,US,retargeting,251.92,50383,452
2025-12-30,Email,BR,lifecycle,22.85,2539,226
2025-12-30,Email,BR,newsletter,22.78,2531,216
2025-12-30,Email,DE,lifecycle,37.21,4135,336
2025-12-30,Email,DE,newsletter,30.75,3416,333
2025-12-30,Email,IN,lifecycle,25.76,2863,250
2025-12-30,Email,IN,newsletter,24.02,2669,252
2025-12-30,Email,UK,lifecycle,33.97,3775,362
2025-12-30,Email,UK,newsletter,44.95,4995,431
2025-12-30,Email,US,lifecycle,60.09,6676,613
2025-12-30,Email,US,newsletter,63.42,7046,645
2025-12-30,Paid Search,BR,brand,258.26,3587,159
2025-12-30,Paid Search,BR,nonbrand,257.25,3573,146
2025-12-30,Paid Search,DE,brand,232.51,3229,136
2025-12-30,Paid Search,DE,nonbrand,340.64,4731,209
2025-12-30,Paid Search,IN,brand,262.54,3646,145
2025-12-30,Paid Search,IN,nonbrand,217.05,3015,126
2025-12-30,Paid Search,UK,brand,414.92,5763,244
2025-12-30,Paid Search,UK,nonbrand,427.13,5932,241
2025-12-30,Paid Search,US,brand,628.48,8729,431
2025-12-30,Paid Search,US,nonbrand,611.71,8496,390
2025-12-30,Paid Social,BR,prospecting,218.11,16778,289
2025-12-30,Paid Social,BR,retargeting,223.98,17230,332
2025-12-30,Paid Social,DE,prospecting,309.52,23809,425
2025-12-30,Paid Social,DE,retargeting,319.49,24576,438
2025-12-30,Paid Social,IN,prospecting,193.55,14889,283
2025-12-30,Paid Social,IN,retargeting,175.13,13472,234
2025-12-30,Paid Social,UK,prospecting,368.85,28373,523
2025-12-30,Paid Social,UK,retargeting,345.46,26574,475
2025-12-30,Paid Social,US,prospecting,525.86,40451,730
2025-12-30,Paid Social,US,retargeting,500.42,38494,676
2025-12-30,Referral,BR,affiliates,104.42,2321,115
2025-12-30,Referral,DE,affiliates,116.03,2578,126
2025-12-30,Referral,IN,affiliates,109.24,2427,119
2025-12-30,Referral,UK,affiliates,183.82,4085,204
2025-12-30,Referral,US,affiliates,215.93,4798,244
2025-12-30,SEO,BR,organic,20.93,2990,231
2025-12-30,SEO,DE,organic,30.53,4362,299
2025-12-30,SEO,IN,organic,21.12,3018,220
2025-12-30,SEO,UK,organic,31.87,4553,286
2025-12-30,SEO,US,organic,46.71,6674,444
2025-12-31,Display,BR,prospecting,94.45,18889,152
2025-12-31,Display,BR,retargeting,95.46,19092,156
2025-12-31,Display,DE,prospecting,94.72,18943,160
2025-12-31,Display,DE,retargeting,101.35,20270,172
2025-12-31,Display,IN,prospecting,67.84,13568,108
2025-12-31,Display,IN,retargeting,72.49,14499,117
2025-12-31,Display,UK,prospecting,132.63,26526,222
2025-12-31,Display,UK,retargeting,148.93,29785,245
2025-12-31,Display,US,prospecting,224.86,44972,398
2025-12-31,Display,US,retargeting,217.08,43416,352
2025-12-31,Email,BR,lifecycle,28.47,3164,270
2025-12-31,Email,BR,newsletter,25.51,2834,248
2025-12-31,Email,DE,lifecycle,36.04,4004,370
2025-12-31,Email,DE,newsletter,33.47,3719,340
2025-12-31,Email,IN,lifecycle,22.37,2486,217
2025-12-31,Email,IN,newsletter,23.35,2594,233
2025-12-31,Email,UK,lifecycle,50.7,5634,530
2025-12-31,Email,UK,newsletter,50.15,5572,526
2025-12-31,Email,US,lifecycle,65.77,7308,625
2025-12-31,Email,US,newsletter,54.51,6057,535
2025-12-31,Paid Search,BR,brand,312.43,4339,224
2025-12-31,Paid Search,BR,nonbrand,281.6,3911,170
2025-12-31,Paid Search,DE,brand,353.38,4908,237
2025-12-31,Paid Search,DE,nonbrand,423.37,5880,265
2025-12-31,Paid Search,IN,brand,270.81,3761,184
2025-12-31,Paid Search,IN,nonbrand,257.74,3580,158
2025-12-31,Paid Search,UK,brand,495.19,6878,323
2025-12-31,Paid Search,UK,nonbrand,396.51,5507,217
2025-12-31,Paid Search,US,brand,546.1,7585,349
2025-12-31,Paid Search,US,nonbrand,574.05,7973,391
2025-12-31,Paid Social,BR,prospecting,294.61,22662,384
2025-12-31,Paid Social,BR,retargeting,245.75,18904,360
2025-12-31,Paid Social,DE,prospecting,325.39,25030,439
2025-12-31,Paid Social,DE,retargeting,237.57,18275,326
2025-12-31,Paid Social,IN,prospecting,165.66,12743,239
2025-12-31,Paid Social,IN,retargeting,200.67,15436,274
2025-12-31,Paid Social,UK,prospecting,232.43,17879,293
2025-12-31,Paid Social,UK,retargeting,306.66,23589,465
2025-12-31,Paid Social,US,prospecting,432.49,33268,658
2025-12-31,Paid Social,US,retargeting,544.49,41884,712
2025-12-31,Referral,BR,affiliates,87.07,1935,104
2025-12-31,Referral,DE,affiliates,124.1,2758,146
2025-12-31,Referral,IN,affiliates,87.62,1947,104
2025-12-31,Referral,UK,affiliates,174.64,3881,204
2025-12-31,Referral,US,affiliates,185.32,4118,220
2025-12-31,SEO,BR,organic,24.41,3487,272
2025-12-31,SEO,DE,organic,35.89,5128,384
2025-12-31,SEO,IN,organic,23.35,3336,236
2025-12-31,SEO,UK,organic,34.19,4884,299
2025-12-31,SEO,US,organic,53.01,7573,536
2026-01-01,Display,BR,prospecting,66.03,13207,109
2026-01-01,Display,BR,retargeting,62.34,12468,96
2026-01-01,Display,DE,prospecting,111.36,22272,182
2026-01-01,Display,DE,retargeting,96.5,19299,160
2026-01-01,Display,IN,prospecting,64.45,12889,107
2026-01-01,Display,IN,retargeting,47.35,9471,77
2026-01-01,Display,UK,prospecting,127.68,25536,209
2026-01-01,Display,UK,retargeting,78.74,15748,135
2026-01-01,Display,US,prospecting,128.5,25700,179
2026-01-01,Display,US,retargeting,142.28,28456,229
2026-01-01,Email,BR,lifecycle,16.41,1824,161
2026-01-01,Email,BR,newsletter,21.44,2382,207
2026-01-01,Email,DE,lifecycle,28.41,3157,289
2026-01-01,Email,DE,newsletter,24.58,2731,250
2026-01-01,Email,IN,lifecycle,18.14,2015,162
2026-01-01,Email,IN,newsletter,22.0,2444,223
2026-01-01,Email,UK,lifecycle,31.66,3518,336
2026-01-01,Email,UK,newsletter,37.79,4199,372
2026-01-01,Email,US,lifecycle,46.12,5125,489
2026-01-01,Email,US,newsletter,42.48,4720,412
2026-01-01,Paid Search,BR,brand,196.87,2734,133
2026-01-01,Paid Search,BR,nonbrand,172.64,2398,111
2026-01-01,Paid Search,DE,brand,211.0,2931,137
2026-01-01,Paid Search,DE,nonbrand,260.18,3614,164
2026-01-01,Paid Search,IN,brand,186.89,2596,123
2026-01-01,Paid Search,IN,nonbrand,187.04,2598,107
2026-01-01,Paid Search,UK,brand,360.33,5005,234
2026-01-01,Paid Search,UK,nonbrand,401.55,5577,256
2026-01-01,Paid Search,US,brand,517.46,7187,319
2026-01-01,Paid Search,US,nonbrand,490.47,6812,326
2026-01-01,Paid Social,BR,prospecting,197.39,15183,275
2026-01-01,Paid Social,BR,retargeting,168.93,12994,223
2026-01-01,Paid Social,DE,prospecting,191.8,14754,245
2026-01-01,Paid Social,DE,retargeting,209.99,16153,303
2026-01-01,Paid Social,IN,prospecting,149.4,11492,211
2026-01-01,Paid Social,IN,retargeting,166.13,12779,217
2026-01-01,Paid Social,UK,prospecting,272.14,20934,390
2026-01-01,Paid Social,UK,retargeting,273.67,21051,378
2026-01-01,Paid Social,US,prospecting,325.89,25069,497
2026-01-01,Paid Social,US,retargeting,413.56,31813,547
2026-01-01,Referral,BR,affiliates,69.28,1540,69
2026-01-01,Referral,DE,affiliates,94.97,2110,108
2026-01-01,Referral,IN,affiliates,64.47,1433,74
2026-01-01,Referral,UK,affiliates,139.43,3098,178
2026-01-01,Referral,US,affiliates,152.82,3396,175
2026-01-01,SEO,BR,organic,16.59,2370,169
2026-01-01,SEO,DE,organic,23.44,3349,236
2026-01-01,SEO,IN,organic,19.33,2762,211
2026-01-01,SEO,UK,organic,21.89,3128,229
2026-01-01,SEO,US,organic,40.73,5818,372
2026-01-02,Display,BR,prospecting,62.08,12416,95
2026-01-02,Display,BR,retargeting,50.15,10031,79
2026-01-02,Display,DE,prospecting,80.55,16109,127
2026-01-02,Display,DE,retargeting,100.02,20004,164
2026-01-02,Display,IN,prospecting,64.97,12993,103
2026-01-02,Display,IN,retargeting,67.4,13480,103
2026-01-02,Display,UK,prospecting,127.76,25552,206
2026-01-02,Display,UK,retargeting,119.68,23936,184
2026-01-02,Display,US,prospecting,124.22,24844,232
2026-01-02,Display,US,retargeting,158.88,31776,258
2026-01-02,Email,BR,lifecycle,18.35,2038,166
2026-01-02,Email,BR,newsletter,23.97,2663,266
2026-01-02,Email,DE,lifecycle,26.78,2975,258
2026-01-02,Email,DE,newsletter,30.38,3375,294
2026-01-02,Email,IN,lifecycle,18.45,2050,186
2026-01-02,Email,IN,newsletter,18.78,2087,196
2026-01-02,Email,UK,lifecycle,39.78,4420,399
2026-01-02,Email,UK,newsletter,38.38,4265,349
2026-01-02,Email,US,lifecycle,52.56,5840,538
2026-01-02,Email,US,newsletter,48.92,5435,462
2026-01-02,Paid Search,BR,brand,145.69,2023,86
2026-01-02,Paid Search,BR,nonbrand,218.31,3032,136
2026-01-02,Paid Search,DE,brand,259.13,3599,150
2026-01-02,Paid Search,DE,nonbrand,302.64,4203,193
2026-01-02,Paid Search,IN,brand,189.83,2636,108
2026-01-02,Paid Search,IN,nonbrand,199.89,2776,129
2026-01-02,Paid Search,UK,brand,406.57,5647,260
2026-01-02,Paid Search,UK,nonbrand,354.91,4929,211
2026-01-02,Paid Search,US,brand,527.83,7331,354
2026-01-02,Paid Search,US,nonbrand,470.02,6528,306
2026-01-02,Paid Social,BR,prospecting,160.23,12325,239
2026-01-02,Paid Social,BR,retargeting,133.05,10235,184
2026-01-02,Paid Social,DE,prospecting,259.67,19975,361
2026-01-02,Paid Social,DE,retargeting,159.43,12264,212
2026-01-02,Paid Social,IN,prospecting,150.27,11559,216
2026-01-02,Paid Social,IN,retargeting,159.19,12246,234
2026-01-02,Paid Social,UK,prospecting,297.7,22900,428
2026-01-02,Paid Social,UK,retargeting,343.24,26403,477
2026-01-02,Paid Social,US,prospecting,405.14,31165,500
2026-01-02,Paid Social,US,retargeting,376.85,28989,509
2026-01-02,Referral,BR,affiliates,71.04,1579,71
2026-01-02,Referral,DE,affiliates,92.06,2046,96
2026-01-02,Referral,IN,affiliates,64.12,1425,74
2026-01-02,Referral,UK,affiliates,123.54,2745,133
2026-01-02,Referral,US,affiliates,165.76,3684,172
2026-01-02,SEO,BR,organic,17.6,2514,171
2026-01-02,SEO,DE,organic,29.14,4163,272
2026-01-02,SEO,IN,organic,15.14,2163,150
2026-01-02,SEO,UK,organic,32.69,4670,314
2026-01-02,SEO,US,organic,39.46,5637,387
2026-01-03,Display,BR,prospecting,76.42,15283,107
2026-01-03,Display,BR,retargeting,74.81,14962,109
2026-01-03,Display,DE,prospecting,88.95,17790,122
2026-01-03,Display,DE,retargeting,103.91,20781,163
2026-01-03,Display,IN,prospecting,73.55,14710,119
2026-01-03,Display,IN,retargeting,73.79,14757,123
2026-01-03,Display,UK,prospecting,156.68,31335,256
2026-01-03,Display,UK,retargeting,119.51,23902,184
2026-01-03,Display,US,prospecting,164.44,32887,266
2026-01-03,Display,US,retargeting,176.79,35358,293
2026-01-03,Email,BR,lifecycle,22.06,2451,231
2026-01-03,Email,BR,newsletter,22.46,2496,222
2026-01-03,Email,DE,lifecycle,26.4,2933,253
2026-01-03,Email,DE,newsletter,36.81,4090,346
2026-01-03,Email,IN,lifecycle,19.09,2121,193
2026-01-03,Email,IN,newsletter,17.04,1893,178
2026-01-03,Email,UK,lifecycle,33.92,3769,338
2026-01-03,Email,UK,newsletter,36.26,4029,358
2026-01-03,Email,US,lifecycle,46.58,5176,459
2026-01-03,Email,US,newsletter,58.55,6506,566
2026-01-03,Paid Search,BR,brand,236.35,3283,153
2026-01-03,Paid Search,BR,nonbrand,225.24,3128,129
2026-01-03,Paid Search,DE,brand,274.6,3814,190
2026-01-03,Paid Search,DE,nonbrand,253.83,3525,161
2026-01-03,Paid Search,IN,brand,222.88,3096,137
2026-01-03,Paid Search,IN,nonbrand,193.17,2683,122
2026-01-03,Paid Search,UK,brand,379.61,5272,245
2026-01-03,Paid Search,UK,nonbrand,397.21,5517,219
2026-01-03,Paid Search,US,brand,587.87,8165,320
2026-01-03,Paid Search,US,nonbrand,316.53,4396,187
2026-01-03,Paid Social,BR,prospecting,195.18,15014,295
2026-01-03,Paid Social,BR,retargeting,200.7,15439,270
2026-01-03,Paid Social,DE,prospecting,170.08,13083,224
2026-01-03,Paid Social,DE,retargeting,227.18,17475,306
2026-01-03,Paid Social,IN,prospecting,197.0,15154,284
2026-01-03,Paid Social,IN,retargeting,203.71,15670,294
2026-01-03,Paid Social,UK,prospecting,326.82,25140,486
2026-01-03,Paid Social,UK,retargeting,258.33,19871,368
2026-01-03,Paid Social,US,prospecting,362.73,27902,511
2026-01-03,Paid Social,US,retargeting,469.64,36126,689
2026-01-03,Referral,BR,affiliates,77.44,1721,82
2026-01-03,Referral,DE,affiliates,111.63,2481,110
2026-01-03,Referral,IN,affiliates,64.23,1427,74
2026-01-03,Referral,UK,affiliates,121.41,2698,113
2026-01-03,Referral,US,affiliates,181.87,4041,197
2026-01-03,SEO,BR,organic,23.7,3386,242
2026-01-03,SEO,DE,organic,21.41,3059,217
2026-01-03,SEO,IN,organic,15.88,2268,163
2026-01-03,SEO,UK,organic,34.9,4985,344
2026-01-03,SEO,US,organic,44.49,6356,457
2026-01-04,Display,BR,prospecting,74.16,14831,114
2026-01-04,Display,BR,retargeting,71.93,14386,103
2026-01-04,Display,DE,prospecting,79.5,15901,130
2026-01-04,Display,DE,retargeting,94.79,18959,136
2026-01-04,Display,IN,prospecting,84.61,16922,142
2026-01-04,Display,IN,retargeting,66.46,13292,118
2026-01-04,Display,UK,prospecting,112.68,22535,187
2026-01-04,Display,UK,retargeting,145.13,29027,243
2026-01-04,Display,US,prospecting,150.53,30106,249
2026-01-04,Display,US,retargeting,196.27,39255,332
2026-01-04,Email,BR,lifecycle,22.24,2471,250
2026-01-04,Email,BR,newsletter,26.89,2988,260
2026-01-04,Email,DE,lifecycle,27.4,3045,281
2026-01-04,Email,DE,newsletter,26.01,2890,280
2026-01-04,Email,IN,lifecycle,20.31,2256,201
2026-01-04,Email,IN,newsletter,21.69,2410,227
2026-01-04,Email,UK,lifecycle,39.4,4377,390
2026-01-04,Email,UK,newsletter,44.39,4932,449
2026-01-04,Email,US,lifecycle,43.0,4777,491
2026-01-04,Email,US,newsletter,54.03,6003,498
2026-01-04,Paid Search,BR,brand,204.55,2841,121
2026-01-04,Paid Search,BR,nonbrand,206.03,2862,132
2026-01-04,Paid Search,DE,brand,318.27,4420,207
2026-01-04,Paid Search,DE,nonbrand,277.69,3857,171
2026-01-04,Paid Search,IN,brand,207.91,2888,138
2026-01-04,Paid Search,IN,nonbrand,174.98,2430,99
2026-01-04,Paid Search,UK,brand,317.46,4409,202
2026-01-04,Paid Search,UK,nonbrand,365.97,5083,236
2026-01-04,Paid Search,US,brand,534.3,7421,294
2026-01-04,Paid Search,US,nonbrand,513.17,7127,354
2026-01-04,Paid Social,BR,prospecting,202.31,15563,289
2026-01-04,Paid Social,BR,retargeting,171.37,13182,213
2026-01-04,Paid Social,DE,prospecting,222.31,17101,289
2026-01-04,Paid Social,DE,retargeting,209.81,16139,296
2026-01-04,Paid Social,IN,prospecting,173.48,13345,262
2026-01-04,Paid Social,IN,retargeting,184.99,14230,259
2026-01-04,Paid Social,UK,prospecting,345.93,26610,540
2026-01-04,Paid Social,UK,retargeting,299.6,23046,412
2026-01-04,Paid Social,US,prospecting,363.39,27953,473
2026-01-04,Paid Social,US,retargeting,403.95,31073,596
2026-01-04,Referral,BR,affiliates,85.91,1909,100
2026-01-04,Referral,DE,affiliates,107.22,2383,120
2026-01-04,Referral,IN,affiliates,76.69,1704,88
2026-01-04,Referral,UK,affiliates,115.57,2568,133
2026-01-04,Referral,US,affiliates,188.98,4200,200
2026-01-04,SEO,BR,organic,16.99,2427,160
2026-01-04,SEO,DE,organic,26.14,3734,243
2026-01-04,SEO,IN,organic,18.79,2685,189
2026-01-04,SEO,UK,organic,33.39,4770,323
2026-01-04,SEO,US,organic,48.75,6964,522
2026-01-05,Display,BR,prospecting,78.88,15775,132
2026-01-05,Display,BR,retargeting,64.19,12839,117
2026-01-05,Display,DE,prospecting,74.07,14813,102
2026-01-05,Display,DE,retargeting,81.8,16361,134
2026-01-05,Display,IN,prospecting,57.39,11478,92
2026-01-05,Display,IN,retargeting,67.88,13576,106
2026-01-05,Display,UK,prospecting,137.14,27428,227
2026-01-05,Display,UK,retargeting,120.54,24107,188
2026-01-05,Display,US,prospecting,131.9,26380,206
2026-01-05,Display,US,retargeting,177.99,35598,258
2026-01-05,Email,BR,lifecycle,17.32,1925,184
2026-01-05,Email,BR,newsletter,18.96,2106,166
2026-01-05,Email,DE,lifecycle,27.88,3098,306
2026-01-05,Email,DE,newsletter,26.81,2978,278
2026-01-05,Email,IN,lifecycle,18.41,2045,187
2026-01-05,Email,IN,newsletter,23.06,2562,235
2026-01-05,Email,UK,lifecycle,31.87,3541,362
2026-01-05,Email,UK,newsletter,38.03,4226,362
2026-01-05,Email,US,lifecycle,44.9,4989,476
2026-01-05,Email,US,newsletter,56.94,6327,616
2026-01-05,Paid Search,BR,brand,208.2,2892,116
2026-01-05,Paid Search,BR,nonbrand,228.39,3172,143
2026-01-05,Paid Search,DE,brand,253.38,3519,158
2026-01-05,Paid Search,DE,nonbrand,278.18,3864,177
2026-01-05,Paid Search,IN,brand,160.41,2228,104
2026-01-05,Paid Search,IN,nonbrand,229.42,3186,146
2026-01-05,Paid Search,UK,brand,288.56,4008,202
2026-01-05,Paid Search,UK,nonbrand,332.04,4612,234
2026-01-05,Paid Search,US,brand,542.33,7532,355
2026-01-05,Paid Search,US,nonbrand,501.99,6972,324
2026-01-05,Paid Social,BR,prospecting,144.27,11098,225
2026-01-05,Paid Social,BR,retargeting,165.67,12744,228
2026-01-05,Paid Social,DE,prospecting,204.97,15767,280
2026-01-05,Paid Social,DE,retargeting,210.14,16164,264
2026-01-05,Paid Social,IN,prospecting,177.78,13676,246
2026-01-05,Paid Social,IN,retargeting,156.2,12015,216
2026-01-05,Paid Social,UK,prospecting,280.44,21572,349
2026-01-05,Paid Social,UK,retargeting,361.31,27793,476
2026-01-05,Paid Social,US,prospecting,427.39,32876,549
2026-01-05,Paid Social,US,retargeting,399.91,30763,523
2026-01-05,Referral,BR,affiliates,62.96,1399,70
2026-01-05,Referral,DE,affiliates,90.06,2001,91
2026-01-05,Referral,IN,affiliates,63.5,1411,72
2026-01-05,Referral,UK,affiliates,103.54,2301,111
2026-01-05,Referral,US,affiliates,154.12,3425,176
2026-01-05,SEO,BR,organic,23.2,3315,265
2026-01-05,SEO,DE,organic,23.88,3412,248
2026-01-05,SEO,IN,organic,14.6,2086,146
2026-01-05,SEO,UK,organic,30.24,4319,286
2026-01-05,SEO,US,organic,37.85,5407,343
2026-01-06,Display,BR,prospecting,61.48,12295,99
2026-01-06,Display,BR,retargeting,76.75,15351,123
2026-01-06,Display,DE,prospecting,96.59,19318,137
2026-01-06,Display,DE,retargeting,115.77,23154,158
2026-01-06,Display,IN,prospecting,59.02,11804,96
2026-01-06,Display,IN,retargeting,60.77,12154,93
2026-01-06,Display,UK,prospecting,137.33,27466,209
2026-01-06,Display,UK,retargeting,125.77,25155,196
2026-01-06,Display,US,prospecting,143.77,28754,230
2026-01-06,Display,US,retargeting,103.93,20785,179
2026-01-06,Email,BR,lifecycle,21.64,2404,231
2026-01-06,Email,BR,newsletter,19.42,2157,184
2026-01-06,Email,DE,lifecycle,19.33,2147,198
2026-01-06,Email,DE,newsletter,29.18,3242,304
2026-01-06,Email,IN,lifecycle,17.41,1934,177
2026-01-06,Email,IN,newsletter,21.76,2418,207
2026-01-06,Email,UK,lifecycle,33.08,3676,320
2026-01-06,Email,UK,newsletter,34.76,3863,345
2026-01-06,Email,US,lifecycle,49.29,5477,443
2026-01-06,Email,US,newsletter,49.81,5535,553
2026-01-06,Paid Search,BR,brand,205.4,2853,136
2026-01-06,Paid Search,BR,nonbrand,152.71,2121,106
2026-01-06,Paid Search,DE,brand,237.84,3303,163
2026-01-06,Paid Search,DE,nonbrand,271.82,3775,180
2026-01-06,Paid Search,IN,brand,171.7,2385,99
2026-01-06,Paid Search,IN,nonbrand,225.57,3133,141
2026-01-06,Paid Search,UK,brand,414.46,5756,258
2026-01-06,Paid Search,UK,nonbrand,338.89,4707,229
2026-01-06,Paid Search,US,brand,361.6,5022,227
2026-01-06,Paid Search,US,nonbrand,491.99,6833,300
2026-01-06,Paid Social,BR,prospecting,201.39,15492,273
2026-01-06,Paid Social,BR,retargeting,151.11,11624,232
2026-01-06,Paid Social,DE,prospecting,246.1,18931,356
2026-01-06,Paid Social,DE,retargeting,292.06,22466,410
2026-01-06,Paid Social,IN,prospecting,164.29,12638,230
2026-01-06,Paid Social,IN,retargeting,172.6,13277,229
2026-01-06,Paid Social,UK,prospecting,282.54,21734,382
2026-01-06,Paid Social,UK,retargeting,302.39,23261,428
2026-01-06,Paid Social,US,prospecting,413.69,31822,569
2026-01-06,Paid Social,US,retargeting,374.64,28818,503
2026-01-06,Referral,BR,affiliates,72.13,1603,79
2026-01-06,Referral,DE,affiliates,99.28,2206,105
2026-01-06,Referral,IN,affiliates,71.85,1597,84
2026-01-06,Referral,UK,affiliates,151.2,3360,186
2026-01-06,Referral,US,affiliates,172.96,3844,187
2026-01-06,SEO,BR,organic,19.67,2809,211
2026-01-06,SEO,DE,organic,20.34,2906,201
2026-01-06,SEO,IN,organic,12.96,1852,133
2026-01-06,SEO,UK,organic,35.76,5108,337
2026-01-06,SEO,US,organic,39.79,5684,400
2026-01-07,Display,BR,prospecting,86.14,17228,137
2026-01-07,Display,BR,retargeting,46.59,9317,75
2026-01-07,Display,DE,prospecting,110.27,22054,175
2026-01-07,Display,DE,retargeting,76.35,15270,120
2026-01-07,Display,IN,prospecting,75.82,15164,128
2026-01-07,Display,IN,retargeting,71.69,14338,110
2026-01-07,Display,UK,prospecting,112.33,22465,189
2026-01-07,Display,UK,retargeting,105.7,21139,182
2026-01-07,Display,US,prospecting,141.73,28347,229
2026-01-07,Display,US,retargeting,139.96,27992,241
2026-01-07,Email,BR,lifecycle,22.18,2465,230
2026-01-07,Email,BR,newsletter,20.04,2226,207
2026-01-07,Email,DE,lifecycle,29.88,3320,313
2026-01-07,Email,DE,newsletter,25.17,2797,243
2026-01-07,Email,IN,lifecycle,18.74,2083,173
2026-01-07,Email,IN,newsletter,16.54,1838,159
2026-01-07,Email,UK,lifecycle,37.25,4139,346
2026-01-07,Email,UK,newsletter,35.76,3973,356
2026-01-07,Email,US,lifecycle,51.63,5737,504
2026-01-07,Email,US,newsletter,49.71,5524,439
2026-01-07,Paid Search,BR,brand,201.15,2794,134
2026-01-07,Paid Search,BR,nonbrand,216.64,3009,133
2026-01-07,Paid Search,DE,brand,244.18,3391,154
2026-01-07,Paid Search,DE,nonbrand,236.07,3279,147
2026-01-07,Paid Search,IN,brand,196.03,2723,127
2026-01-07,Paid Search,IN,nonbrand,210.87,2929,136
2026-01-07,Paid Search,UK,brand,418.34,5810,257
2026-01-07,Paid Search,UK,nonbrand,289.12,4016,178
2026-01-07,Paid Search,US,brand,450.11,6252,286
2026-01-07,Paid Search,US,nonbrand,462.21,6420,277
2026-01-07,Paid Social,BR,prospecting,169.84,13065,212
2026-01-07,Paid Social,BR,retargeting,174.83,13449,217
2026-01-07,Paid Social,DE,prospecting,250.4,19262,351
2026-01-07,Paid Social,DE,retargeting,261.31,20101,345
2026-01-07,Paid Social,IN,prospecting,148.66,11436,217
2026-01-07,Paid Social,IN,retargeting,159.81,12293,193
2026-01-07,Paid Social,UK,prospecting,242.69,18669,321
2026-01-07,Paid Social,UK,retargeting,276.12,21240,381
2026-01-07,Paid Social,US,prospecting,331.3,25484,493
2026-01-07,Paid Social,US,retargeting,411.58,31660,553
2026-01-07,Referral,BR,affiliates,84.27,1873,86
2026-01-07,Referral,DE,affiliates,75.29,1673,80
2026-01-07,Referral,IN,affiliates,60.2,1338,64
2026-01-07,Referral,UK,affiliates,123.41,2742,137
2026-01-07,Referral,US,affiliates,185.36,4119,189
2026-01-07,SEO,BR,organic,17.45,2493,178
2026-01-07,SEO,DE,organic,25.33,3619,266
2026-01-07,SEO,IN,organic,15.28,2183,153
2026-01-07,SEO,UK,organic,31.91,4559,339
2026-01-07,SEO,US,organic,46.5,6643,463
2026-01-08,Display,BR,prospecting,80.1,16021,122
2026-01-08,Display,BR,retargeting,82.62,16523,132
2026-01-08,Display,DE,prospecting,80.93,16187,132
2026-01-08,Display,DE,retargeting,96.03,19206,154
2026-01-08,Display,IN,prospecting,70.86,14173,118
2026-01-08,Display,IN,retargeting,71.27,14254,115
2026-01-08,Display,UK,prospecting,122.37,24474,199
2026-01-08,Display,UK,retargeting,104.81,20963,154
2026-01-08,Display,US,prospecting,156.51,31302,235
2026-01-08,Display,US,retargeting,155.01,31001,247
2026-01-08,Email,BR,lifecycle,19.19,2132,195
2026-01-08,Email,BR,newsletter,18.8,2089,194
2026-01-08,Email,DE,lifecycle,24.49,2721,233
2026-01-08,Email,DE,newsletter,22.94,2549,252
2026-01-08,Email,IN,lifecycle,19.46,2162,198
2026-01-08,Email,IN,newsletter,18.49,2054,190
2026-01-08,Email,UK,lifecycle,29.24,3249,286
2026-01-08,Email,UK,newsletter,34.17,3796,341
2026-01-08,Email,US,lifecycle,55.11,6124,633
2026-01-08,Email,US,newsletter,50.72,5635,516
2026-01-08,Paid Search,BR,brand,228.19,3169,152
2026-01-08,Paid Search,BR,nonbrand,248.93,3457,166
2026-01-08,Paid Search,DE,brand,300.33,4171,187
2026-01-08,Paid Search,DE,nonbrand,235.22,3267,150
2026-01-08,Paid Search,IN,brand,218.92,3041,119
2026-01-08,Paid Search,IN,nonbrand,182.17,2530,111
2026-01-08,Paid Search,UK,brand,339.89,4721,203
2026-01-08,Paid Search,UK,nonbrand,343.71,4774,215
2026-01-08,Paid Search,US,brand,420.17,5836,242
2026-01-08,Paid Search,US,nonbrand,561.37,7797,356
2026-01-08,Paid Social,BR,prospecting,171.8,13215,253
2026-01-08,Paid Social,BR,retargeting,195.89,15068,271
2026-01-08,Paid Social,DE,prospecting,241.97,18613,324
2026-01-08,Paid Social,DE,retargeting,179.61,13816,261
2026-01-08,Paid Social,IN,prospecting,161.77,12444,217
2026-01-08,Paid Social,IN,retargeting,160.08,12314,203
2026-01-08,Paid Social,UK,prospecting,282.38,21721,395
2026-01-08,Paid Social,UK,retargeting,284.03,21848,437
2026-01-08,Paid Social,US,prospecting,361.76,27828,519
2026-01-08,Paid Social,US,retargeting,373.14,28703,542
2026-01-08,Referral,BR,affiliates,93.07,2068,103
2026-01-08,Referral,DE,affiliates,104.46,2321,118
2026-01-08,Referral,IN,affiliates,64.13,1425,70
2026-01-08,Referral,UK,affiliates,106.54,2368,113
2026-01-08,Referral,US,affiliates,167.68,3726,193
2026-01-08,SEO,BR,organic,18.68,2668,198
2026-01-08,SEO,DE,organic,27.41,3916,298
2026-01-08,SEO,IN,organic,17.83,2548,183
2026-01-08,SEO,UK,organic,28.82,4118,284
2026-01-08,SEO,US,organic,44.03,6290,441
2026-01-09,Display,BR,prospecting,67.93,13585,96
2026-01-09,Display,BR,retargeting,78.44,15688,119
2026-01-09,Display,DE,prospecting,90.66,18132,141
2026-01-09,Display,DE,retargeting,90.51,18102,141
2026-01-09,Display,IN,prospecting,69.95,13990,120
2026-01-09,Display,IN,retargeting,51.27,10254,79
2026-01-09,Display,UK,prospecting,133.32,26664,208
2026-01-09,Display,UK,retargeting,115.69,23137,208
2026-01-09,Display,US,prospecting,145.0,28999,221
2026-01-09,Display,US,retargeting,137.57,27515,219
2026-01-09,Email,BR,lifecycle,25.05,2783,252
2026-01-09,Email,BR,newsletter,23.79,2644,229
2026-01-09,Email,DE,lifecycle,25.84,2871,252
2026-01-09,Email,DE,newsletter,31.56,3506,311
2026-01-09,Email,IN,lifecycle,16.62,1847,172
2026-01-09,Email,IN,newsletter,19.08,2120,200
2026-01-09,Email,UK,lifecycle,44.72,4969,433
2026-01-09,Email,UK,newsletter,35.03,3892,376
2026-01-09,Email,US,lifecycle,48.63,5404,458
2026-01-09,Email,US,newsletter,55.39,6155,563
2026-01-09,Paid Search,BR,brand,170.46,2367,104
2026-01-09,Paid Search,BR,nonbrand,244.97,3402,141
2026-01-09,Paid Search,DE,brand,277.9,3860,167
2026-01-09,Paid Search,DE,nonbrand,292.06,4056,181
2026-01-09,Paid Search,IN,brand,228.6,3175,141
2026-01-09,Paid Search,IN,nonbrand,184.57,2564,110
2026-01-09,Paid Search,UK,brand,332.12,4613,195
2026-01-09,Paid Search,UK,nonbrand,360.5,5007,237
2026-01-09,Paid Search,US,brand,476.7,6621,298
2026-01-09,Paid Search,US,nonbrand,487.54,6771,274
2026-01-09,Paid Social,BR,prospecting,174.56,13428,215
2026-01-09,Paid Social,BR,retargeting,193.55,14888,267
2026-01-09,Paid Social,DE,prospecting,182.32,14025,244
2026-01-09,Paid Social,DE,retargeting,232.09,17853,332
2026-01-09,Paid Social,IN,prospecting,173.53,13348,221
2026-01-09,Paid Social,IN,retargeting,184.38,14183,244
2026-01-09,Paid Social,UK,prospecting,246.19,18938,341
2026-01-09,Paid Social,UK,retargeting,305.06,23466,442
2026-01-09,Paid Social,US,prospecting,349.18,26860,463
2026-01-09,Paid Social,US,retargeting,469.08,36083,655
2026-01-09,Referral,BR,affiliates,62.18,1382,66
2026-01-09,Referral,DE,affiliates,93.08,2068,111
2026-01-09,Referral,IN,affiliates,71.61,1591,87
2026-01-09,Referral,UK,affiliates,138.67,3082,145
2026-01-09,Referral,US,affiliates,165.04,3668,197
2026-01-09,SEO,BR,organic,17.04,2434,165
2026-01-09,SEO,DE,organic,29.34,4192,263
2026-01-09,SEO,IN,organic,20.19,2885,194
2026-01-09,SEO,UK,organic,31.49,4499,327
2026-01-09,SEO,US,organic,48.19,6884,486
2026-01-10,Display,BR,prospecting,91.62,18325,159
2026-01-10,Display,BR,retargeting,69.68,13937,109
2026-01-10,Display,DE,prospecting,96.69,19339,169
2026-01-10,Display,DE,retargeting,93.5,18700,169
2026-01-10,Display,IN,prospecting,64.19,12839,117
2026-01-10,Display,IN,retargeting,57.52,11504,82
2026-01-10,Display,UK,prospecting,124.72,24944,202
2026-01-10,Display,UK,retargeting,120.17,24034,185
2026-01-10,Display,US,prospecting,158.6,31720,272
2026-01-10,Display,US,retargeting,94.28,18856,123
2026-01-10,Email,BR,lifecycle,23.53,2615,222
2026-01-10,Email,BR,newsletter,15.09,1677,146
2026-01-10,Email,DE,lifecycle,28.0,3111,290
2026-01-10,Email,DE,newsletter,30.59,3399,291
2026-01-10,Email,IN,lifecycle,21.76,2418,197
2026-01-10,Email,IN,newsletter,20.68,2298,216
2026-01-10,Email,UK,lifecycle,33.04,3671,355
2026-01-10,Email,UK,newsletter,37.49,4165,345
2026-01-10,Email,US,lifecycle,55.47,6163,557
2026-01-10,Email,US,newsletter,58.43,6492,592
2026-01-10,Paid Search,BR,brand,212.07,2945,131
2026-01-10,Paid Search,BR,nonbrand,236.67,3287,139
2026-01-10,Paid Search,DE,brand,269.54,3744,174
2026-01-10,Paid Search,DE,nonbrand,323.03,4486,194
2026-01-10,Paid Search,IN,brand,226.64,3148,151
2026-01-10,Paid Search,IN,nonbrand,241.63,3356,144
2026-01-10,Paid Search,UK,brand,442.91,6151,256
2026-01-10,Paid Search,UK,nonbrand,460.5,6396,307
2026-01-10,Paid Search,US,brand,473.83,6581,332
2026-01-10,Paid Search,US,nonbrand,535.43,7437,349
2026-01-10,Paid Social,BR,prospecting,214.29,16484,283
2026-01-10,Paid Social,BR,retargeting,224.27,17252,316
2026-01-10,Paid Social,DE,prospecting,259.89,19992,374
2026-01-10,Paid Social,DE,retargeting,258.09,19853,366
2026-01-10,Paid Social,IN,prospecting,197.44,15188,281
2026-01-10,Paid Social,IN,retargeting,154.1,11854,202
2026-01-10,Paid Social,UK,prospecting,244.39,18799,334
2026-01-10,Paid Social,UK,retargeting,377.92,29071,505
2026-01-10,Paid Social,US,prospecting,514.29,39561,742
2026-01-10,Paid Social,US,retargeting,526.55,40504,733
2026-01-10,Referral,BR,affiliates,83.58,1857,88
2026-01-10,Referral,DE,affiliates,86.01,1911,96
2026-01-10,Referral,IN,affiliates,72.59,1613,81
2026-01-10,Referral,UK,affiliates,126.28,2806,146
2026-01-10,Referral,US,affiliates,175.76,3906,193
2026-01-10,SEO,BR,organic,18.78,2683,175
2026-01-10,SEO,DE,organic,26.36,3766,256
2026-01-10,SEO,IN,organic,16.86,2408,162
2026-01-10,SEO,UK,organic,41.73,5961,437
2026-01-10,SEO,US,organic,53.01,7573,529
2026-01-11,Display,BR,prospecting,68.44,13688,108
2026-01-11,Display,BR,retargeting,71.45,14290,115
2026-01-11,Display,DE,prospecting,105.75,21151,174
2026-01-11,Display,DE,retargeting,96.52,19304,171
2026-01-11,Display,IN,prospecting,78.6,15720,131
2026-01-11,Display,IN,retargeting,86.12,17224,126
2026-01-11,Display,UK,prospecting,123.83,24767,202
2026-01-11,Display,UK,retargeting,146.11,29222,246
2026-01-11,Display,US,prospecting,169.86,33972,246
2026-01-11,Display,US,retargeting,155.16,31032,230
2026-01-11,Email,BR,lifecycle,19.93,2214,208
2026-01-11,Email,BR,newsletter,21.29,2366,237
2026-01-11,Email,DE,lifecycle,28.19,3132,259
2026-01-11,Email,DE,newsletter,29.41,3268,284
2026-01-11,Email,IN,lifecycle,19.54,2171,213
2026-01-11,Email,IN,newsletter,21.72,2414,208
2026-01-11,Email,UK,lifecycle,32.86,3651,302
2026-01-11,Email,UK,newsletter,39.5,4389,443
2026-01-11,Email,US,lifecycle,59.36,6596,637
2026-01-11,Email,US,newsletter,44.35,4928,428
2026-01-11,Paid Search,BR,brand,245.21,3406,160
2026-01-11,Paid Search,BR,nonbrand,218.41,3033,142
2026-01-11,Paid Search,DE,brand,275.23,3823,177
2026-01-11,Paid Search,DE,nonbrand,334.67,4648,216
2026-01-11,Paid Search,IN,brand,214.89,2985,134
2026-01-11,Paid Search,IN,nonbrand,198.91,2763,120
2026-01-11,Paid Search,UK,brand,327.51,4549,194
2026-01-11,Paid Search,UK,nonbrand,381.58,5300,234
2026-01-11,Paid Search,US,brand,499.71,6940,328
2026-01-11,Paid Search,US,nonbrand,573.78,7969,338
2026-01-11,Paid Social,BR,prospecting,171.73,13210,245
2026-01-11,Paid Social,BR,retargeting,228.0,17539,297
2026-01-11,Paid Social,DE,prospecting,250.47,19267,297
2026-01-11,Paid Social,DE,retargeting,226.48,17422,283
2026-01-11,Paid Social,IN,prospecting,170.36,13104,233
2026-01-11,Paid Social,IN,retargeting,173.59,13353,245
2026-01-11,Paid Social,UK,prospecting,273.75,21058,402
2026-01-11,Paid Social,UK,retargeting,294.69,22668,426
2026-01-11,Paid Social,US,prospecting,471.09,36238,564
2026-01-11,Paid Social,US,retargeting,469.46,36112,671
2026-01-11,Referral,BR,affiliates,78.73,1750,82
2026-01-11,Referral,DE,affiliates,95.68,2126,103
2026-01-11,Referral,IN,affiliates,56.84,1263,62
2026-01-11,Referral,UK,affiliates,123.8,2751,135
2026-01-11,Referral,US,affiliates,167.86,3730,188
2026-01-11,SEO,BR,organic,20.32,2903,176
2026-01-11,SEO,DE,organic,19.44,2777,180
2026-01-11,SEO,IN,organic,18.19,2598,175
2026-01-11,SEO,UK,organic,36.08,5154,368
2026-01-11,SEO,US,organic,37.92,5418,411
2026-01-12,Display,BR,prospecting,71.84,14367,112
2026-01-12,Display,BR,retargeting,74.35,14870,118
2026-01-12,Display,DE,prospecting,110.96,22193,175
2026-01-12,Display,DE,retargeting,82.27,16453,140
2026-01-12,Display,IN,prospecting,70.46,14092,110
2026-01-12,Display,IN,retargeting,71.45,14291,121
2026-01-12,Display,UK,prospecting,108.05,21610,184
2026-01-12,Display,UK,retargeting,114.69,22939,182
2026-01-12,Display,US,prospecting,176.94,35387,291
2026-01-12,Display,US,retargeting,157.67,31534,260
2026-01-12,Email,BR,lifecycle,25.12,2791,261
2026-01-12,Email,BR,newsletter,23.93,2659,278
2026-01-12,Email,DE,lifecycle,22.15,2461,224
2026-01-12,Email,DE,newsletter,30.87,3430,338
2026-01-12,Email,IN,lifecycle,19.74,2193,183
2026-01-12,Email,IN,newsletter,18.48,2054,183
2026-01-12,Email,UK,lifecycle,37.68,4187,364
2026-01-12,Email,UK,newsletter,42.37,4708,423
2026-01-12,Email,US,lifecycle,42.9,4766,446
2026-01-12,Email,US,newsletter,51.87,5763,551
2026-01-12,Paid Search,BR,brand,194.82,2706,125
2026-01-12,Paid Search,BR,nonbrand,194.27,2698,129
2026-01-12,Paid Search,DE,brand,213.46,2965,134
2026-01-12,Paid Search,DE,nonbrand,319.81,4442,193
2026-01-12,Paid Search,IN,brand,210.12,2918,127
2026-01-12,Paid Search,IN,nonbrand,178.16,2474,111
2026-01-12,Paid Search,UK,brand,312.9,4346,195
2026-01-12,Paid Search,UK,nonbrand,252.35,3505,158
2026-01-12,Paid Search,US,brand,580.1,8057,366
2026-01-12,Paid Search,US,nonbrand,493.81,6858,315
2026-01-12,Paid Social,BR,prospecting,139.36,10720,192
2026-01-12,Paid Social,BR,retargeting,132.24,10172,167
2026-01-12,Paid Social,DE,prospecting,175.15,13473,254
2026-01-12,Paid Social,DE,retargeting,223.77,17213,308
2026-01-12,Paid Social,IN,prospecting,128.9,9915,166
2026-01-12,Paid Social,IN,retargeting,183.6,14123,267
2026-01-12,Paid Social,UK,prospecting,344.99,26538,446
2026-01-12,Paid Social,UK,retargeting,265.55,20427,374
2026-01-12,Paid Social,US,prospecting,374.43,28802,495
2026-01-12,Paid Social,US,retargeting,467.28,35945,624
2026-01-12,Referral,BR,affiliates,73.89,1642,83
2026-01-12,Referral,DE,affiliates,105.11,2336,102
2026-01-12,Referral,IN,affiliates,68.42,1521,81
2026-01-12,Referral,UK,affiliates,155.56,3457,188
2026-01-12,Referral,US,affiliates,149.32,3318,151
2026-01-12,SEO,BR,organic,17.96,2565,180
2026-01-12,SEO,DE,organic,24.71,3529,279
2026-01-12,SEO,IN,organic,17.46,2494,171
2026-01-12,SEO,UK,organic,29.7,4243,311
2026-01-12,SEO,US,organic,43.52,6217,468
2026-01-13,Display,BR,prospecting,59.51,11902,91
2026-01-13,Display,BR,retargeting,74.75,14951,114
2026-01-13,Display,DE,prospecting,103.88,20775,180
2026-01-13,Display,DE,retargeting,92.35,18469,140
2026-01-13,Display,IN,prospecting,65.88,13177,109
2026-01-13,Display,IN,retargeting,54.66,10932,94
2026-01-13,Display,UK,prospecting,83.95,16791,126
2026-01-13,Display,UK,retargeting,99.91,19982,162
2026-01-13,Display,US,prospecting,186.02,37205,291
2026-01-13,Display,US,retargeting,148.15,29630,254
2026-01-13,Email,BR,lifecycle,19.76,2195,192
2026-01-13,Email,BR,newsletter,20.29,2255,217
2026-01-13,Email,DE,lifecycle,26.83,2981,276
2026-01-13,Email,DE,newsletter,28.79,3199,269
2026-01-13,Email,IN,lifecycle,17.78,1976,166
2026-01-13,Email,IN,newsletter,17.2,1911,160
2026-01-13,Email,UK,lifecycle,40.58,4509,410
2026-01-13,Email,UK,newsletter,30.06,3340,311
2026-01-13,Email,US,lifecycle,46.24,5138,484
2026-01-13,Email,US,newsletter,48.95,5438,502
2026-01-13,Paid Search,BR,brand,170.12,2363,104
2026-01-13,Paid Search,BR,nonbrand,203.16,2822,120
2026-01-13,Paid Search,DE,brand,275.82,3831,164
2026-01-13,Paid Search,DE,nonbrand,267.79,3719,171
2026-01-13,Paid Search,IN,brand,177.79,2469,117
2026-01-13,Paid Search,IN,nonbrand,236.67,3287,149
2026-01-13,Paid Search,UK,brand,378.5,5257,241
2026-01-13,Paid Search,UK,nonbrand,347.41,4825,221
2026-01-13,Paid Search,US,brand,464.69,6454,283
2026-01-13,Paid Search,US,nonbrand,423.24,5878,256
2026-01-13,Paid Social,BR,prospecting,182.5,14038,250
2026-01-13,Paid Social,BR,retargeting,150.52,11579,191
2026-01-13,Paid Social,DE,prospecting,165.14,12703,203
2026-01-13,Paid Social,DE,retargeting,226.88,17452,292
2026-01-13,Paid Social,IN,prospecting,127.85,9835,182
2026-01-13,Paid Social,IN,retargeting,167.02,12848,229
2026-01-13,Paid Social,UK,prospecting,283.3,21793,368
2026-01-13,Paid Social,UK,retargeting,244.36,18797,365
2026-01-13,Paid Social,US,prospecting,422.63,32510,556
2026-01-13,Paid Social,US,retargeting,322.28,24791,483
2026-01-13,Referral,BR,affiliates,67.86,1508,72
2026-01-13,Referral,DE,affiliates,85.07,1890,97
2026-01-13,Referral,IN,affiliates,62.1,1380,72
2026-01-13,Referral,UK,affiliates,104.98,2333,115
2026-01-13,Referral,US,affiliates,162.63,3614,158
2026-01-13,SEO,BR,organic,16.64,2377,164
2026-01-13,SEO,DE,organic,25.51,3644,248
2026-01-13,SEO,IN,organic,15.84,2263,168
2026-01-13,SEO,UK,organic,31.07,4438,311
2026-01-13,SEO,US,organic,39.59,5656,447
2026-01-14,Display,BR,prospecting,86.06,17212,148
2026-01-14,Display,BR,retargeting,65.09,13018,107
2026-01-14,Display,DE,prospecting,85.54,17108,150
2026-01-14,Display,DE,retargeting,91.41,18282,163
2026-01-14,Display,IN,prospecting,60.04,12009,99
2026-01-14,Display,IN,retargeting,52.41,10482,92
2026-01-14,Display,UK,prospecting,118.41,23681,205
2026-01-14,Display,UK,retargeting,105.75,21151,167
2026-01-14,Display,US,prospecting,161.32,32264,243
2026-01-14,Display,US,retargeting,139.54,27909,233
2026-01-14,Email,BR,lifecycle,21.59,2399,223
2026-01-14,Email,BR,newsletter,23.86,2651,261
2026-01-14,Email,DE,lifecycle,28.3,3145,282
2026-01-14,Email,DE,newsletter,26.27,2918,251
2026-01-14,Email,IN,lifecycle,21.82,2424,221
2026-01-14,Email,IN,newsletter,21.59,2398,198
2026-01-14,Email,UK,lifecycle,33.86,3762,364
2026-01-14,Email,UK,newsletter,40.05,4450,404
2026-01-14,Email,US,lifecycle,63.36,7040,662
2026-01-14,Email,US,newsletter,46.44,5161,493
2026-01-14,Paid Search,BR,brand,228.3,3171,129
2026-01-14,Paid Search,BR,nonbrand,225.13,3127,141
2026-01-14,Paid Search,DE,brand,208.39,2894,131
2026-01-14,Paid Search,DE,nonbrand,254.31,3532,159
2026-01-14,Paid Search,IN,brand,190.17,2641,126
2026-01-14,Paid Search,IN,nonbrand,192.62,2675,119
2026-01-14,Paid Search,UK,brand,335.56,4661,210
2026-01-14,Paid Search,UK,nonbrand,468.03,6500,302
2026-01-14,Paid Search,US,brand,499.13,6932,305
2026-01-14,Paid Search,US,nonbrand,336.38,4672,207
2026-01-14,Paid Social,BR,prospecting,132.93,10225,171
2026-01-14,Paid Social,BR,retargeting,137.9,10608,206
2026-01-14,Paid Social,DE,prospecting,247.57,19044,314
2026-01-14,Paid Social,DE,retargeting,184.57,14198,255
2026-01-14,Paid Social,IN,prospecting,155.12,11932,233
2026-01-14,Paid Social,IN,retargeting,154.29,11869,232
2026-01-14,Paid Social,UK,prospecting,301.28,23175,392
2026-01-14,Paid Social,UK,retargeting,297.16,22859,399
2026-01-14,Paid Social,US,prospecting,331.78,25521,462
2026-01-14,Paid Social,US,retargeting,328.68,25283,455
2026-01-14,Referral,BR,affiliates,81.96,1821,91
2026-01-14,Referral,DE,affiliates,98.56,2190,110
2026-01-14,Referral,IN,affiliates,78.65,1748,81
2026-01-14,Referral,UK,affiliates,128.77,2862,155
2026-01-14,Referral,US,affiliates,178.22,3960,176
2026-01-14,SEO,BR,organic,18.29,2612,189
2026-01-14,SEO,DE,organic,22.82,3260,210
2026-01-14,SEO,IN,organic,15.72,2245,153
2026-01-14,SEO,UK,organic,33.05,4722,358
2026-01-14,SEO,US,organic,36.19,5170,362
2026-01-15,Display,BR,prospecting,56.66,11333,95
2026-01-15,Display,BR,retargeting,56.92,11385,92
2026-01-15,Display,DE,prospecting,93.88,18777,155
2026-01-15,Display,DE,retargeting,116.65,23329,194
2026-01-15,Display,IN,prospecting,65.57,13114,109
2026-01-15,Display,IN,retargeting,66.35,13271,108
2026-01-15,Display,UK,prospecting,107.68,21536,173
2026-01-15,Display,UK,retargeting,131.34,26268,221
2026-01-15,Display,US,prospecting,163.21,32641,292
2026-01-15,Display,US,retargeting,159.7,31939,254
2026-01-15,Email,BR,lifecycle,19.95,2217,191
2026-01-15,Email,BR,newsletter,26.78,2975,296
2026-01-15,Email,DE,lifecycle,19.99,2221,204
2026-01-15,Email,DE,newsletter,23.38,2598,274
2026-01-15,Email,IN,lifecycle,21.65,2406,223
2026-01-15,Email,IN,newsletter,16.8,1867,169
2026-01-15,Email,UK,lifecycle,30.77,3419,321
2026-01-15,Email,UK,newsletter,33.75,3750,303
2026-01-15,Email,US,lifecycle,52.57,5841,527
2026-01-15,Email,US,newsletter,37.53,4170,359
2026-01-15,Paid Search,BR,brand,240.43,3339,151
2026-01-15,Paid Search,BR,nonbrand,191.35,2658,110
2026-01-15,Paid Search,DE,brand,288.74,4010,180
2026-01-15,Paid Search,DE,nonbrand,307.78,4275,189
2026-01-15,Paid Search,IN,brand,175.01,2431,118
2026-01-15,Paid Search,IN,nonbrand,235.43,3270,143
2026-01-15,Paid Search,UK,brand,352.91,4901,210
2026-01-15,Paid Search,UK,nonbrand,389.84,5414,242
2026-01-15,Paid Search,US,brand,463.43,6437,253
2026-01-15,Paid Search,US,nonbrand,449.42,6242,268
2026-01-15,Paid Social,BR,prospecting,170.18,13091,235
2026-01-15,Paid Social,BR,retargeting,189.95,14612,248
2026-01-15,Paid Social,DE,prospecting,215.93,16610,290
2026-01-15,Paid Social,DE,retargeting,193.39,14876,231
2026-01-15,Paid Social,IN,prospecting,116.44,8957,145
2026-01-15,Paid Social,IN,retargeting,128.71,9901,170
2026-01-15,Paid Social,UK,prospecting,276.14,21241,374
2026-01-15,Paid Social,UK,retargeting,244.63,18818,343
2026-01-15,Paid Social,US,prospecting,365.2,28092,500
2026-01-15,Paid Social,US,retargeting,381.94,29380,502
2026-01-15,Referral,BR,affiliates,81.7,1816,81
2026-01-15,Referral,DE,affiliates,104.1,2313,112
2026-01-15,Referral,IN,affiliates,77.1,1713,89
2026-01-15,Referral,UK,affiliates,116.65,2592,119
2026-01-15,Referral,US,affiliates,151.41,3365,168
2026-01-15,SEO,BR,organic,15.86,2266,159
2026-01-15,SEO,DE,organic,24.15,3450,274
2026-01-15,SEO,IN,organic,17.96,2565,187
2026-01-15,SEO,UK,organic,29.8,4258,313
2026-01-15,SEO,US,organic,38.36,5480,374
2026-01-16,Display,BR,prospecting,58.57,11713,88
2026-01-16,Display,BR,retargeting,88.77,17753,145
2026-01-16,Display,DE,prospecting,95.18,19036,145
2026-01-16,Display,DE,retargeting,99.88,19976,151
2026-01-16,Display,IN,prospecting,77.75,15549,136
2026-01-16,Display,IN,retargeting,56.01,11202,84
2026-01-16,Display,UK,prospecting,102.78,20556,159
2026-01-16,Display,UK,retargeting,115.64,23128,181
2026-01-16,Display,US,prospecting,155.81,31162,235
2026-01-16,Display,US,retargeting,165.87,33175,296
2026-01-16,Email,BR,lifecycle,22.83,2537,220
2026-01-16,Email,BR,newsletter,21.45,2383,243
2026-01-16,Email,DE,lifecycle,22.41,2490,225
2026-01-16,Email,DE,newsletter,24.98,2776,264
2026-01-16,Email,IN,lifecycle,17.02,1891,178
2026-01-16,Email,IN,newsletter,17.6,1955,190
2026-01-16,Email,UK,lifecycle,31.48,3498,345
2026-01-16,Email,UK,newsletter,40.8,4533,382
2026-01-16,Email,US,lifecycle,50.72,5636,483
2026-01-16,Email,US,newsletter,38.96,4329,357
2026-01-16,Paid Search,BR,brand,211.27,2934,141
2026-01-16,Paid Search,BR,nonbrand,231.73,3218,143
2026-01-16,Paid Search,DE,brand,269.62,3745,155
2026-01-16,Paid Search,DE,nonbrand,288.24,4003,177
2026-01-16,Paid Search,IN,brand,165.54,2299,109
2026-01-16,Paid Search,IN,nonbrand,162.04,2251,99
2026-01-16,Paid Search,UK,brand,347.09,4821,229
2026-01-16,Paid Search,UK,nonbrand,319.58,4439,198
2026-01-16,Paid Search,US,brand,482.28,6698,306
2026-01-16,Paid Search,US,nonbrand,521.58,7244,323
2026-01-16,Paid Social,BR,prospecting,202.23,15556,297
2026-01-16,Paid Social,BR,retargeting,162.29,12484,218
2026-01-16,Paid Social,DE,prospecting,187.14,14396,293
2026-01-16,Paid Social,DE,retargeting,225.84,17373,284
2026-01-16,Paid Social,IN,prospecting,197.22,15171,290
2026-01-16,Paid Social,IN,retargeting,118.06,9081,162
2026-01-16,Paid Social,UK,prospecting,231.63,17818,297
2026-01-16,Paid Social,UK,retargeting,278.61,21431,383
2026-01-16,Paid Social,US,prospecting,403.3,31023,554
2026-01-16,Paid Social,US,retargeting,400.26,30789,547
2026-01-16,Referral,BR,affiliates,98.39,2186,113
2026-01-16,Referral,DE,affiliates,94.69,2104,113
2026-01-16,Referral,IN,affiliates,50.27,1117,56
2026-01-16,Referral,UK,affiliates,114.54,2545,114
2026-01-16,Referral,US,affiliates,168.4,3742,184
2026-01-16,SEO,BR,organic,16.0,2286,165
2026-01-16,SEO,DE,organic,22.23,3176,213
2026-01-16,SEO,IN,organic,14.82,2117,151
2026-01-16,SEO,UK,organic,29.55,4221,312
2026-01-16,SEO,US,organic,40.95,5850,386
2026-01-17,Display,BR,prospecting,70.83,14166,121
2026-01-17,Display,BR,retargeting,85.47,17094,143
2026-01-17,Display,DE,prospecting,95.61,19122,148
2026-01-17,Display,DE,retargeting,101.77,20354,163
2026-01-17,Display,IN,prospecting,61.06,12211,88
2026-01-17,Display,IN,retargeting,67.61,13522,105
2026-01-17,Display,UK,prospecting,134.26,26852,208
2026-01-17,Display,UK,retargeting,124.4,24880,192
2026-01-17,Display,US,prospecting,182.47,36495,272
2026-01-17,Display,US,retargeting,162.81,32562,276
2026-01-17,Email,BR,lifecycle,21.67,2408,227
2026-01-17,Email,BR,newsletter,26.23,2914,258
2026-01-17,Email,DE,lifecycle,31.84,3538,307
2026-01-17,Email,DE,newsletter,32.91,3657,315
2026-01-17,Email,IN,lifecycle,22.41,2490,232
2026-01-17,Email,IN,newsletter,18.23,2025,183
2026-01-17,Email,UK,lifecycle,33.6,3733,343
2026-01-17,Email,UK,newsletter,36.8,4089,356
2026-01-17,Email,US,lifecycle,57.3,6367,588
2026-01-17,Email,US,newsletter,49.49,5499,508
2026-01-17,Paid Search,BR,brand,175.89,2443,102
2026-01-17,Paid Search,BR,nonbrand,288.89,4012,190
2026-01-17,Paid Search,DE,brand,369.87,5137,211
2026-01-17,Paid Search,DE,nonbrand,253.62,3523,154
2026-01-17,Paid Search,IN,brand,219.29,3046,146
2026-01-17,Paid Search,IN,nonbrand,223.96,3111,161
2026-01-17,Paid Search,UK,brand,398.89,5540,260
2026-01-17,Paid Search,UK,nonbrand,410.55,5702,278
2026-01-17,Paid Search,US,brand,517.9,7193,340
2026-01-17,Paid Search,US,nonbrand,495.6,6883,345
2026-01-17,Paid Social,BR,prospecting,205.0,15769,284
2026-01-17,Paid Social,BR,retargeting,180.43,13879,281
2026-01-17,Paid Social,DE,prospecting,233.61,17970,356
2026-01-17,Paid Social,DE,retargeting,242.46,18650,360
2026-01-17,Paid Social,IN,prospecting,188.29,14484,221
2026-01-17,Paid Social,IN,retargeting,219.48,16883,303
2026-01-17,Paid Social,UK,prospecting,355.35,27335,491
2026-01-17,Paid Social,UK,retargeting,284.63,21895,395
2026-01-17,Paid Social,US,prospecting,454.68,34975,623
2026-01-17,Paid Social,US,retargeting,421.02,32386,626
2026-01-17,Referral,BR,affiliates,68.82,1529,78
2026-01-17,Referral,DE,affiliates,91.62,2036,95
2026-01-17,Referral,IN,affiliates,82.18,1826,95
2026-01-17,Referral,UK,affiliates,112.36,2497,131
2026-01-17,Referral,US,affiliates,179.78,3995,206
2026-01-17,SEO,BR,organic,17.3,2471,181
2026-01-17,SEO,DE,organic,25.15,3592,227
2026-01-17,SEO,IN,organic,17.02,2431,166
2026-01-17,SEO,UK,organic,34.03,4861,321
2026-01-17,SEO,US,organic,44.38,6340,430
2026-01-18,Display,BR,prospecting,89.07,17815,141
2026-01-18,Display,BR,retargeting,78.32,15665,124
2026-01-18,Display,DE,prospecting,83.46,16692,122
2026-01-18,Display,DE,retargeting,102.73,20546,174
2026-01-18,Display,IN,prospecting,63.71,12741,111
2026-01-18,Display,IN,retargeting,70.07,14014,102
2026-01-18,Display,UK,prospecting,105.81,21163,159
2026-01-18,Display,UK,retargeting,144.43,28886,256
2026-01-18,Display,US,prospecting,181.07,36214,286
2026-01-18,Display,US,retargeting,201.44,40289,315
2026-01-18,Email,BR,lifecycle,21.9,2433,225
2026-01-18,Email,BR,newsletter,29.76,3306,282
2026-01-18,Email,DE,lifecycle,31.28,3476,291
2026-01-18,Email,DE,newsletter,31.19,3465,292
2026-01-18,Email,IN,lifecycle,24.81,2757,240
2026-01-18,Email,IN,newsletter,22.69,2522,253
2026-01-18,Email,UK,lifecycle,39.86,4429,394
2026-01-18,Email,UK,newsletter,40.34,4482,427
2026-01-18,Email,US,lifecycle,43.57,4842,425
2026-01-18,Email,US,newsletter,42.77,4752,403
2026-01-18,Paid Search,BR,brand,250.17,3475,162
2026-01-18,Paid Search,BR,nonbrand,228.92,3179,139
2026-01-18,Paid Search,DE,brand,250.23,3475,162
2026-01-18,Paid Search,DE,nonbrand,252.53,3507,142
2026-01-18,Paid Search,IN,brand,216.12,3002,141
2026-01-18,Paid Search,IN,nonbrand,263.95,3666,157
2026-01-18,Paid Search,UK,brand,449.3,6240,278
2026-01-18,Paid Search,UK,nonbrand,350.16,4863,235
2026-01-18,Paid Search,US,brand,546.83,7595,309
2026-01-18,Paid Search,US,nonbrand,568.8,7900,385
2026-01-18,Paid Social,BR,prospecting,216.23,16633,284
2026-01-18,Paid Social,BR,retargeting,187.2,14400,248
2026-01-18,Paid Social,DE,prospecting,250.73,19287,362
2026-01-18,Paid Social,DE,retargeting,219.81,16909,311
2026-01-18,Paid Social,IN,prospecting,162.74,12518,220
2026-01-18,Paid Social,IN,retargeting,182.7,14054,270
2026-01-18,Paid Social,UK,prospecting,236.82,18217,325
2026-01-18,Paid Social,UK,retargeting,361.61,27816,474
2026-01-18,Paid Social,US,prospecting,427.37,32875,593
2026-01-18,Paid Social,US,retargeting,347.22,26709,468
2026-01-18,Referral,BR,affiliates,64.8,1440,71
2026-01-18,Referral,DE,affiliates,101.72,2260,108
2026-01-18,Referral,IN,affiliates,78.68,1748,87
2026-01-18,Referral,UK,affiliates,137.65,3059,149
2026-01-18,Referral,US,affiliates,223.86,4975,246
2026-01-18,SEO,BR,organic,24.61,3516,225
2026-01-18,SEO,DE,organic,28.75,4108,268
2026-01-18,SEO,IN,organic,18.34,2619,198
2026-01-18,SEO,UK,organic,40.4,5771,410
2026-01-18,SEO,US,organic,42.77,6110,446
2026-01-19,Display,BR,prospecting,79.55,15911,123
2026-01-19,Display,BR,retargeting,72.88,14576,115
2026-01-19,Display,DE,prospecting,80.67,16134,129
2026-01-19,Display,DE,retargeting,108.91,21783,168
2026-01-19,Display,IN,prospecting,60.5,12100,108
2026-01-19,Display,IN,retargeting,64.72,12944,94
2026-01-19,Display,UK,prospecting,130.47,26093,187
2026-01-19,Display,UK,retargeting,105.9,21180,170
2026-01-19,Display,US,prospecting,186.15,37229,284
2026-01-19,Display,US,retargeting,161.71,32342,293
2026-01-19,Email,BR,lifecycle,21.0,2334,207
2026-01-19,Email,BR,newsletter,22.45,2494,249
2026-01-19,Email,DE,lifecycle,27.73,3081,276
2026-01-19,Email,DE,newsletter,26.17,2907,235
2026-01-19,Email,IN,lifecycle,17.39,1933,175
2026-01-19,Email,IN,newsletter,19.88,2209,197
2026-01-19,Email,UK,lifecycle,35.39,3932,372
2026-01-19,Email,UK,newsletter,35.01,3890,321
2026-01-19,Email,US,lifecycle,44.44,4938,432
2026-01-19,Email,US,newsletter,46.19,5132,491
2026-01-19,Paid Search,BR,brand,171.48,2382,109
2026-01-19,Paid Search,BR,nonbrand,179.58,2494,111
2026-01-19,Paid Search,DE,brand,264.36,3672,139
2026-01-19,Paid Search,DE,nonbrand,283.46,3937,181
2026-01-19,Paid Search,IN,brand,212.48,2951,135
2026-01-19,Paid Search,IN,nonbrand,196.98,2736,119
2026-01-19,Paid Search,UK,brand,360.76,5011,217
2026-01-19,Paid Search,UK,nonbrand,298.9,4151,192
2026-01-19,Paid Search,US,brand,549.16,7627,330
2026-01-19,Paid Search,US,nonbrand,490.39,6811,313
2026-01-19,Paid Social,BR,prospecting,191.72,14748,246
2026-01-19,Paid Social,BR,retargeting,186.63,14356,264
2026-01-19,Paid Social,DE,prospecting,220.83,16987,312
2026-01-19,Paid Social,DE,retargeting,201.79,15522,273
2026-01-19,Paid Social,IN,prospecting,141.79,10907,218
2026-01-19,Paid Social,IN,retargeting,152.11,11700,212
2026-01-19,Paid Social,UK,prospecting,277.6,21354,366
2026-01-19,Paid Social,UK,retargeting,279.26,21481,400
2026-01-19,Paid Social,US,prospecting,413.44,31803,591
2026-01-19,Paid Social,US,retargeting,456.97,35152,669
2026-01-19,Referral,BR,affiliates,94.91,2109,106
2026-01-19,Referral,DE,affiliates,79.07,1757,87
2026-01-19,Referral,IN,affiliates,57.36,1275,66
2026-01-19,Referral,UK,affiliates,113.58,2524,124
2026-01-19,Referral,US,affiliates,186.16,4137,219
2026-01-19,SEO,BR,organic,19.96,2851,210
2026-01-19,SEO,DE,organic,27.76,3965,280
2026-01-19,SEO,IN,organic,18.12,2589,189
2026-01-19,SEO,UK,organic,34.73,4962,309
2026-01-19,SEO,US,organic,42.76,6108,450
2026-01-20,Display,BR,prospecting,72.62,14524,114
2026-01-20,Display,BR,retargeting,76.91,15382,134
2026-01-20,Display,DE,prospecting,101.79,20359,153
2026-01-20,Display,DE,retargeting,79.05,15810,128
2026-01-20,Display,IN,prospecting,62.38,12475,103
2026-01-20,Display,IN,retargeting,74.48,14896,121
2026-01-20,Display,UK,prospecting,126.21,25243,210
2026-01-20,Display,UK,retargeting,87.29,17459,134
2026-01-20,Display,US,prospecting,124.54,24908,199
2026-01-20,Display,US,retargeting,144.2,28840,216
2026-01-20,Email,BR,lifecycle,20.18,2242,198
2026-01-20,Email,BR,newsletter,21.35,2372,201
2026-01-20,Email,DE,lifecycle,24.64,2738,266
2026-01-20,Email,DE,newsletter,32.53,3614,327
2026-01-20,Email,IN,lifecycle,17.63,1959,173
2026-01-20,Email,IN,newsletter,21.77,2419,218
2026-01-20,Email,UK,lifecycle,37.62,4180,345
2026-01-20,Email,UK,newsletter,28.36,3151,269
2026-01-20,Email,US,lifecycle,42.44,4716,462
2026-01-20,Email,US,newsletter,52.45,5828,458
2026-01-20,Paid Search,BR,brand,222.68,3093,145
2026-01-20,Paid Search,BR,nonbrand,180.07,2501,105
2026-01-20,Paid Search,DE,brand,326.32,4532,206
2026-01-20,Paid Search,DE,nonbrand,262.69,3649,166
2026-01-20,Paid Search,IN,brand,209.73,2913,132
2026-01-20,Paid Search,IN,nonbrand,190.59,2647,143
2026-01-20,Paid Search,UK,brand,385.52,5354,249
2026-01-20,Paid Search,UK,nonbrand,342.91,4763,236
2026-01-20,Paid Search,US,brand,578.63,8037,337
2026-01-20,Paid Search,US,nonbrand,557.8,7747,348
2026-01-20,Paid Social,BR,prospecting,230.69,17745,304
2026-01-20,Paid Social,BR,retargeting,147.04,11311,217
2026-01-20,Paid Social,DE,prospecting,182.01,14001,224
2026-01-20,Paid Social,DE,retargeting,221.26,17020,290
2026-01-20,Paid Social,IN,prospecting,184.26,14174,250
2026-01-20,Paid Social,IN,retargeting,170.9,13146,239
2026-01-20,Paid Social,UK,prospecting,296.27,22790,432
2026-01-20,Paid Social,UK,retargeting,312.43,24033,443
2026-01-20,Paid Social,US,prospecting,406.39,31261,568
2026-01-20,Paid Social,US,retargeting,506.68,38975,675
2026-01-20,Referral,BR,affiliates,75.87,1686,89
2026-01-20,Referral,DE,affiliates,89.84,1996,96
2026-01-20,Referral,IN,affiliates,77.36,1719,77
2026-01-20,Referral,UK,affiliates,136.27,3028,142
2026-01-20,Referral,US,affiliates,186.34,4141,218
2026-01-20,SEO,BR,organic,20.45,2922,200
2026-01-20,SEO,DE,organic,20.22,2889,203
2026-01-20,SEO,IN,organic,14.31,2045,143
2026-01-20,SEO,UK,organic,30.25,4321,328
2026-01-20,SEO,US,organic,55.55,7936,578
2026-01-21,Display,BR,prospecting,80.55,16110,123
2026-01-21,Display,BR,retargeting,78.16,15632,118
2026-01-21,Display,DE,prospecting,103.19,20638,162
2026-01-21,Display,DE,retargeting,87.75,17551,143
2026-01-21,Display,IN,prospecting,65.67,13134,109
2026-01-21,Display,IN,retargeting,80.28,16056,133
2026-01-21,Display,UK,prospecting,113.88,22776,204
2026-01-21,Display,UK,retargeting,107.38,21477,156
2026-01-21,Display,US,prospecting,156.95,31390,253
2026-01-21,Display,US,retargeting,139.7,27941,204
2026-01-21,Email,BR,lifecycle,24.3,2700,246
2026-01-21,Email,BR,newsletter,23.86,2652,224
2026-01-21,Email,DE,lifecycle,29.23,3247,310
2026-01-21,Email,DE,newsletter,26.41,2934,276
2026-01-21,Email,IN,lifecycle,21.48,2387,217
2026-01-21,Email,IN,newsletter,17.88,1987,168
2026-01-21,Email,UK,lifecycle,37.46,4162,336
2026-01-21,Email,UK,newsletter,43.38,4820,438
2026-01-21,Email,US,lifecycle,50.88,5654,497
2026-01-21,Email,US,newsletter,45.07,5008,438
2026-01-21,Paid Search,BR,brand,192.4,2672,127
2026-01-21,Paid Search,BR,nonbrand,235.39,3269,141
2026-01-21,Paid Search,DE,brand,307.64,4273,187
2026-01-21,Paid Search,DE,nonbrand,268.31,3726,176
2026-01-21,Paid Search,IN,brand,203.13,2821,125
2026-01-21,Paid Search,IN,nonbrand,169.73,2357,109
2026-01-21,Paid Search,UK,brand,270.59,3758,171
2026-01-21,Paid Search,UK,nonbrand,362.82,5039,222
2026-01-21,Paid Search,US,brand,502.49,6979,296
2026-01-21,Paid Search,US,nonbrand,467.33,6491,307
2026-01-21,Paid Social,BR,prospecting,166.77,12829,236
2026-01-21,Paid Social,BR,retargeting,152.33,11718,224
2026-01-21,Paid Social,DE,prospecting,275.05,21158,384
2026-01-21,Paid Social,DE,retargeting,248.15,19089,321
2026-01-21,Paid Social,IN,prospecting,142.51,10962,198
2026-01-21,Paid Social,IN,retargeting,145.78,11214,182
2026-01-21,Paid Social,UK,prospecting,307.34,23642,424
2026-01-21,Paid Social,UK,retargeting,241.5,18577,360
2026-01-21,Paid Social,US,prospecting,395.82,30447,539
2026-01-21,Paid Social,US,retargeting,465.8,35831,615
2026-01-21,Referral,BR,affiliates,72.36,1608,73
2026-01-21,Referral,DE,affiliates,82.99,1844,95
2026-01-21,Referral,IN,affiliates,59.4,1320,62
2026-01-21,Referral,UK,affiliates,126.88,2820,132
2026-01-21,Referral,US,affiliates,191.28,4251,208
2026-01-21,SEO,BR,organic,19.17,2738,198
2026-01-21,SEO,DE,organic,22.46,3208,213
2026-01-21,SEO,IN,organic,17.27,2467,172
2026-01-21,SEO,UK,organic,35.23,5032,339
2026-01-21,SEO,US,organic,34.15,4879,328
2026-01-22,Display,BR,prospecting,70.99,14197,105
2026-01-22,Display,BR,retargeting,53.96,10792,77
2026-01-22,Display,DE,prospecting,87.74,17547,143
2026-01-22,Display,DE,retargeting,69.39,13877,104
2026-01-22,Display,IN,prospecting,73.57,14715,116
2026-01-22,Display,IN,retargeting,62.19,12438,111
2026-01-22,Display,UK,prospecting,119.06,23812,172
2026-01-22,Display,UK,retargeting,123.46,24691,220
2026-01-22,Display,US,prospecting,168.55,33711,273
2026-01-22,Display,US,retargeting,157.82,31564,246
2026-01-22,Email,BR,lifecycle,18.34,2037,163
2026-01-22,Email,BR,newsletter,24.66,2740,232
2026-01-22,Email,DE,lifecycle,23.1,2566,226
2026-01-22,Email,DE,newsletter,30.19,3355,329
2026-01-22,Email,IN,lifecycle,16.69,1854,168
2026-01-22,Email,IN,newsletter,16.82,1869,165
2026-01-22,Email,UK,lifecycle,39.55,4395,419
2026-01-22,Email,UK,newsletter,31.92,3547,328
2026-01-22,Email,US,lifecycle,46.44,5160,512
2026-01-22,Email,US,newsletter,49.07,5453,473
2026-01-22,Paid Search,BR,brand,185.89,2582,111
2026-01-22,Paid Search,BR,nonbrand,214.4,2978,148
2026-01-22,Paid Search,DE,brand,247.38,3436,167
2026-01-22,Paid Search,DE,nonbrand,304.68,4232,184
2026-01-22,Paid Search,IN,brand,211.17,2933,122
2026-01-22,Paid Search,IN,nonbrand,223.66,3106,128
2026-01-22,Paid Search,UK,brand,357.81,4970,204
2026-01-22,Paid Search,UK,nonbrand,279.06,3876,191
2026-01-22,Paid Search,US,brand,520.26,7226,326
2026-01-22,Paid Search,US,nonbrand,513.15,7127,342
2026-01-22,Paid Social,BR,prospecting,188.55,14504,266
2026-01-22,Paid Social,BR,retargeting,179.98,13845,229
2026-01-22,Paid Social,DE,prospecting,252.05,19389,337
2026-01-22,Paid Social,DE,retargeting,222.88,17145,312
2026-01-22,Paid Social,IN,prospecting,144.8,11139,210
2026-01-22,Paid Social,IN,retargeting,158.4,12185,207
2026-01-22,Paid Social,UK,prospecting,273.78,21060,403
2026-01-22,Paid Social,UK,retargeting,304.66,23435,422
2026-01-22,Paid Social,US,prospecting,390.51,30039,554
2026-01-22,Paid Social,US,retargeting,457.65,35204,659
2026-01-22,Referral,BR,affiliates,78.52,1745,88
2026-01-22,Referral,DE,affiliates,95.44,2121,109
2026-01-22,Referral,IN,affiliates,80.06,1779,93
2026-01-22,Referral,UK,affiliates,123.17,2737,142
2026-01-22,Referral,US,affiliates,161.45,3588,169
2026-01-22,SEO,BR,organic,20.36,2909,216
2026-01-22,SEO,DE,organic,19.42,2774,189
2026-01-22,SEO,IN,organic,14.87,2124,150
2026-01-22,SEO,UK,organic,32.03,4575,311
2026-01-22,SEO,US,organic,49.08,7012,471
2026-01-23,Display,BR,prospecting,75.85,15171,127
2026-01-23,Display,BR,retargeting,69.15,13831,114
2026-01-23,Display,DE,prospecting,93.07,18614,131
2026-01-23,Display,DE,retargeting,96.29,19258,152
2026-01-23,Display,IN,prospecting,69.84,13968,112
2026-01-23,Display,IN,retargeting,57.2,11440,91
2026-01-23,Display,UK,prospecting,103.14,20627,156
2026-01-23,Display,UK,retargeting,116.72,23344,181
2026-01-23,Display,US,prospecting,161.92,32384,257
2026-01-23,Display,US,retargeting,184.14,36828,281
2026-01-23,Email,BR,lifecycle,21.56,2396,206
2026-01-23,Email,BR,newsletter,21.56,2395,214
2026-01-23,Email,DE,lifecycle,26.63,2958,260
2026-01-23,Email,DE,newsletter,27.79,3087,246
2026-01-23,Email,IN,lifecycle,18.0,2000,175
2026-01-23,Email,IN,newsletter,18.8,2088,175
2026-01-23,Email,UK,lifecycle,34.32,3813,348
2026-01-23,Email,UK,newsletter,36.46,4051,374
2026-01-23,Email,US,lifecycle,49.29,5476,500
2026-01-23,Email,US,newsletter,42.47,4719,416
2026-01-23,Paid Search,BR,brand,205.09,2849,116
2026-01-23,Paid Search,BR,nonbrand,239.37,3325,150
2026-01-23,Paid Search,DE,brand,278.0,3861,169
2026-01-23,Paid Search,DE,nonbrand,295.38,4103,206
2026-01-23,Paid Search,IN,brand,197.51,2743,116
2026-01-23,Paid Search,IN,nonbrand,180.18,2503,118
2026-01-23,Paid Search,UK,brand,324.44,4506,202
2026-01-23,Paid Search,UK,nonbrand,311.19,4322,201
2026-01-23,Paid Search,US,brand,420.01,5833,230
2026-01-23,Paid Search,US,nonbrand,516.89,7179,307
2026-01-23,Paid Social,BR,prospecting,170.99,13153,225
2026-01-23,Paid Social,BR,retargeting,206.45,15880,274
2026-01-23,Paid Social,DE,prospecting,216.52,16656,285
2026-01-23,Paid Social,DE,retargeting,269.53,20733,366
2026-01-23,Paid Social,IN,prospecting,150.24,11557,187
2026-01-23,Paid Social,IN,retargeting,146.76,11289,217
2026-01-23,Paid Social,UK,prospecting,234.46,18035,321
2026-01-23,Paid Social,UK,retargeting,257.37,19798,348
2026-01-23,Paid Social,US,prospecting,385.31,29640,560
2026-01-23,Paid Social,US,retargeting,417.11,32085,547
2026-01-23,Referral,BR,affiliates,64.12,1425,66
2026-01-23,Referral,DE,affiliates,81.6,1813,96
2026-01-23,Referral,IN,affiliates,65.12,1447,84
2026-01-23,Referral,UK,affiliates,114.97,2555,128
2026-01-23,Referral,US,affiliates,201.89,4486,199
2026-01-23,SEO,BR,organic,21.97,3138,233
2026-01-23,SEO,DE,organic,29.37,4196,295
2026-01-23,SEO,IN,organic,16.2,2314,147
2026-01-23,SEO,UK,organic,33.41,4773,307
2026-01-23,SEO,US,organic,43.22,6174,483
2026-01-24,Display,BR,prospecting,93.7,18740,148
2026-01-24,Display,BR,retargeting,73.93,14786,114
2026-01-24,Display,DE,prospecting,111.79,22359,165
2026-01-24,Display,DE,retargeting,107.7,21540,162
2026-01-24,Display,IN,prospecting,72.21,14441,120
2026-01-24,Display,IN,retargeting,75.03,15006,110
2026-01-24,Display,UK,prospecting,142.07,28414,238
2026-01-24,Display,UK,retargeting,105.93,21186,190
2026-01-24,Display,US,prospecting,156.12,31224,239
2026-01-24,Display,US,retargeting,158.56,31712,248
2026-01-24,Email,BR,lifecycle,23.71,2635,219
2026-01-24,Email,BR,newsletter,22.1,2455,195
2026-01-24,Email,DE,lifecycle,24.73,2748,241
2026-01-24,Email,DE,newsletter,36.13,4014,333
2026-01-24,Email,IN,lifecycle,18.89,2099,185
2026-01-24,Email,IN,newsletter,21.03,2337,191
2026-01-24,Email,UK,lifecycle,35.64,3960,377
2026-01-24,Email,UK,newsletter,34.16,3796,321
2026-01-24,Email,US,lifecycle,50.82,5646,503
2026-01-24,Email,US,newsletter,54.68,6075,555
2026-01-24,Paid Search,BR,brand,229.44,3187,139
2026-01-24,Paid Search,BR,nonbrand,219.58,3050,129
2026-01-24,Paid Search,DE,brand,293.32,4074,191
2026-01-24,Paid Search,DE,nonbrand,340.05,4723,208
2026-01-24,Paid Search,IN,brand,225.71,3135,139
2026-01-24,Paid Search,IN,nonbrand,212.6,2953,126
2026-01-24,Paid Search,UK,brand,333.81,4636,212
2026-01-24,Paid Search,UK,nonbrand,391.49,5437,293
2026-01-24,Paid Search,US,brand,522.29,7254,338
2026-01-24,Paid Search,US,nonbrand,622.97,8652,388
2026-01-24,Paid Social,BR,prospecting,217.95,16765,262
2026-01-24,Paid Social,BR,retargeting,194.9,14993,275
2026-01-24,Paid Social,DE,prospecting,235.72,18132,329
2026-01-24,Paid Social,DE,retargeting,223.97,17229,339
2026-01-24,Paid Social,IN,prospecting,181.66,13974,253
2026-01-24,Paid Social,IN,retargeting,148.82,11447,180
2026-01-24,Paid Social,UK,prospecting,294.51,22655,407
2026-01-24,Paid Social,UK,retargeting,309.19,23784,448
2026-01-24,Paid Social,US,prospecting,452.12,34778,605
2026-01-24,Paid Social,US,retargeting,395.38,30414,574
2026-01-24,Referral,BR,affiliates,87.18,1937,97
2026-01-24,Referral,DE,affiliates,105.31,2340,121
2026-01-24,Referral,IN,affiliates,62.53,1390,71
2026-01-24,Referral,UK,affiliates,162.89,3620,169
2026-01-24,Referral,US,affiliates,191.27,4250,231
2026-01-24,SEO,BR,organic,21.87,3125,220
2026-01-24,SEO,DE,organic,28.79,4113,311
2026-01-24,SEO,IN,organic,20.92,2989,199
2026-01-24,SEO,UK,organic,35.81,5116,357
2026-01-24,SEO,US,organic,44.45,6351,422
2026-01-25,Display,BR,prospecting,76.11,15223,126
2026-01-25,Display,BR,retargeting,76.92,15383,115
2026-01-25,Display,DE,prospecting,77.99,15599,121
2026-01-25,Display,DE,retargeting,86.33,17266,145
2026-01-25,Display,IN,prospecting,74.29,14858,123
2026-01-25,Display,IN,retargeting,85.98,17195,137
2026-01-25,Display,UK,prospecting,133.67,26733,213
2026-01-25,Display,UK,retargeting,146.67,29333,240
2026-01-25,Display,US,prospecting,148.96,29793,248
2026-01-25,Display,US,retargeting,189.1,37820,317
2026-01-25,Email,BR,lifecycle,23.18,2575,232
2026-01-25,Email,BR,newsletter,28.38,3153,259
2026-01-25,Email,DE,lifecycle,28.84,3205,281
2026-01-25,Email,DE,newsletter,32.07,3564,318
2026-01-25,Email,IN,lifecycle,23.5,2612,209
2026-01-25,Email,IN,newsletter,22.11,2457,206
2026-01-25,Email,UK,lifecycle,39.95,4439,379
2026-01-25,Email,UK,newsletter,32.93,3658,298
2026-01-25,Email,US,lifecycle,42.61,4735,380
2026-01-25,Email,US,newsletter,56.17,6241,575
2026-01-25,Paid Search,BR,brand,217.12,3016,143
2026-01-25,Paid Search,BR,nonbrand,258.76,3594,159
2026-01-25,Paid Search,DE,brand,304.09,4223,186
2026-01-25,Paid Search,DE,nonbrand,225.96,3138,134
2026-01-25,Paid Search,IN,brand,196.9,2735,125
2026-01-25,Paid Search,IN,nonbrand,183.75,2552,121
2026-01-25,Paid Search,UK,brand,350.85,4873,207
2026-01-25,Paid Search,UK,nonbrand,372.97,5180,216
2026-01-25,Paid Search,US,brand,589.18,8183,385
2026-01-25,Paid Search,US,nonbrand,421.02,5847,234
2026-01-25,Paid Social,BR,prospecting,194.64,14972,276
2026-01-25,Paid Social,BR,retargeting,177.46,13651,274
2026-01-25,Paid Social,DE,prospecting,255.69,19668,344
2026-01-25,Paid Social,DE,retargeting,250.79,19292,343
2026-01-25,Paid Social,IN,prospecting,193.14,14857,268
2026-01-25,Paid Social,IN,retargeting,134.35,10334,201
2026-01-25,Paid Social,UK,prospecting,297.45,22881,398
2026-01-25,Paid Social,UK,retargeting,413.54,31811,545
2026-01-25,Paid Social,US,prospecting,462.95,35612,639
2026-01-25,Paid Social,US,retargeting,445.04,34234,629
2026-01-25,Referral,BR,affiliates,82.86,1841,91
2026-01-25,Referral,DE,affiliates,118.8,2640,131
2026-01-25,Referral,IN,affiliates,96.21,2138,102
2026-01-25,Referral,UK,affiliates,151.75,3372,177
2026-01-25,Referral,US,affiliates,187.24,4161,196
2026-01-25,SEO,BR,organic,25.03,3576,253
2026-01-25,SEO,DE,organic,19.87,2838,203
2026-01-25,SEO,IN,organic,19.0,2715,195
2026-01-25,SEO,UK,organic,26.03,3719,256
2026-01-25,SEO,US,organic,35.66,5095,387
2026-01-26,Display,BR,prospecting,66.15,13230,108
2026-01-26,Display,BR,retargeting,79.59,15917,134
2026-01-26,Display,DE,prospecting,86.18,17237,137
2026-01-26,Display,DE,retargeting,106.74,21348,161
2026-01-26,Display,IN,prospecting,71.78,14356,120
2026-01-26,Display,IN,retargeting,63.55,12709,100
2026-01-26,Display,UK,prospecting,125.23,25046,210
2026-01-26,Display,UK,retargeting,123.8,24759,200
2026-01-26,Display,US,prospecting,179.77,35954,286
2026-01-26,Display,US,retargeting,165.77,33154,265
2026-01-26,Email,BR,lifecycle,24.39,2710,260
2026-01-26,Email,BR,newsletter,21.14,2349,204
2026-01-26,Email,DE,lifecycle,23.94,2660,244
2026-01-26,Email,DE,newsletter,27.47,3052,321
2026-01-26,Email,IN,lifecycle,18.37,2041,193
2026-01-26,Email,IN,newsletter,15.99,1777,161
2026-01-26,Email,UK,lifecycle,36.18,4020,390
2026-01-26,Email,UK,newsletter,35.53,3948,367
2026-01-26,Email,US,lifecycle,54.39,6044,613
2026-01-26,Email,US,newsletter,40.78,4531,423
2026-01-26,Paid Search,BR,brand,233.98,3250,141
2026-01-26,Paid Search,BR,nonbrand,214.39,2978,121
2026-01-26,Paid Search,DE,brand,250.28,3476,157
2026-01-26,Paid Search,DE,nonbrand,281.49,3910,165
2026-01-26,Paid Search,IN,brand,209.22,2906,142
2026-01-26,Paid Search,IN,nonbrand,237.76,3302,147
2026-01-26,Paid Search,UK,brand,349.64,4856,221
2026-01-26,Paid Search,UK,nonbrand,381.5,5299,229
2026-01-26,Paid Search,US,brand,542.83,7539,334
2026-01-26,Paid Search,US,nonbrand,464.68,6454,310
2026-01-26,Paid Social,BR,prospecting,219.69,16899,288
2026-01-26,Paid Social,BR,retargeting,135.17,10398,179
2026-01-26,Paid Social,DE,prospecting,196.79,15138,287
2026-01-26,Paid Social,DE,retargeting,217.97,16767,303
2026-01-26,Paid Social,IN,prospecting,190.84,14680,294
2026-01-26,Paid Social,IN,retargeting,134.94,10380,192
2026-01-26,Paid Social,UK,prospecting,275.38,21183,381
2026-01-26,Paid Social,UK,retargeting,337.49,25961,498
2026-01-26,Paid Social,US,prospecting,419.53,32271,621
2026-01-26,Paid Social,US,retargeting,513.31,39485,673
2026-01-26,Referral,BR,affiliates,87.72,1949,97
2026-01-26,Referral,DE,affiliates,111.07,2468,121
2026-01-26,Referral,IN,affiliates,58.01,1289,65
2026-01-26,Referral,UK,affiliates,118.92,2643,141
2026-01-26,Referral,US,affiliates,149.35,3319,151
2026-01-26,SEO,BR,organic,19.34,2763,204
2026-01-26,SEO,DE,organic,24.09,3442,233
2026-01-26,SEO,IN,organic,21.37,3053,193
2026-01-26,SEO,UK,organic,20.54,2934,228
2026-01-26,SEO,US,organic,47.71,6816,489
2026-01-27,Display,BR,prospecting,77.2,15440,128
2026-01-27,Display,BR,retargeting,57.38,11476,91
2026-01-27,Display,DE,prospecting,113.46,22692,176
2026-01-27,Display,DE,retargeting,83.46,16693,136
2026-01-27,Display,IN,prospecting,53.47,10693,89
2026-01-27,Display,IN,retargeting,73.82,14764,115
2026-01-27,Display,UK,prospecting,129.13,25825,205
2026-01-27,Display,UK,retargeting,127.48,25495,206
2026-01-27,Display,US,prospecting,149.48,29897,232
2026-01-27,Display,US,retargeting,203.75,40749,326
2026-01-27,Email,BR,lifecycle,17.97,1996,185
2026-01-27,Email,BR,newsletter,25.06,2785,233
2026-01-27,Email,DE,lifecycle,29.89,3321,318
2026-01-27,Email,DE,newsletter,26.82,2979,282
2026-01-27,Email,IN,lifecycle,19.41,2157,198
2026-01-27,Email,IN,newsletter,21.25,2361,203
2026-01-27,Email,UK,lifecycle,37.65,4183,392
2026-01-27,Email,UK,newsletter,33.94,3771,369
2026-01-27,Email,US,lifecycle,38.9,4322,389
2026-01-27,Email,US,newsletter,44.88,4986,469
2026-01-27,Paid Search,BR,brand,207.49,2882,124
2026-01-27,Paid Search,BR,nonbrand,199.96,2777,117
2026-01-27,Paid Search,DE,brand,271.09,3765,177
2026-01-27,Paid Search,DE,nonbrand,296.88,4123,166
2026-01-27,Paid Search,IN,brand,217.07,3015,135
2026-01-27,Paid Search,IN,nonbrand,228.81,3178,139
2026-01-27,Paid Search,UK,brand,405.53,5632,231
2026-01-27,Paid Search,UK,nonbrand,312.12,4335,200
2026-01-27,Paid Search,US,brand,505.78,7025,269
2026-01-27,Paid Search,US,nonbrand,543.48,7548,382
2026-01-27,Paid Social,BR,prospecting,171.05,13158,247
2026-01-27,Paid Social,BR,retargeting,203.57,15659,274
2026-01-27,Paid Social,DE,prospecting,237.2,18246,290
2026-01-27,Paid Social,DE,retargeting,244.47,18805,310
2026-01-27,Paid Social,IN,prospecting,188.46,14497,242
2026-01-27,Paid Social,IN,retargeting,187.99,14461,249
2026-01-27,Paid Social,UK,prospecting,339.92,26148,491
2026-01-27,Paid Social,UK,retargeting,299.79,23061,442
2026-01-27,Paid Social,US,prospecting,352.91,27147,456
2026-01-27,Paid Social,US,retargeting,393.68,30283,543
2026-01-27,Referral,BR,affiliates,85.96,1910,100
2026-01-27,Referral,DE,affiliates,82.87,1842,95
2026-01-27,Referral,IN,affiliates,64.54,1434,68
2026-01-27,Referral,UK,affiliates,108.72,2416,120
2026-01-27,Referral,US,affiliates,166.93,3710,187
2026-01-27,SEO,BR,organic,20.89,2984,190
2026-01-27,SEO,DE,organic,23.53,3361,232
2026-01-27,SEO,IN,organic,17.71,2530,169
2026-01-27,SEO,UK,organic,33.36,4766,351
2026-01-27,SEO,US,organic,36.26,5180,347
2026-01-28,Display,BR,prospecting,79.82,15963,112
2026-01-28,Display,BR,retargeting,61.44,12287,91
2026-01-28,Display,DE,prospecting,94.92,18985,149
2026-01-28,Display,DE,retargeting,87.87,17573,129
2026-01-28,Display,IN,prospecting,75.84,15167,128
2026-01-28,Display,IN,retargeting,60.45,12089,99
2026-01-28,Display,UK,prospecting,112.76,22551,174
2026-01-28,Display,UK,retargeting,128.33,25665,233
2026-01-28,Display,US,prospecting,130.2,26041,227
2026-01-28,Display,US,retargeting,172.66,34532,277
2026-01-28,Email,BR,lifecycle,23.49,2610,228
2026-01-28,Email,BR,newsletter,22.69,2521,241
2026-01-28,Email,DE,lifecycle,28.92,3213,328
2026-01-28,Email,DE,newsletter,27.44,3049,281
2026-01-28,Email,IN,lifecycle,18.35,2039,158
2026-01-28,Email,IN,newsletter,18.0,2000,175
2026-01-28,Email,UK,lifecycle,33.52,3725,335
2026-01-28,Email,UK,newsletter,31.51,3501,309
2026-01-28,Email,US,lifecycle,45.16,5018,390
2026-01-28,Email,US,newsletter,41.96,4662,415
2026-01-28,Paid Search,BR,brand,245.78,3414,137
2026-01-28,Paid Search,BR,nonbrand,209.33,2907,142
2026-01-28,Paid Search,DE,brand,222.18,3086,135
2026-01-28,Paid Search,DE,nonbrand,224.54,3119,153
2026-01-28,Paid Search,IN,brand,185.39,2575,123
2026-01-28,Paid Search,IN,nonbrand,200.83,2789,138
2026-01-28,Paid Search,UK,brand,308.19,4280,208
2026-01-28,Paid Search,UK,nonbrand,397.94,5527,255
2026-01-28,Paid Search,US,brand,547.44,7603,322
2026-01-28,Paid Search,US,nonbrand,586.6,8147,368
2026-01-28,Paid Social,BR,prospecting,214.21,16478,283
2026-01-28,Paid Social,BR,retargeting,167.08,12852,237
2026-01-28,Paid Social,DE,prospecting,192.5,14808,268
2026-01-28,Paid Social,DE,retargeting,207.59,15969,281
2026-01-28,Paid Social,IN,prospecting,168.01,12924,227
2026-01-28,Paid Social,IN,retargeting,148.1,11392,195
2026-01-28,Paid Social,UK,prospecting,260.96,20074,352
2026-01-28,Paid Social,UK,retargeting,422.69,32514,629
2026-01-28,Paid Social,US,prospecting,362.91,27916,557
2026-01-28,Paid Social,US,retargeting,389.83,29987,522
2026-01-28,Referral,BR,affiliates,87.02,1934,101
2026-01-28,Referral,DE,affiliates,89.93,1998,99
2026-01-28,Referral,IN,affiliates,66.43,1476,79
2026-01-28,Referral,UK,affiliates,100.8,2240,119
2026-01-28,Referral,US,affiliates,138.65,3081,140
2026-01-28,SEO,BR,organic,21.2,3029,200
2026-01-28,SEO,DE,organic,22.22,3174,232
2026-01-28,SEO,IN,organic,20.0,2857,195
2026-01-28,SEO,UK,organic,29.25,4178,283
2026-01-28,SEO,US,organic,48.35,6908,449
2026-01-29,Display,BR,prospecting,74.51,14903,113
2026-01-29,Display,BR,retargeting,67.52,13505,121
2026-01-29,Display,DE,prospecting,79.47,15894,122
2026-01-29,Display,DE,retargeting,93.24,18649,139
2026-01-29,Display,IN,prospecting,60.73,12145,102
2026-01-29,Display,IN,retargeting,67.58,13517,100
2026-01-29,Display,UK,prospecting,100.22,20045,158
2026-01-29,Display,UK,retargeting,103.47,20693,144
2026-01-29,Display,US,prospecting,182.47,36494,290
2026-01-29,Display,US,retargeting,151.6,30320,209
2026-01-29,Email,BR,lifecycle,18.77,2085,180
2026-01-29,Email,BR,newsletter,26.9,2989,269
2026-01-29,Email,DE,lifecycle,25.69,2854,244
2026-01-29,Email,DE,newsletter,25.18,2797,233
2026-01-29,Email,IN,lifecycle,23.01,2557,241
2026-01-29,Email,IN,newsletter,18.65,2072,191
2026-01-29,Email,UK,lifecycle,39.6,4400,401
2026-01-29,Email,UK,newsletter,36.61,4068,341
2026-01-29,Email,US,lifecycle,41.8,4645,443
2026-01-29,Email,US,newsletter,52.67,5852,593
2026-01-29,Paid Search,BR,brand,228.06,3168,158
2026-01-29,Paid Search,BR,nonbrand,188.93,2624,117
2026-01-29,Paid Search,DE,brand,280.24,3892,186
2026-01-29,Paid Search,DE,nonbrand,254.1,3529,172
2026-01-29,Paid Search,IN,brand,203.49,2826,135
2026-01-29,Paid Search,IN,nonbrand,174.22,2420,113
2026-01-29,Paid Search,UK,brand,369.05,5126,248
2026-01-29,Paid Search,UK,nonbrand,315.47,4381,220
2026-01-29,Paid Search,US,brand,525.62,7300,353
2026-01-29,Paid Search,US,nonbrand,510.69,7093,278
2026-01-29,Paid Social,BR,prospecting,196.93,15149,257
2026-01-29,Paid Social,BR,retargeting,158.53,12195,228
2026-01-29,Paid Social,DE,prospecting,227.87,17528,299
2026-01-29,Paid Social,DE,retargeting,282.96,21766,396
2026-01-29,Paid Social,IN,prospecting,189.17,14551,247
2026-01-29,Paid Social,IN,retargeting,179.35,13796,277
2026-01-29,Paid Social,UK,prospecting,317.48,24422,453
2026-01-29,Paid Social,UK,retargeting,272.76,20982,386
2026-01-29,Paid Social,US,prospecting,433.46,33343,552
2026-01-29,Paid Social,US,retargeting,468.62,36048,662
2026-01-29,Referral,BR,affiliates,80.24,1783,95
2026-01-29,Referral,DE,affiliates,108.09,2402,120
2026-01-29,Referral,IN,affiliates,67.97,1511,76
2026-01-29,Referral,UK,affiliates,148.58,3302,155
2026-01-29,Referral,US,affiliates,171.24,3805,192
2026-01-29,SEO,BR,organic,17.42,2488,171
2026-01-29,SEO,DE,organic,27.56,3937,303
2026-01-29,SEO,IN,organic,19.69,2813,231
2026-01-29,SEO,UK,organic,26.25,3751,236
2026-01-29,SEO,US,organic,53.34,7621,511
2026-01-30,Display,BR,prospecting,82.66,16532,137
2026-01-30,Display,BR,retargeting,75.14,15029,109
2026-01-30,Display,DE,prospecting,93.52,18704,137
2026-01-30,Display,DE,retargeting,109.86,21973,163
2026-01-30,Display,IN,prospecting,64.03,12806,96
2026-01-30,Display,IN,retargeting,58.2,11640,94
2026-01-30,Display,UK,prospecting,137.09,27418,188
2026-01-30,Display,UK,retargeting,127.43,25486,207
2026-01-30,Display,US,prospecting,175.14,35028,299
2026-01-30,Display,US,retargeting,180.67,36133,263
2026-01-30,Email,BR,lifecycle,20.78,2309,198
2026-01-30,Email,BR,newsletter,19.88,2209,206
2026-01-30,Email,DE,lifecycle,31.29,3476,325
2026-01-30,Email,DE,newsletter,23.13,2570,202
2026-01-30,Email,IN,lifecycle,18.2,2022,181
2026-01-30,Email,IN,newsletter,23.15,2572,210
2026-01-30,Email,UK,lifecycle,31.67,3519,323
2026-01-30,Email,UK,newsletter,30.33,3370,295
2026-01-30,Email,US,lifecycle,44.54,4949,444
2026-01-30,Email,US,newsletter,50.78,5642,550
2026-01-30,Paid Search,BR,brand,202.81,2817,133
2026-01-30,Paid Search,BR,nonbrand,274.17,3808,191
2026-01-30,Paid Search,DE,brand,291.61,4050,171
2026-01-30,Paid Search,DE,nonbrand,248.76,3455,161
2026-01-30,Paid Search,IN,brand,187.71,2607,116
2026-01-30,Paid Search,IN,nonbrand,240.28,3337,159
2026-01-30,Paid Search,UK,brand,347.45,4826,214
2026-01-30,Paid Search,UK,nonbrand,441.6,6133,265
2026-01-30,Paid Search,US,brand,569.73,7913,297
2026-01-30,Paid Search,US,nonbrand,480.51,6674,311
2026-01-30,Paid Social,BR,prospecting,183.72,14133,257
2026-01-30,Paid Social,BR,retargeting,146.48,11268,211
2026-01-30,Paid Social,DE,prospecting,198.22,15248,268
2026-01-30,Paid Social,DE,retargeting,183.78,14137,249
2026-01-30,Paid Social,IN,prospecting,155.46,11958,202
2026-01-30,Paid Social,IN,retargeting,188.48,14499,283
2026-01-30,Paid Social,UK,prospecting,313.25,24096,413
2026-01-30,Paid Social,UK,retargeting,350.39,26953,471
2026-01-30,Paid Social,US,prospecting,488.29,37561,662
2026-01-30,Paid Social,US,retargeting,473.45,36419,730
2026-01-30,Referral,BR,affiliates,93.85,2085,102
2026-01-30,Referral,DE,affiliates,106.68,2371,122
2026-01-30,Referral,IN,affiliates,78.19,1737,92
2026-01-30,Referral,UK,affiliates,145.47,3233,167
2026-01-30,Referral,US,affiliates,164.82,3663,179
2026-01-30,SEO,BR,organic,19.77,2825,182
2026-01-30,SEO,DE,organic,27.58,3940,258
2026-01-30,SEO,IN,organic,18.01,2572,187
2026-01-30,SEO,UK,organic,29.56,4222,255
2026-01-30,SEO,US,organic,37.45,5350,384
2026-01-31,Display,BR,prospecting,78.01,15602,115
2026-01-31,Display,BR,retargeting,87.92,17585,140
2026-01-31,Display,DE,prospecting,112.17,22435,174
2026-01-31,Display,DE,retargeting,89.64,17927,141
2026-01-31,Display,IN,prospecting,76.27,15254,128
2026-01-31,Display,IN,retargeting,73.37,14675,122
2026-01-31,Display,UK,prospecting,144.25,28849,215
2026-01-31,Display,UK,retargeting,147.74,29549,233
2026-01-31,Display,US,prospecting,177.37,35473,305
2026-01-31,Display,US,retargeting,196.49,39297,307
2026-01-31,Email,BR,lifecycle,20.1,2234,225
2026-01-31,Email,BR,newsletter,21.53,2393,221
2026-01-31,Email,DE,lifecycle,26.54,2949,274
2026-01-31,Email,DE,newsletter,31.09,3454,312
2026-01-31,Email,IN,lifecycle,18.27,2030,172
2026-01-31,Email,IN,newsletter,16.22,1803,163
2026-01-31,Email,UK,lifecycle,37.86,4206,359
2026-01-31,Email,UK,newsletter,40.57,4508,415
2026-01-31,Email,US,lifecycle,55.27,6141,522
2026-01-31,Email,US,newsletter,53.64,5960,526
2026-01-31,Paid Search,BR,brand,214.9,2985,141
2026-01-31,Paid Search,BR,nonbrand,237.05,3292,147
2026-01-31,Paid Search,DE,brand,291.6,4050,185
2026-01-31,Paid Search,DE,nonbrand,300.56,4174,178
2026-01-31,Paid Search,IN,brand,205.95,2860,133
2026-01-31,Paid Search,IN,nonbrand,210.18,2919,135
2026-01-31,Paid Search,UK,brand,383.99,5333,245
2026-01-31,Paid Search,UK,nonbrand,317.41,4408,209
2026-01-31,Paid Search,US,brand,558.34,7755,342
2026-01-31,Paid Search,US,nonbrand,588.62,8175,348
2026-01-31,Paid Social,BR,prospecting,212.86,16374,336
2026-01-31,Paid Social,BR,retargeting,165.34,12718,217
2026-01-31,Paid Social,DE,prospecting,216.3,16638,305
2026-01-31,Paid Social,DE,retargeting,301.24,23172,405
2026-01-31,Paid Social,IN,prospecting,143.17,11013,212
2026-01-31,Paid Social,IN,retargeting,183.56,14120,252
2026-01-31,Paid Social,UK,prospecting,371.48,28575,538
2026-01-31,Paid Social,UK,retargeting,271.82,20910,379
2026-01-31,Paid Social,US,prospecting,457.89,35222,598
2026-01-31,Paid Social,US,retargeting,403.91,31070,547
2026-01-31,Referral,BR,affiliates,91.17,2026,106
2026-01-31,Referral,DE,affiliates,98.72,2194,111
2026-01-31,Referral,IN,affiliates,78.71,1749,87
2026-01-31,Referral,UK,affiliates,159.96,3555,179
2026-01-31,Referral,US,affiliates,182.69,4060,214
2026-01-31,SEO,BR,organic,16.61,2372,163
2026-01-31,SEO,DE,organic,27.51,3930,293
2026-01-31,SEO,IN,organic,16.46,2351,175
2026-01-31,SEO,UK,organic,39.47,5639,370
2026-01-31,SEO,US,organic,54.69,7813,517
2026-02-01,Display,BR,prospecting,90.48,18096,148
2026-02-01,Display,BR,retargeting,106.56,21313,151
2026-02-01,Display,DE,prospecting,77.36,15471,122
2026-02-01,Display,DE,retargeting,115.29,23058,186
2026-02-01,Display,IN,prospecting,80.95,16190,144
2026-02-01,Display,IN,retargeting,80.55,16110,140
2026-02-01,Display,UK,prospecting,138.99,27797,235
2026-02-01,Display,UK,retargeting,168.85,33771,267
2026-02-01,Display,US,prospecting,178.51,35702,308
2026-02-01,Display,US,retargeting,190.96,38192,290
2026-02-01,Email,BR,lifecycle,25.67,2852,258
2026-02-01,Email,BR,newsletter,29.48,3275,291
2026-02-01,Email,DE,lifecycle,33.28,3698,326
2026-02-01,Email,DE,newsletter,31.28,3475,311
2026-02-01,Email,IN,lifecycle,20.25,2250,190
2026-02-01,Email,IN,newsletter,25.46,2828,268
2026-02-01,Email,UK,lifecycle,50.6,5622,494
2026-02-01,Email,UK,newsletter,43.88,4875,433
2026-02-01,Email,US,lifecycle,69.07,7674,729
2026-02-01,Email,US,newsletter,59.23,6581,587
2026-02-01,Paid Search,BR,brand,214.5,2979,142
2026-02-01,Paid Search,BR,nonbrand,288.03,4000,180
2026-02-01,Paid Search,DE,brand,269.42,3742,178
2026-02-01,Paid Search,DE,nonbrand,399.47,5548,277
2026-02-01,Paid Search,IN,brand,211.99,2944,131
2026-02-01,Paid Search,IN,nonbrand,212.57,2952,129
2026-02-01,Paid Search,UK,brand,499.21,6933,267
2026-02-01,Paid Search,UK,nonbrand,387.17,5377,259
2026-02-01,Paid Search,US,brand,575.87,7998,334
2026-02-01,Paid Search,US,nonbrand,664.25,9226,399
2026-02-01,Paid Social,BR,prospecting,229.78,17675,332
2026-02-01,Paid Social,BR,retargeting,197.1,15161,264
2026-02-01,Paid Social,DE,prospecting,333.49,25653,431
2026-02-01,Paid Social,DE,retargeting,281.5,21654,397
2026-02-01,Paid Social,IN,prospecting,187.78,14445,260
2026-02-01,Paid Social,IN,retargeting,196.91,15147,275
2026-02-01,Paid Social,UK,prospecting,365.39,28107,488
2026-02-01,Paid Social,UK,retargeting,360.45,27727,510
2026-02-01,Paid Social,US,prospecting,476.52,36656,746
2026-02-01,Paid Social,US,retargeting,485.56,37350,694
2026-02-01,Referral,BR,affiliates,88.98,1977,102
2026-02-01,Referral,DE,affiliates,111.89,2486,127
2026-02-01,Referral,IN,affiliates,97.64,2170,116
2026-02-01,Referral,UK,affiliates,156.14,3470,165
2026-02-01,Referral,US,affiliates,178.31,3962,208
2026-02-01,SEO,BR,organic,23.39,3342,229
2026-02-01,SEO,DE,organic,27.42,3917,269
2026-02-01,SEO,IN,organic,21.51,3073,205
2026-02-01,SEO,UK,organic,41.31,5901,380
2026-02-01,SEO,US,organic,53.63,7662,586
2026-02-02,Display,BR,prospecting,86.51,17303,127
2026-02-02,Display,BR,retargeting,79.95,15990,130
2026-02-02,Display,DE,prospecting,105.68,21136,166
2026-02-02,Display,DE,retargeting,113.11,22623,185
2026-02-02,Display,IN,prospecting,80.33,16066,128
2026-02-02,Display,IN,retargeting,81.43,16286,133
2026-02-02,Display,UK,prospecting,144.76,28953,248
2026-02-02,Display,UK,retargeting,149.93,29986,242
2026-02-02,Display,US,prospecting,183.75,36750,306
2026-02-02,Display,US,retargeting,160.26,32053,253
2026-02-02,Email,BR,lifecycle,23.11,2568,234
2026-02-02,Email,BR,newsletter,21.47,2385,227
2026-02-02,Email,DE,lifecycle,28.76,3195,270
2026-02-02,Email,DE,newsletter,29.05,3228,286
2026-02-02,Email,IN,lifecycle,24.66,2740,236
2026-02-02,Email,IN,newsletter,23.64,2627,250
2026-02-02,Email,UK,lifecycle,35.78,3975,365
2026-02-02,Email,UK,newsletter,29.07,3231,315
2026-02-02,Email,US,lifecycle,45.42,5046,385
2026-02-02,Email,US,newsletter,58.05,6450,569
2026-02-02,Paid Search,BR,brand,257.04,3570,166
2026-02-02,Paid Search,BR,nonbrand,232.38,3227,151
2026-02-02,Paid Search,DE,brand,347.3,4824,226
2026-02-02,Paid Search,DE,nonbrand,385.83,5359,236
2026-02-02,Paid Search,IN,brand,262.26,3643,177
2026-02-02,Paid Search,IN,nonbrand,179.54,2494,116
2026-02-02,Paid Search,UK,brand,440.7,6121,256
2026-02-02,Paid Search,UK,nonbrand,434.7,6037,283
2026-02-02,Paid Search,US,brand,581.37,8075,381
2026-02-02,Paid Search,US,nonbrand,534.73,7427,347
2026-02-02,Paid Social,BR,prospecting,733.8,56446,1024
2026-02-02,Paid Social,BR,retargeting,683.57,52582,959
2026-02-02,Paid Social,DE,prospecting,260.57,20044,364
2026-02-02,Paid Social,DE,retargeting,275.88,21221,417
2026-02-02,Paid Social,IN,prospecting,171.38,13183,229
2026-02-02,Paid Social,IN,retargeting,192.76,14828,257
2026-02-02,Paid Social,UK,prospecting,377.72,29055,550
2026-02-02,Paid Social,UK,retargeting,289.18,22244,387
2026-02-02,Paid Social,US,prospecting,478.25,36788,642
2026-02-02,Paid Social,US,retargeting,437.66,33666,607
2026-02-02,Referral,BR,affiliates,79.74,1772,87
2026-02-02,Referral,DE,affiliates,111.48,2477,118
2026-02-02,Referral,IN,affiliates,84.57,1879,85
2026-02-02,Referral,UK,affiliates,161.42,3587,201
2026-02-02,Referral,US,affiliates,215.48,4788,255
2026-02-02,SEO,BR,organic,21.34,3048,215
2026-02-02,SEO,DE,organic,25.5,3643,230
2026-02-02,SEO,IN,organic,18.94,2706,194
2026-02-02,SEO,UK,organic,40.2,5744,410
2026-02-02,SEO,US,organic,37.19,5313,367
2026-02-03,Display,BR,prospecting,85.94,17188,138
2026-02-03,Display,BR,retargeting,91.35,18271,141
2026-02-03,Display,DE,prospecting,99.2,19840,160
2026-02-03,Display,DE,retargeting,110.93,22185,159
2026-02-03,Display,IN,prospecting,77.45,15489,135
2026-02-03,Display,IN,retargeting,92.4,18480,157
2026-02-03,Display,UK,prospecting,159.36,31871,276
2026-02-03,Display,UK,retargeting,146.98,29396,231
2026-02-03,Display,US,prospecting,214.18,42836,343
2026-02-03,Display,US,retargeting,198.94,39788,345
2026-02-03,Email,BR,lifecycle,29.82,3314,260
2026-02-03,Email,BR,newsletter,25.27,2808,260
2026-02-03,Email,DE,lifecycle,33.93,3770,345
2026-02-03,Email,DE,newsletter,30.82,3425,301
2026-02-03,Email,IN,lifecycle,24.94,2772,236
2026-02-03,Email,IN,newsletter,20.6,2289,212
2026-02-03,Email,UK,lifecycle,46.77,5197,456
2026-02-03,Email,UK,newsletter,38.93,4325,411
2026-02-03,Email,US,lifecycle,52.33,5814,501
2026-02-03,Email,US,newsletter,58.38,6487,597
2026-02-03,Paid Search,BR,brand,238.62,3314,147
2026-02-03,Paid Search,BR,nonbrand,217.76,3024,114
2026-02-03,Paid Search,DE,brand,325.15,4516,227
2026-02-03,Paid Search,DE,nonbrand,281.09,3904,173
2026-02-03,Paid Search,IN,brand,257.67,3579,167
2026-02-03,Paid Search,IN,nonbrand,210.74,2927,141
2026-02-03,Paid Search,UK,brand,482.03,6695,296
2026-02-03,Paid Search,UK,nonbrand,498.32,6921,293
2026-02-03,Paid Search,US,brand,363.55,5049,218
2026-02-03,Paid Search,US,nonbrand,582.97,8097,370
2026-02-03,Paid Social,BR,prospecting,688.6,52969,974
2026-02-03,Paid Social,BR,retargeting,603.7,46439,899
2026-02-03,Paid Social,DE,prospecting,266.07,20467,364
2026-02-03,Paid Social,DE,retargeting,301.18,23168,421
2026-02-03,Paid Social,IN,prospecting,175.94,13534,236
2026-02-03,Paid Social,IN,retargeting,180.86,13912,252
2026-02-03,Paid Social,UK,prospecting,338.99,26076,471
2026-02-03,Paid Social,UK,retargeting,356.83,27448,534
2026-02-03,Paid Social,US,prospecting,403.54,31042,542
2026-02-03,Paid Social,US,retargeting,471.2,36246,653
2026-02-03,Referral,BR,affiliates,81.21,1805,91
2026-02-03,Referral,DE,affiliates,86.4,1920,104
2026-02-03,Referral,IN,affiliates,64.92,1443,72
2026-02-03,Referral,UK,affiliates,165.89,3686,187
2026-02-03,Referral,US,affiliates,213.55,4746,240
2026-02-03,SEO,BR,organic,21.25,3036,212
2026-02-03,SEO,DE,organic,27.84,3977,248
2026-02-03,SEO,IN,organic,18.91,2702,169
2026-02-03,SEO,UK,organic,38.93,5561,386
2026-02-03,SEO,US,organic,42.64,6091,444
2026-02-04,Display,BR,prospecting,99.5,19899,175
2026-02-04,Display,BR,retargeting,90.46,18092,152
2026-02-04,Display,DE,prospecting,83.67,16733,137
2026-02-04,Display,DE,retargeting,111.77,22354,177
2026-02-04,Display,IN,prospecting,73.76,14752,112
2026-02-04,Display,IN,retargeting,72.85,14569,113
2026-02-04,Display,UK,prospecting,157.92,31583,259
2026-02-04,Display,UK,retargeting,109.97,21993,178
2026-02-04,Display,US,prospecting,151.22,30243,241
2026-02-04,Display,US,retargeting,188.99,37797,301
2026-02-04,Email,BR,lifecycle,25.73,2859,239
2026-02-04,Email,BR,newsletter,29.65,3295,291
2026-02-04,Email,DE,lifecycle,33.67,3741,380
2026-02-04,Email,DE,newsletter,31.46,3495,300
2026-02-04,Email,IN,lifecycle,26.36,2929,251
2026-02-04,Email,IN,newsletter,21.69,2410,216
2026-02-04,Email,UK,lifecycle,34.63,3848,316
2026-02-04,Email,UK,newsletter,44.02,4891,445
2026-02-04,Email,US,lifecycle,44.46,4940,437
2026-02-04,Email,US,newsletter,52.92,5880,498
2026-02-04,Paid Search,BR,brand,178.89,2485,111
2026-02-04,Paid Search,BR,nonbrand,243.06,3376,154
2026-02-04,Paid Search,DE,brand,285.36,3963,170
2026-02-04,Paid Search,DE,nonbrand,332.35,4616,226
2026-02-04,Paid Search,IN,brand,244.02,3389,142
2026-02-04,Paid Search,IN,nonbrand,189.22,2628,119
2026-02-04,Paid Search,UK,brand,409.07,5681,239
2026-02-04,Paid Search,UK,nonbrand,432.55,6008,293
2026-02-04,Paid Search,US,brand,588.52,8174,377
2026-02-04,Paid Search,US,nonbrand,642.38,8922,390
2026-02-04,Paid Social,BR,prospecting,648.9,49915,804
2026-02-04,Paid Social,BR,retargeting,724.34,55718,989
2026-02-04,Paid Social,DE,prospecting,197.62,15202,263
2026-02-04,Paid Social,DE,retargeting,287.31,22100,425
2026-02-04,Paid Social,IN,prospecting,169.04,13003,226
2026-02-04,Paid Social,IN,retargeting,218.63,16818,290
2026-02-04,Paid Social,UK,prospecting,365.43,28110,552
2026-02-04,Paid Social,UK,retargeting,349.66,26897,501
2026-02-04,Paid Social,US,prospecting,542.54,41734,735
2026-02-04,Paid Social,US,retargeting,530.99,40846,728
2026-02-04,Referral,BR,affiliates,95.2,2116,105
2026-02-04,Referral,DE,affiliates,118.15,2626,123
2026-02-04,Referral,IN,affiliates,86.88,1931,100
2026-02-04,Referral,UK,affiliates,146.95,3266,157
2026-02-04,Referral,US,affiliates,240.63,5347,254
2026-02-04,SEO,BR,organic,21.14,3020,225
2026-02-04,SEO,DE,organic,26.26,3752,284
2026-02-04,SEO,IN,organic,20.76,2965,203
2026-02-04,SEO,UK,organic,32.96,4709,330
2026-02-04,SEO,US,organic,51.08,7298,530
2026-02-05,Display,BR,prospecting,87.36,17471,146
2026-02-05,Display,BR,retargeting,89.08,17817,142
2026-02-05,Display,DE,prospecting,105.59,21117,176
2026-02-05,Display,DE,retargeting,114.11,22823,174
2026-02-05,Display,IN,prospecting,90.74,18149,145
2026-02-05,Display,IN,retargeting,58.28,11655,92
2026-02-05,Display,UK,prospecting,129.97,25994,180
2026-02-05,Display,UK,retargeting,139.16,27833,222
2026-02-05,Display,US,prospecting,152.88,30577,241
2026-02-05,Display,US,retargeting,153.96,30791,227
2026-02-05,Email,BR,lifecycle,26.42,2935,263
2026-02-05,Email,BR,newsletter,19.72,2191,177
2026-02-05,Email,DE,lifecycle,36.27,4030,369
2026-02-05,Email,DE,newsletter,31.4,3488,296
2026-02-05,Email,IN,lifecycle,19.52,2169,215
2026-02-05,Email,IN,newsletter,26.37,2930,254
2026-02-05,Email,UK,lifecycle,33.87,3763,345
2026-02-05,Email,UK,newsletter,36.49,4054,322
2026-02-05,Email,US,lifecycle,52.36,5818,550
2026-02-05,Email,US,newsletter,52.16,5795,497
2026-02-05,Paid Search,BR,brand,234.81,3261,143
2026-02-05,Paid Search,BR,nonbrand,284.1,3946,177
2026-02-05,Paid Search,DE,brand,303.12,4210,174
2026-02-05,Paid Search,DE,nonbrand,334.71,4649,217
2026-02-05,Paid Search,IN,brand,284.47,3951,180
2026-02-05,Paid Search,IN,nonbrand,212.84,2956,147
2026-02-05,Paid Search,UK,brand,383.31,5324,250
2026-02-05,Paid Search,UK,nonbrand,446.49,6201,300
2026-02-05,Paid Search,US,brand,317.42,4409,205
2026-02-05,Paid Search,US,nonbrand,692.71,9621,416
2026-02-05,Paid Social,BR,prospecting,682.41,52493,881
2026-02-05,Paid Social,BR,retargeting,689.98,53075,954
2026-02-05,Paid Social,DE,prospecting,242.67,18667,327
2026-02-05,Paid Social,DE,retargeting,238.5,18346,343
2026-02-05,Paid Social,IN,prospecting,181.09,13930,244
2026-02-05,Paid Social,IN,retargeting,234.86,18066,324
2026-02-05,Paid Social,UK,prospecting,285.67,21975,368
2026-02-05,Paid Social,UK,retargeting,335.66,25820,440
2026-02-05,Paid Social,US,prospecting,481.05,37004,670
2026-02-05,Paid Social,US,retargeting,425.12,32702,558
2026-02-05,Referral,BR,affiliates,74.97,1666,90
2026-02-05,Referral,DE,affiliates,126.03,2801,144
2026-02-05,Referral,IN,affiliates,84.08,1869,92
2026-02-05,Referral,UK,affiliates,142.32,3163,158
2026-02-05,Referral,US,affiliates,240.78,5351,251
2026-02-05,SEO,BR,organic,23.68,3382,245
2026-02-05,SEO,DE,organic,27.86,3980,303
2026-02-05,SEO,IN,organic,16.89,2413,174
2026-02-05,SEO,UK,organic,40.64,5806,383
2026-02-05,SEO,US,organic,52.6,7515,577
2026-02-06,Display,BR,prospecting,80.88,16176,115
2026-02-06,Display,BR,retargeting,83.7,16739,145
2026-02-06,Display,DE,prospecting,103.21,20641,159
2026-02-06,Display,DE,retargeting,97.94,19588,162
2026-02-06,Display,IN,prospecting,83.48,16697,128
2026-02-06,Display,IN,retargeting,75.08,15016,130
2026-02-06,Display,UK,prospecting,114.91,22981,177
2026-02-06,Display,UK,retargeting,123.84,24768,183
2026-02-06,Display,US,prospecting,174.64,34928,243
2026-02-06,Display,US,retargeting,194.63,38927,297
2026-02-06,Email,BR,lifecycle,21.84,2426,212
2026-02-06,Email,BR,newsletter,26.4,2933,272
2026-02-06,Email,DE,lifecycle,31.79,3532,303
2026-02-06,Email,DE,newsletter,38.04,4227,412
2026-02-06,Email,IN,lifecycle,22.44,2494,229
2026-02-06,Email,IN,newsletter,28.52,3169,284
2026-02-06,Email,UK,lifecycle,34.45,3827,362
2026-02-06,Email,UK,newsletter,44.55,4950,427
2026-02-06,Email,US,lifecycle,57.15,6350,648
2026-02-06,Email,US,newsletter,56.26,6251,489
2026-02-06,Paid Search,BR,brand,224.59,3119,163
2026-02-06,Paid Search,BR,nonbrand,236.08,3279,161
2026-02-06,Paid Search,DE,brand,258.09,3585,152
2026-02-06,Paid Search,DE,nonbrand,329.42,4575,233
2026-02-06,Paid Search,IN,brand,225.59,3133,155
2026-02-06,Paid Search,IN,nonbrand,251.46,3492,165
2026-02-06,Paid Search,UK,brand,408.43,5673,286
2026-02-06,Paid Search,UK,nonbrand,420.58,5841,272
2026-02-06,Paid Search,US,brand,449.41,6242,312
2026-02-06,Paid Search,US,nonbrand,617.09,8571,389
2026-02-06,Paid Social,BR,prospecting,569.38,43799,670
2026-02-06,Paid Social,BR,retargeting,903.74,69518,1174
2026-02-06,Paid Social,DE,prospecting,276.83,21295,380
2026-02-06,Paid Social,DE,retargeting,281.2,21631,415
2026-02-06,Paid Social,IN,prospecting,206.67,15898,264
2026-02-06,Paid Social,IN,retargeting,225.83,17372,347
2026-02-06,Paid Social,UK,prospecting,239.02,18386,302
2026-02-06,Paid Social,UK,retargeting,395.58,30430,610
2026-02-06,Paid Social,US,prospecting,434.23,33402,589
2026-02-06,Paid Social,US,retargeting,533.9,41069,754
2026-02-06,Referral,BR,affiliates,91.2,2027,106
2026-02-06,Referral,DE,affiliates,106.69,2371,115
2026-02-06,Referral,IN,affiliates,75.92,1687,86
2026-02-06,Referral,UK,affiliates,131.74,2928,139
2026-02-06,Referral,US,affiliates,205.23,4561,221
2026-02-06,SEO,BR,organic,20.0,2858,199
2026-02-06,SEO,DE,organic,29.85,4265,288
2026-02-06,SEO,IN,organic,18.37,2624,168
2026-02-06,SEO,UK,organic,39.93,5704,403
2026-02-06,SEO,US,organic,40.81,5830,397
2026-02-07,Display,BR,prospecting,96.74,19348,163
2026-02-07,Display,BR,retargeting,86.61,17323,135
2026-02-07,Display,DE,prospecting,113.39,22678,164
2026-02-07,Display,DE,retargeting,136.75,27350,215
2026-02-07,Display,IN,prospecting,86.42,17284,150
2026-02-07,Display,IN,retargeting,86.39,17278,127
2026-02-07,Display,UK,prospecting,127.66,25532,220
2026-02-07,Display,UK,retargeting,174.96,34991,286
2026-02-07,Display,US,prospecting,204.04,40808,341
2026-02-07,Display,US,retargeting,189.05,37810,334
2026-02-07,Email,BR,lifecycle,29.72,3302,300
2026-02-07,Email,BR,newsletter,31.26,3473,289
2026-02-07,Email,DE,lifecycle,22.0,2444,218
2026-02-07,Email,DE,newsletter,36.83,4092,349
2026-02-07,Email,IN,lifecycle,32.31,3589,363
2026-02-07,Email,IN,newsletter,28.21,3135,310
2026-02-07,Email,UK,lifecycle,46.13,5125,491
2026-02-07,Email,UK,newsletter,47.85,5317,463
2026-02-07,Email,US,lifecycle,67.06,7451,661
2026-02-07,Email,US,newsletter,60.01,6668,586
2026-02-07,Paid Search,BR,brand,324.53,4507,210
2026-02-07,Paid Search,BR,nonbrand,244.42,3395,162
2026-02-07,Paid Search,DE,brand,299.18,4155,194
2026-02-07,Paid Search,DE,nonbrand,357.49,4965,227
2026-02-07,Paid Search,IN,brand,341.2,4739,211
2026-02-07,Paid Search,IN,nonbrand,238.91,3318,151
2026-02-07,Paid Search,UK,brand,468.11,6502,272
2026-02-07,Paid Search,UK,nonbrand,398.85,5540,252
2026-02-07,Paid Search,US,brand,647.38,8991,400
2026-02-07,Paid Search,US,nonbrand,617.34,8574,376
2026-02-07,Paid Social,BR,prospecting,851.42,65494,1301
2026-02-07,Paid Social,BR,retargeting,615.13,47318,947
2026-02-07,Paid Social,DE,prospecting,290.92,22379,384
2026-02-07,Paid Social,DE,retargeting,348.01,26770,464
2026-02-07,Paid Social,IN,prospecting,251.4,19338,343
2026-02-07,Paid Social,IN,retargeting,154.66,11897,213
2026-02-07,Paid Social,UK,prospecting,396.24,30480,528
2026-02-07,Paid Social,UK,retargeting,353.27,27175,492
2026-02-07,Paid Social,US,prospecting,501.49,38577,689
2026-02-07,Paid Social,US,retargeting,517.98,39845,705
2026-02-07,Referral,BR,affiliates,87.34,1941,95
2026-02-07,Referral,DE,affiliates,100.64,2236,119
2026-02-07,Referral,IN,affiliates,111.09,2469,126
2026-02-07,Referral,UK,affiliates,170.01,3778,176
2026-02-07,Referral,US,affiliates,245.16,5448,305
2026-02-07,SEO,BR,organic,29.67,4239,291
2026-02-07,SEO,DE,organic,24.74,3535,244
2026-02-07,SEO,IN,organic,19.54,2791,200
2026-02-07,SEO,UK,organic,39.86,5695,365
2026-02-07,SEO,US,organic,54.79,7828,551
2026-02-08,Display,BR,prospecting,102.35,20471,182
2026-02-08,Display,BR,retargeting,79.63,15925,115
2026-02-08,Display,DE,prospecting,109.36,21871,188
2026-02-08,Display,DE,retargeting,112.6,22521,179
2026-02-08,Display,IN,prospecting,90.65,18129,159
2026-02-08,Display,IN,retargeting,85.72,17144,134
2026-02-08,Display,UK,prospecting,146.47,29295,257
2026-02-08,Display,UK,retargeting,172.81,34561,288
2026-02-08,Display,US,prospecting,193.19,38638,314
2026-02-08,Display,US,retargeting,168.06,33613,294
2026-02-08,Email,BR,lifecycle,32.77,3642,330
2026-02-08,Email,BR,newsletter,27.3,3034,279
2026-02-08,Email,DE,lifecycle,32.47,3607,302
2026-02-08,Email,DE,newsletter,42.9,4766,422
2026-02-08,Email,IN,lifecycle,24.2,2689,245
2026-02-08,Email,IN,newsletter,30.79,3421,313
2026-02-08,Email,UK,lifecycle,49.65,5516,512
2026-02-08,Email,UK,newsletter,40.07,4453,383
2026-02-08,Email,US,lifecycle,45.96,5107,472
2026-02-08,Email,US,newsletter,76.87,8541,818
2026-02-08,Paid Search,BR,brand,217.93,3027,132
2026-02-08,Paid Search,BR,nonbrand,279.01,3875,163
2026-02-08,Paid Search,DE,brand,320.28,4448,206
2026-02-08,Paid Search,DE,nonbrand,354.85,4929,217
2026-02-08,Paid Search,IN,brand,244.22,3392,157
2026-02-08,Paid Search,IN,nonbrand,261.79,3636,166
2026-02-08,Paid Search,UK,brand,466.17,6475,277
2026-02-08,Paid Search,UK,nonbrand,429.65,5967,272
2026-02-08,Paid Search,US,brand,651.59,9050,416
2026-02-08,Paid Search,US,nonbrand,612.27,8504,357
2026-02-08,Paid Social,BR,prospecting,661.02,50848,999
2026-02-08,Paid Social,BR,retargeting,791.09,60853,1105
2026-02-08,Paid Social,DE,prospecting,211.56,16274,293
2026-02-08,Paid Social,DE,retargeting,254.93,19610,349
2026-02-08,Paid Social,IN,prospecting,165.91,12762,225
2026-02-08,Paid Social,IN,retargeting,198.26,15250,257
2026-02-08,Paid Social,UK,prospecting,400.1,30777,508
2026-02-08,Paid Social,UK,retargeting,395.34,30411,511
2026-02-08,Paid Social,US,prospecting,481.08,37006,525
2026-02-08,Paid Social,US,retargeting,656.92,50532,860
2026-02-08,Referral,BR,affiliates,82.74,1839,90
2026-02-08,Referral,DE,affiliates,142.37,3164,167
2026-02-08,Referral,IN,affiliates,95.79,2129,113
2026-02-08,Referral,UK,affiliates,173.2,3849,187
2026-02-08,Referral,US,affiliates,225.99,5022,247
2026-02-08,SEO,BR,organic,26.0,3715,259
2026-02-08,SEO,DE,organic,27.66,3952,247
2026-02-08,SEO,IN,organic,21.64,3091,223
2026-02-08,SEO,UK,organic,40.86,5838,406
2026-02-08,SEO,US,organic,60.19,8599,551
2026-02-09,Display,BR,prospecting,92.72,18545,173
2026-02-09,Display,BR,retargeting,73.32,14664,119
2026-02-09,Display,DE,prospecting,93.05,18611,152
2026-02-09,Display,DE,retargeting,102.95,20590,157
2026-02-09,Display,IN,prospecting,71.19,14238,113
2026-02-09,Display,IN,retargeting,76.3,15260,130
2026-02-09,Display,UK,prospecting,166.21,33243,288
2026-02-09,Display,UK,retargeting,125.27,25055,194
2026-02-09,Display,US,prospecting,205.62,41123,345
2026-02-09,Display,US,retargeting,182.83,36565,303
2026-02-09,Email,BR,lifecycle,28.11,3123,291
2026-02-09,Email,BR,newsletter,22.62,2513,227
2026-02-09,Email,DE,lifecycle,37.79,4199,378
2026-02-09,Email,DE,newsletter,30.14,3349,301
2026-02-09,Email,IN,lifecycle,21.75,2417,225
2026-02-09,Email,IN,newsletter,21.4,2377,213
2026-02-09,Email,UK,lifecycle,49.0,5444,514
2026-02-09,Email,UK,newsletter,42.36,4706,428
2026-02-09,Email,US,lifecycle,61.05,6783,711
2026-02-09,Email,US,newsletter,54.63,6070,541
2026-02-09,Paid Search,BR,brand,210.5,2924,135
2026-02-09,Paid Search,BR,nonbrand,269.76,3747,181
2026-02-09,Paid Search,DE,brand,365.05,5070,230
2026-02-09,Paid Search,DE,nonbrand,382.58,5314,230
2026-02-09,Paid Search,IN,brand,240.46,3340,155
2026-02-09,Paid Search,IN,nonbrand,213.06,2959,134
2026-02-09,Paid Search,UK,brand,369.0,5125,234
2026-02-09,Paid Search,UK,nonbrand,362.51,5035,226
2026-02-09,Paid Search,US,brand,492.79,6844,281
2026-02-09,Paid Search,US,nonbrand,610.98,8486,374
2026-02-09,Paid Social,BR,prospecting,702.31,54024,995
2026-02-09,Paid Social,BR,retargeting,736.21,56631,1085
2026-02-09,Paid Social,DE,prospecting,271.72,20901,370
2026-02-09,Paid Social,DE,retargeting,332.53,25579,455
2026-02-09,Paid Social,IN,prospecting,164.38,12645,217
2026-02-09,Paid Social,IN,retargeting,194.52,14963,247
2026-02-09,Paid Social,UK,prospecting,373.67,28744,474
2026-02-09,Paid Social,UK,retargeting,388.31,29870,511
2026-02-09,Paid Social,US,prospecting,552.35,42488,767
2026-02-09,Paid Social,US,retargeting,495.49,38115,728
2026-02-09,Referral,BR,affiliates,78.64,1748,92
2026-02-09,Referral,DE,affiliates,116.1,2580,129
2026-02-09,Referral,IN,affiliates,92.33,2052,106
2026-02-09,Referral,UK,affiliates,143.47,3188,156
2026-02-09,Referral,US,affiliates,193.18,4293,217
2026-02-09,SEO,BR,organic,20.44,2921,204
2026-02-09,SEO,DE,organic,28.17,4024,295
2026-02-09,SEO,IN,organic,18.83,2690,181
2026-02-09,SEO,UK,organic,41.29,5899,433
2026-02-09,SEO,US,organic,57.0,8143,574
2026-02-10,Display,BR,prospecting,92.49,18499,152
2026-02-10,Display,BR,retargeting,88.69,17739,140
2026-02-10,Display,DE,prospecting,87.85,17571,133
2026-02-10,Display,DE,retargeting,123.65,24730,218
2026-02-10,Display,IN,prospecting,98.42,19685,169
2026-02-10,Display,IN,retargeting,91.99,18397,145
2026-02-10,Display,UK,prospecting,129.51,25902,204
2026-02-10,Display,UK,retargeting,141.13,28226,251
2026-02-10,Display,US,prospecting,216.62,43323,344
2026-02-10,Display,US,retargeting,221.08,44216,321
2026-02-10,Email,BR,lifecycle,21.52,2391,191
2026-02-10,Email,BR,newsletter,24.74,2749,227
2026-02-10,Email,DE,lifecycle,30.69,3409,319
2026-02-10,Email,DE,newsletter,34.93,3882,364
2026-02-10,Email,IN,lifecycle,23.36,2595,221
2026-02-10,Email,IN,newsletter,18.98,2108,196
2026-02-10,Email,UK,lifecycle,48.77,5419,517
2026-02-10,Email,UK,newsletter,46.79,5199,474
2026-02-10,Email,US,lifecycle,50.77,5641,508
2026-02-10,Email,US,newsletter,59.47,6608,591
2026-02-10,Paid Search,BR,brand,289.47,4020,170
2026-02-10,Paid Search,BR,nonbrand,305.8,4247,188
2026-02-10,Paid Search,DE,brand,294.8,4094,172
2026-02-10,Paid Search,DE,nonbrand,361.55,5022,201
2026-02-10,Paid Search,IN,brand,222.98,3097,131
2026-02-10,Paid Search,IN,nonbrand,235.99,3278,136
2026-02-10,Paid Search,UK,brand,430.37,5977,295
2026-02-10,Paid Search,UK,nonbrand,360.41,5006,234
2026-02-10,Paid Search,US,brand,525.64,7301,352
2026-02-10,Paid Search,US,nonbrand,566.77,7872,361
2026-02-10,Paid Social,BR,prospecting,780.05,60004,1089
2026-02-10,Paid Social,BR,retargeting,634.26,48789,880
2026-02-10,Paid Social,DE,prospecting,277.79,21369,371
2026-02-10,Paid Social,DE,retargeting,278.41,21416,398
2026-02-10,Paid Social,IN,prospecting,176.6,13585,247
2026-02-10,Paid Social,IN,retargeting,205.98,15844,287
2026-02-10,Paid Social,UK,prospecting,332.44,25572,477
2026-02-10,Paid Social,UK,retargeting,291.64,22434,440
2026-02-10,Paid Social,US,prospecting,467.34,35949,648
2026-02-10,Paid Social,US,retargeting,473.39,36415,659
2026-02-10,Referral,BR,affiliates,90.57,2013,109
2026-02-10,Referral,DE,affiliates,123.19,2738,150
2026-02-10,Referral,IN,affiliates,93.01,2067,106
2026-02-10,Referral,UK,affiliates,146.13,3247,155
2026-02-10,Referral,US,affiliates,197.54,4390,239
2026-02-10,SEO,BR,organic,24.47,3496,282
2026-02-10,SEO,DE,organic,33.71,4816,337
2026-02-10,SEO,IN,organic,19.06,2723,181
2026-02-10,SEO,UK,organic,34.44,4920,337
2026-02-10,SEO,US,organic,48.56,6937,519
2026-02-11,Display,BR,prospecting,70.1,14019,103
2026-02-11,Display,BR,retargeting,84.9,16980,121
2026-02-11,Display,DE,prospecting,97.97,19594,159
2026-02-11,Display,DE,retargeting,98.74,19748,146
2026-02-11,Display,IN,prospecting,68.11,13623,120
2026-02-11,Display,IN,retargeting,79.62,15924,125
2026-02-11,Display,UK,prospecting,132.24,26448,195
2026-02-11,Display,UK,retargeting,146.68,29336,253
2026-02-11,Display,US,prospecting,198.72,39743,331
2026-02-11,Display,US,retargeting,220.16,44032,359
2026-02-11,Email,BR,lifecycle,24.21,2690,226
2026-02-11,Email,BR,newsletter,23.06,2562,234
2026-02-11,Email,DE,lifecycle,24.67,2741,236
2026-02-11,Email,DE,newsletter,30.57,3397,290
2026-02-11,Email,IN,lifecycle,25.0,2777,247
2026-02-11,Email,IN,newsletter,23.35,2595,234
2026-02-11,Email,UK,lifecycle,47.15,5239,474
2026-02-11,Email,UK,newsletter,38.24,4248,344
2026-02-11,Email,US,lifecycle,49.27,5474,507
2026-02-11,Email,US,newsletter,60.91,6768,619
2026-02-11,Paid Search,BR,brand,298.12,4141,203
2026-02-11,Paid Search,BR,nonbrand,267.26,3712,158
2026-02-11,Paid Search,DE,brand,345.1,4793,226
2026-02-11,Paid Search,DE,nonbrand,279.7,3885,172
2026-02-11,Paid Search,IN,brand,245.51,3410,158
2026-02-11,Paid Search,IN,nonbrand,289.19,4016,180
2026-02-11,Paid Search,UK,brand,439.0,6097,254
2026-02-11,Paid Search,UK,nonbrand,447.9,6221,280
2026-02-11,Paid Search,US,brand,671.73,9330,401
2026-02-11,Paid Search,US,nonbrand,589.98,8194,365
2026-02-11,Paid Social,BR,prospecting,799.58,61506,1004
2026-02-11,Paid Social,BR,retargeting,734.71,56516,1022
2026-02-11,Paid Social,DE,prospecting,308.2,23708,467
2026-02-11,Paid Social,DE,retargeting,253.18,19475,367
2026-02-11,Paid Social,IN,prospecting,213.84,16449,300
2026-02-11,Paid Social,IN,retargeting,155.25,11942,205
2026-02-11,Paid Social,UK,prospecting,419.74,32288,581
2026-02-11,Paid Social,UK,retargeting,324.1,24931,498
2026-02-11,Paid Social,US,prospecting,489.67,37667,720
2026-02-11,Paid Social,US,retargeting,513.86,39528,702
2026-02-11,Referral,BR,affiliates,99.51,2211,113
2026-02-11,Referral,DE,affiliates,95.88,2131,105
2026-02-11,Referral,IN,affiliates,79.35,1763,93
2026-02-11,Referral,UK,affiliates,147.97,3288,177
2026-02-11,Referral,US,affiliates,220.83,4907,249
2026-02-11,SEO,BR,organic,25.51,3644,233
2026-02-11,SEO,DE,organic,31.38,4482,285
2026-02-11,SEO,IN,organic,21.23,3033,203
2026-02-11,SEO,UK,organic,42.94,6134,441
2026-02-11,SEO,US,organic,53.97,7711,547
2026-02-12,Display,BR,prospecting,60.12,12024,99
2026-02-12,Display,BR,retargeting,81.5,16300,122
2026-02-12,Display,DE,prospecting,118.27,23655,201
2026-02-12,Display,DE,retargeting,111.34,22268,174
2026-02-12,Display,IN,prospecting,79.69,15939,127
2026-02-12,Display,IN,retargeting,77.64,15528,122
2026-02-12,Display,UK,prospecting,132.37,26475,211
2026-02-12,Display,UK,retargeting,158.41,31682,266
2026-02-12,Display,US,prospecting,205.97,41194,302
2026-02-12,Display,US,retargeting,214.92,42984,352
2026-02-12,Email,BR,lifecycle,26.07,2896,259
2026-02-12,Email,BR,newsletter,25.95,2883,262
2026-02-12,Email,DE,lifecycle,33.9,3767,273
2026-02-12,Email,DE,newsletter,30.0,3333,318
2026-02-12,Email,IN,lifecycle,25.04,2782,249
2026-02-12,Email,IN,newsletter,25.87,2874,262
2026-02-12,Email,UK,lifecycle,38.61,4290,337
2026-02-12,Email,UK,newsletter,41.83,4648,438
2026-02-12,Email,US,lifecycle,58.37,6485,540
2026-02-12,Email,US,newsletter,67.63,7514,636
2026-02-12,Paid Search,BR,brand,234.32,3254,141
2026-02-12,Paid Search,BR,nonbrand,277.21,3850,175
2026-02-12,Paid Search,DE,brand,300.88,4179,174
2026-02-12,Paid Search,DE,nonbrand,352.37,4894,235
2026-02-12,Paid Search,IN,brand,259.53,3605,149
2026-02-12,Paid Search,IN,nonbrand,226.02,3139,143
2026-02-12,Paid Search,UK,brand,558.43,7756,354
2026-02-12,Paid Search,UK,nonbrand,371.07,5154,220
2026-02-12,Paid Search,US,brand,545.35,7574,329
2026-02-12,Paid Search,US,nonbrand,505.48,7021,289
2026-02-12,Paid Social,BR,prospecting,573.82,44140,784
2026-02-12,Paid Social,BR,retargeting,796.42,61263,1003
2026-02-12,Paid Social,DE,prospecting,246.97,18998,350
2026-02-12,Paid Social,DE,retargeting,239.31,18409,334
2026-02-12,Paid Social,IN,prospecting,191.73,14749,257
2026-02-12,Paid Social,IN,retargeting,155.44,11957,218
2026-02-12,Paid Social,UK,prospecting,337.67,25975,454
2026-02-12,Paid Social,UK,retargeting,359.7,27670,528
2026-02-12,Paid Social,US,prospecting,515.7,39669,770
2026-02-12,Paid Social,US,retargeting,462.96,35612,693
2026-02-12,Referral,BR,affiliates,84.07,1868,97
2026-02-12,Referral,DE,affiliates,96.29,2140,113
2026-02-12,Referral,IN,affiliates,90.24,2005,92
2026-02-12,Referral,UK,affiliates,166.97,3710,177
2026-02-12,Referral,US,affiliates,306.84,6819,326
2026-02-12,SEO,BR,organic,23.89,3412,226
2026-02-12,SEO,DE,organic,28.58,4083,289
2026-02-12,SEO,IN,organic,19.85,2835,194
2026-02-12,SEO,UK,organic,40.71,5815,359
2026-02-12,SEO,US,organic,58.09,8298,661
2026-02-13,Display,BR,prospecting,99.27,19854,174
2026-02-13,Display,BR,retargeting,92.96,18592,142
2026-02-13,Display,DE,prospecting,110.63,22125,195
2026-02-13,Display,DE,retargeting,98.28,19656,158
2026-02-13,Display,IN,prospecting,76.21,15241,123
2026-02-13,Display,IN,retargeting,71.55,14311,115
2026-02-13,Display,UK,prospecting,134.33,26867,215
2026-02-13,Display,UK,retargeting,114.64,22927,193
2026-02-13,Display,US,prospecting,200.03,40007,298
2026-02-13,Display,US,retargeting,199.97,39993,320
2026-02-13,Email,BR,lifecycle,24.04,2671,231
2026-02-13,Email,BR,newsletter,24.97,2774,253
2026-02-13,Email,DE,lifecycle,34.32,3813,349
2026-02-13,Email,DE,newsletter,40.6,4511,392
2026-02-13,Email,IN,lifecycle,21.93,2437,227
2026-02-13,Email,IN,newsletter,18.41,2045,181
2026-02-13,Email,UK,lifecycle,38.7,4301,414
2026-02-13,Email,UK,newsletter,48.99,5443,490
2026-02-13,Email,US,lifecycle,62.49,6943,698
2026-02-13,Email,US,newsletter,52.46,5828,525
2026-02-13,Paid Search,BR,brand,238.69,3315,154
2026-02-13,Paid Search,BR,nonbrand,280.57,3897,173
2026-02-13,Paid Search,DE,brand,332.45,4617,222
2026-02-13,Paid Search,DE,nonbrand,357.42,4964,231
2026-02-13,Paid Search,IN,brand,233.52,3243,140
2026-02-13,Paid Search,IN,nonbrand,247.68,3440,151
2026-02-13,Paid Search,UK,brand,527.41,7325,366
2026-02-13,Paid Search,UK,nonbrand,446.97,6208,262
2026-02-13,Paid Search,US,brand,737.54,10244,460
2026-02-13,Paid Search,US,nonbrand,671.58,9327,445
2026-02-13,Paid Social,BR,prospecting,723.72,55671,1110
2026-02-13,Paid Social,BR,retargeting,740.26,56943,893
2026-02-13,Paid Social,DE,prospecting,196.66,15127,266
2026-02-13,Paid Social,DE,retargeting,261.83,20141,382
2026-02-13,Paid Social,IN,prospecting,180.15,13858,247
2026-02-13,Paid Social,IN,retargeting,228.24,17557,285
2026-02-13,Paid Social,UK,prospecting,376.84,28988,510
2026-02-13,Paid Social,UK,retargeting,385.85,29680,577
2026-02-13,Paid Social,US,prospecting,441.22,33940,604
2026-02-13,Paid Social,US,retargeting,379.94,29226,468
2026-02-13,Referral,BR,affiliates,68.96,1532,83
2026-02-13,Referral,DE,affiliates,120.5,2678,128
2026-02-13,Referral,IN,affiliates,87.37,1942,93
2026-02-13,Referral,UK,affiliates,127.81,2840,134
2026-02-13,Referral,US,affiliates,235.56,5235,273
2026-02-13,SEO,BR,organic,20.19,2884,189
2026-02-13,SEO,DE,organic,30.08,4298,276
2026-02-13,SEO,IN,organic,21.06,3008,207
2026-02-13,SEO,UK,organic,38.27,5468,335
2026-02-13,SEO,US,organic,56.94,8134,587
2026-02-14,Display,BR,prospecting,98.24,19649,155
2026-02-14,Display,BR,retargeting,91.08,18216,159
2026-02-14,Display,DE,prospecting,115.69,23138,188
2026-02-14,Display,DE,retargeting,151.93,30385,239
2026-02-14,Display,IN,prospecting,82.22,16444,137
2026-02-14,Display,IN,retargeting,67.62,13524,115
2026-02-14,Display,UK,prospecting,155.34,31067,272
2026-02-14,Display,UK,retargeting,114.3,22860,183
2026-02-14,Display,US,prospecting,210.23,42045,286
2026-02-14,Display,US,retargeting,225.0,45000,348
2026-02-14,Email,BR,lifecycle,36.51,4057,358
2026-02-14,Email,BR,newsletter,26.27,2919,265
2026-02-14,Email,DE,lifecycle,31.94,3549,310
2026-02-14,Email,DE,newsletter,31.77,3530,315
2026-02-14,Email,IN,lifecycle,23.86,2651,238
2026-02-14,Email,IN,newsletter,22.81,2535,222
2026-02-14,Email,UK,lifecycle,51.08,5675,483
2026-02-14,Email,UK,newsletter,41.86,4651,428
2026-02-14,Email,US,lifecycle,62.24,6915,596
2026-02-14,Email,US,newsletter,73.12,8125,770
2026-02-14,Paid Search,BR,brand,300.69,4176,200
2026-02-14,Paid Search,BR,nonbrand,241.24,3351,165
2026-02-14,Paid Search,DE,brand,344.04,4778,252
2026-02-14,Paid Search,DE,nonbrand,363.21,5045,227
2026-02-14,Paid Search,IN,brand,311.37,4325,207
2026-02-14,Paid Search,IN,nonbrand,208.44,2895,133
2026-02-14,Paid Search,UK,brand,418.86,5818,236
2026-02-14,Paid Search,UK,nonbrand,393.74,5469,235
2026-02-14,Paid Search,US,brand,629.82,8747,357
2026-02-14,Paid Search,US,nonbrand,543.77,7552,284
2026-02-14,Paid Social,BR,prospecting,837.05,64389,1168
2026-02-14,Paid Social,BR,retargeting,925.08,71160,1377
2026-02-14,Paid Social,DE,prospecting,256.76,19751,359
2026-02-14,Paid Social,DE,retargeting,223.22,17171,299
2026-02-14,Paid Social,IN,prospecting,232.27,17867,363
2026-02-14,Paid Social,IN,retargeting,199.53,15348,288
2026-02-14,Paid Social,UK,prospecting,416.61,32047,556
2026-02-14,Paid Social,UK,retargeting,455.19,35014,676
2026-02-14,Paid Social,US,prospecting,537.17,41321,780
2026-02-14,Paid Social,US,retargeting,509.82,39217,760
2026-02-14,Referral,BR,affiliates,137.23,3050,151
2026-02-14,Referral,DE,affiliates,139.78,3106,159
2026-02-14,Referral,IN,affiliates,85.15,1892,87
2026-02-14,Referral,UK,affiliates,143.91,3198,149
2026-02-14,Referral,US,affiliates,230.61,5125,250
2026-02-14,SEO,BR,organic,31.57,4510,321
2026-02-14,SEO,DE,organic,30.73,4390,318
2026-02-14,SEO,IN,organic,19.76,2823,204
2026-02-14,SEO,UK,organic,49.1,7014,501
2026-02-14,SEO,US,organic,61.99,8855,600
2026-02-15,Display,BR,prospecting,93.44,18687,159
2026-02-15,Display,BR,retargeting,83.41,16683,139
2026-02-15,Display,DE,prospecting,102.49,20498,174
2026-02-15,Display,DE,retargeting,149.54,29908,228
2026-02-15,Display,IN,prospecting,81.19,16238,123
2026-02-15,Display,IN,retargeting,89.26,17853,151
2026-02-15,Display,UK,prospecting,132.15,26430,214
2026-02-15,Display,UK,retargeting,156.85,31369,268
2026-02-15,Display,US,prospecting,178.06,35612,283
2026-02-15,Display,US,retargeting,213.27,42654,334
2026-02-15,Email,BR,lifecycle,26.48,2942,267
2026-02-15,Email,BR,newsletter,29.68,3297,285
2026-02-15,Email,DE,lifecycle,34.09,3788,326
2026-02-15,Email,DE,newsletter,25.72,2858,283
2026-02-15,Email,IN,lifecycle,24.85,2761,254
2026-02-15,Email,IN,newsletter,23.24,2582,246
2026-02-15,Email,UK,lifecycle,54.83,6092,511
2026-02-15,Email,UK,newsletter,49.42,5491,516
2026-02-15,Email,US,lifecycle,54.94,6104,558
2026-02-15,Email,US,newsletter,62.11,6902,633
2026-02-15,Paid Search,BR,brand,202.56,2813,130
2026-02-15,Paid Search,BR,nonbrand,248.55,3452,159
2026-02-15,Paid Search,DE,brand,388.1,5390,248
2026-02-15,Paid Search,DE,nonbrand,398.99,5542,234
2026-02-15,Paid Search,IN,brand,265.01,3681,169
2026-02-15,Paid Search,IN,nonbrand,304.61,4231,191
2026-02-15,Paid Search,UK,brand,452.24,6281,261
2026-02-15,Paid Search,UK,nonbrand,485.05,6737,307
2026-02-15,Paid Search,US,brand,663.29,9212,420
2026-02-15,Paid Search,US,nonbrand,599.54,8327,365
2026-02-15,Paid Social,BR,prospecting,801.24,61634,1072
2026-02-15,Paid Social,BR,retargeting,588.19,45245,818
2026-02-15,Paid Social,DE,prospecting,254.21,19554,330
2026-02-15,Paid Social,DE,retargeting,278.16,21397,406
2026-02-15,Paid Social,IN,prospecting,239.32,18409,374
2026-02-15,Paid Social,IN,retargeting,176.36,13566,229
2026-02-15,Paid Social,UK,prospecting,470.83,36218,716
2026-02-15,Paid Social,UK,retargeting,380.22,29247,544
2026-02-15,Paid Social,US,prospecting,544.3,41869,704
2026-02-15,Paid Social,US,retargeting,510.74,39287,670
2026-02-15,Referral,BR,affiliates,113.33,2518,127
2026-02-15,Referral,DE,affiliates,107.98,2400,113
2026-02-15,Referral,IN,affiliates,78.17,1737,90
2026-02-15,Referral,UK,affiliates,144.84,3219,149
2026-02-15,Referral,US,affiliates,237.88,5286,269
2026-02-15,SEO,BR,organic,26.9,3843,273
2026-02-15,SEO,DE,organic,35.26,5038,330
2026-02-15,SEO,IN,organic,20.62,2946,200
2026-02-15,SEO,UK,organic,35.17,5024,374
2026-02-15,SEO,US,organic,56.97,8139,585
2026-02-16,Display,BR,prospecting,94.32,18864,143
2026-02-16,Display,BR,retargeting,84.28,16857,132
2026-02-16,Display,DE,prospecting,103.95,20790,154
2026-02-16,Display,DE,retargeting,107.4,21479,153
2026-02-16,Display,IN,prospecting,72.42,14484,117
2026-02-16,Display,IN,retargeting,82.16,16433,132
2026-02-16,Display,UK,prospecting,164.0,32799,263
2026-02-16,Display,UK,retargeting,101.03,20206,177
2026-02-16,Display,US,prospecting,171.74,34347,262
2026-02-16,Display,US,retargeting,169.93,33985,261
2026-02-16,Email,BR,lifecycle,25.98,2887,248
2026-02-16,Email,BR,newsletter,31.07,3452,322
2026-02-16,Email,DE,lifecycle,29.33,3259,280
2026-02-16,Email,DE,newsletter,29.88,3320,281
2026-02-16,Email,IN,lifecycle,21.85,2427,223
2026-02-16,Email,IN,newsletter,24.97,2774,220
2026-02-16,Email,UK,lifecycle,38.15,4239,356
2026-02-16,Email,UK,newsletter,37.9,4211,362
2026-02-16,Email,US,lifecycle,58.06,6451,589
2026-02-16,Email,US,newsletter,76.41,8490,809
2026-02-16,Paid Search,BR,brand,202.87,2818,128
2026-02-16,Paid Search,BR,nonbrand,227.23,3156,144
2026-02-16,Paid Search,DE,brand,305.55,4244,198
2026-02-16,Paid Search,DE,nonbrand,333.87,4637,212
2026-02-16,Paid Search,IN,brand,247.21,3433,152
2026-02-16,Paid Search,IN,nonbrand,225.73,3135,148
2026-02-16,Paid Search,UK,brand,358.89,4985,219
2026-02-16,Paid Search,UK,nonbrand,409.81,5692,256
2026-02-16,Paid Search,US,brand,701.74,9746,464
2026-02-16,Paid Search,US,nonbrand,594.59,8258,358
2026-02-16,Paid Social,BR,prospecting,859.44,66111,1064
2026-02-16,Paid Social,BR,retargeting,665.28,51175,933
2026-02-16,Paid Social,DE,prospecting,296.14,22780,399
2026-02-16,Paid Social,DE,retargeting,263.5,20269,387
2026-02-16,Paid Social,IN,prospecting,199.08,15314,258
2026-02-16,Paid Social,IN,retargeting,173.11,13316,240
2026-02-16,Paid Social,UK,prospecting,348.98,26845,462
2026-02-16,Paid Social,UK,retargeting,349.01,26847,493
2026-02-16,Paid Social,US,prospecting,398.42,30648,577
2026-02-16,Paid Social,US,retargeting,396.18,30475,556
2026-02-16,Referral,BR,affiliates,103.26,2295,118
2026-02-16,Referral,DE,affiliates,114.67,2548,128
2026-02-16,Referral,IN,affiliates,85.38,1897,97
2026-02-16,Referral,UK,affiliates,152.03,3378,179
2026-02-16,Referral,US,affiliates,220.87,4908,253
2026-02-16,SEO,BR,organic,19.74,2820,191
2026-02-16,SEO,DE,organic,30.53,4362,312
2026-02-16,SEO,IN,organic,26.5,3785,290
2026-02-16,SEO,UK,organic,36.56,5223,360
2026-02-16,SEO,US,organic,51.65,7378,471
2026-02-17,Display,BR,prospecting,107.61,21523,176
2026-02-17,Display,BR,retargeting,96.01,19201,158
2026-02-17,Display,DE,prospecting,118.91,23783,190
2026-02-17,Display,DE,retargeting,116.06,23213,178
2026-02-17,Display,IN,prospecting,91.54,18308,165
2026-02-17,Display,IN,retargeting,69.93,13986,119
2026-02-17,Display,UK,prospecting,143.13,28627,230
2026-02-17,Display,UK,retargeting,148.44,29688,249
2026-02-17,Display,US,prospecting,164.77,32954,249
2026-02-17,Display,US,retargeting,175.28,35056,261
2026-02-17,Email,BR,lifecycle,24.33,2703,246
2026-02-17,Email,BR,newsletter,27.25,3028,261
2026-02-17,Email,DE,lifecycle,34.83,3870,357
2026-02-17,Email,DE,newsletter,24.88,2764,260
2026-02-17,Email,IN,lifecycle,20.47,2275,201
2026-02-17,Email,IN,newsletter,24.69,2743,254
2026-02-17,Email,UK,lifecycle,50.49,5609,580
2026-02-17,Email,UK,newsletter,42.86,4762,461
2026-02-17,Email,US,lifecycle,53.86,5985,541
2026-02-17,Email,US,newsletter,61.56,6840,662
2026-02-17,Paid Search,BR,brand,253.37,3519,158
2026-02-17,Paid Search,BR,nonbrand,220.28,3060,145
2026-02-17,Paid Search,DE,brand,265.9,3693,161
2026-02-17,Paid Search,DE,nonbrand,335.63,4662,223
2026-02-17,Paid Search,IN,brand,214.13,2974,137
2026-02-17,Paid Search,IN,nonbrand,270.65,3759,176
2026-02-17,Paid Search,UK,brand,406.02,5639,246
2026-02-17,Paid Search,UK,nonbrand,510.76,7094,323
2026-02-17,Paid Search,US,brand,599.22,8323,381
2026-02-17,Paid Search,US,nonbrand,730.9,10151,461
2026-02-17,Paid Social,BR,prospecting,669.63,51510,1004
2026-02-17,Paid Social,BR,retargeting,874.39,67261,1120
2026-02-17,Paid Social,DE,prospecting,184.08,14160,250
2026-02-17,Paid Social,DE,retargeting,237.91,18301,343
2026-02-17,Paid Social,IN,prospecting,180.67,13898,236
2026-02-17,Paid Social,IN,retargeting,209.68,16129,284
2026-02-17,Paid Social,UK,prospecting,335.62,25817,428
2026-02-17,Paid Social,UK,retargeting,326.03,25079,466
2026-02-17,Paid Social,US,prospecting,506.53,38964,677
2026-02-17,Paid Social,US,retargeting,487.31,37486,651
2026-02-17,Referral,BR,affiliates,111.44,2476,121
2026-02-17,Referral,DE,affiliates,94.34,2096,104
2026-02-17,Referral,IN,affiliates,91.48,2033,110
2026-02-17,Referral,UK,affiliates,161.26,3583,182
2026-02-17,Referral,US,affiliates,207.49,4611,224
2026-02-17,SEO,BR,organic,23.89,3413,252
2026-02-17,SEO,DE,organic,33.6,4801,323
2026-02-17,SEO,IN,organic,19.58,2797,214
2026-02-17,SEO,UK,organic,35.66,5095,403
2026-02-17,SEO,US,organic,54.15,7736,516
2026-02-18,Display,BR,prospecting,102.62,20523,140
2026-02-18,Display,BR,retargeting,76.96,15392,108
2026-02-18,Display,DE,prospecting,116.31,23262,182
2026-02-18,Display,DE,retargeting,109.74,21947,165
2026-02-18,Display,IN,prospecting,68.8,13759,107
2026-02-18,Display,IN,retargeting,79.99,15999,131
2026-02-18,Display,UK,prospecting,189.72,37945,311
2026-02-18,Display,UK,retargeting,156.62,31323,242
2026-02-18,Display,US,prospecting,193.88,38777,316
2026-02-18,Display,US,retargeting,183.02,36604,317
2026-02-18,Email,BR,lifecycle,27.05,3006,279
2026-02-18,Email,BR,newsletter,30.56,3396,286
2026-02-18,Email,DE,lifecycle,33.12,3680,323
2026-02-18,Email,DE,newsletter,29.14,3238,309
2026-02-18,Email,IN,lifecycle,29.36,3262,286
2026-02-18,Email,IN,newsletter,21.88,2431,213
2026-02-18,Email,UK,lifecycle,33.76,3751,347
2026-02-18,Email,UK,newsletter,46.22,5135,458
2026-02-18,Email,US,lifecycle,63.51,7057,619
2026-02-18,Email,US,newsletter,50.49,5610,525
2026-02-18,Paid Search,BR,brand,312.16,4335,194
2026-02-18,Paid Search,BR,nonbrand,288.33,4005,192
2026-02-18,Paid Search,DE,brand,274.44,3812,153
2026-02-18,Paid Search,DE,nonbrand,333.79,4636,214
2026-02-18,Paid Search,IN,brand,253.39,3519,158
2026-02-18,Paid Search,IN,nonbrand,237.7,3301,150
2026-02-18,Paid Search,UK,brand,455.28,6323,298
2026-02-18,Paid Search,UK,nonbrand,455.71,6329,293
2026-02-18,Paid Search,US,brand,520.97,7236,295
2026-02-18,Paid Search,US,nonbrand,562.17,7808,363
2026-02-18,Paid Social,BR,prospecting,562.37,43260,775
2026-02-18,Paid Social,BR,retargeting,827.36,63643,1084
2026-02-18,Paid Social,DE,prospecting,259.42,19955,332
2026-02-18,Paid Social,DE,retargeting,298.77,22983,417
2026-02-18,Paid Social,IN,prospecting,207.58,15968,269
2026-02-18,Paid Social,IN,retargeting,181.21,13939,277
2026-02-18,Paid Social,UK,prospecting,299.84,23065,435
2026-02-18,Paid Social,UK,retargeting,380.03,29233,549
2026-02-18,Paid Social,US,prospecting,490.8,37753,631
2026-02-18,Paid Social,US,retargeting,371.09,28545,485
2026-02-18,Referral,BR,affiliates,94.62,2103,116
2026-02-18,Referral,DE,affiliates,107.13,2381,125
2026-02-18,Referral,IN,affiliates,85.95,1910,98
2026-02-18,Referral,UK,affiliates,135.97,3021,157
2026-02-18,Referral,US,affiliates,229.68,5104,258
2026-02-18,SEO,BR,organic,22.78,3254,233
2026-02-18,SEO,DE,organic,24.49,3498,210
2026-02-18,SEO,IN,organic,16.03,2289,163
2026-02-18,SEO,UK,organic,40.67,5810,371
2026-02-18,SEO,US,organic,47.82,6831,443
2026-02-19,Display,BR,prospecting,98.24,19648,148
2026-02-19,Display,BR,retargeting,90.28,18057,140
2026-02-19,Display,DE,prospecting,103.79,20757,169
2026-02-19,Display,DE,retargeting,105.48,21097,186
2026-02-19,Display,IN,prospecting,90.26,18052,152
2026-02-19,Display,IN,retargeting,79.34,15868,133
2026-02-19,Display,UK,prospecting,126.11,25223,209
2026-02-19,Display,UK,retargeting,168.56,33712,269
2026-02-19,Display,US,prospecting,203.69,40737,318
2026-02-19,Display,US,retargeting,231.49,46297,390
2026-02-19,Email,BR,lifecycle,30.8,3423,309
2026-02-19,Email,BR,newsletter,31.43,3492,327
2026-02-19,Email,DE,lifecycle,28.41,3156,300
2026-02-19,Email,DE,newsletter,29.62,3292,302
2026-02-19,Email,IN,lifecycle,23.04,2560,221
2026-02-19,Email,IN,newsletter,24.74,2749,219
2026-02-19,Email,UK,lifecycle,46.1,5122,432
2026-02-19,Email,UK,newsletter,31.33,3481,342
2026-02-19,Email,US,lifecycle,67.12,7458,681
2026-02-19,Email,US,newsletter,58.04,6449,556
2026-02-19,Paid Search,BR,brand,250.4,3478,151
2026-02-19,Paid Search,BR,nonbrand,273.41,3797,179
2026-02-19,Paid Search,DE,brand,309.19,4294,186
2026-02-19,Paid Search,DE,nonbrand,250.28,3476,158
2026-02-19,Paid Search,IN,brand,238.3,3310,149
2026-02-19,Paid Search,IN,nonbrand,259.97,3611,149
2026-02-19,Paid Search,UK,brand,504.08,7001,320
2026-02-19,Paid Search,UK,nonbrand,505.66,7023,304
2026-02-19,Paid Search,US,brand,586.66,8148,364
2026-02-19,Paid Search,US,nonbrand,546.97,7597,365
2026-02-19,Paid Social,BR,prospecting,821.41,63185,1017
2026-02-19,Paid Social,BR,retargeting,797.17,61321,1174
2026-02-19,Paid Social,DE,prospecting,322.31,24793,457
2026-02-19,Paid Social,DE,retargeting,268.0,20615,387
2026-02-19,Paid Social,IN,prospecting,196.18,15091,289
2026-02-19,Paid Social,IN,retargeting,207.68,15976,291
2026-02-19,Paid Social,UK,prospecting,435.33,33487,595
2026-02-19,Paid Social,UK,retargeting,353.88,27222,468
2026-02-19,Paid Social,US,prospecting,503.13,38702,689
2026-02-19,Paid Social,US,retargeting,474.74,36518,709
2026-02-19,Referral,BR,affiliates,92.42,2054,100
2026-02-19,Referral,DE,affiliates,113.81,2529,121
2026-02-19,Referral,IN,affiliates,84.23,1872,90
2026-02-19,Referral,UK,affiliates,173.65,3859,205
2026-02-19,Referral,US,affiliates,207.43,4610,253
2026-02-19,SEO,BR,organic,23.5,3358,248
2026-02-19,SEO,DE,organic,26.52,3788,281
2026-02-19,SEO,IN,organic,22.41,3202,219
2026-02-19,SEO,UK,organic,44.7,6385,429
2026-02-19,SEO,US,organic,59.9,8556,600
2026-02-20,Display,BR,prospecting,79.01,15801,126
2026-02-20,Display,BR,retargeting,87.82,17565,144
2026-02-20,Display,DE,prospecting,75.88,15177,133
2026-02-20,Display,DE,retargeting,112.1,22421,204
2026-02-20,Display,IN,prospecting,87.35,17470,144
2026-02-20,Display,IN,retargeting,74.97,14994,113
2026-02-20,Display,UK,prospecting,175.47,35094,269
2026-02-20,Display,UK,retargeting,136.35,27269,226
2026-02-20,Display,US,prospecting,164.33,32867,240
2026-02-20,Display,US,retargeting,224.63,44926,353
2026-02-20,Email,BR,lifecycle,26.89,2988,281
2026-02-20,Email,BR,newsletter,24.66,2740,260
2026-02-20,Email,DE,lifecycle,33.12,3680,350
2026-02-20,Email,DE,newsletter,33.3,3699,331
2026-02-20,Email,IN,lifecycle,23.29,2588,248
2026-02-20,Email,IN,newsletter,20.97,2330,197
2026-02-20,Email,UK,lifecycle,43.66,4851,419
2026-02-20,Email,UK,newsletter,41.37,4597,392
2026-02-20,Email,US,lifecycle,66.92,7436,740
2026-02-20,Email,US,newsletter,69.25,7694,678
2026-02-20,Paid Search,BR,brand,268.45,3728,163
2026-02-20,Paid Search,BR,nonbrand,267.77,3719,182
2026-02-20,Paid Search,DE,brand,281.85,3915,165
2026-02-20,Paid Search,DE,nonbrand,328.35,4560,195
2026-02-20,Paid Search,IN,brand,225.39,3130,146
2026-02-20,Paid Search,IN,nonbrand,262.71,3649,182
2026-02-20,Paid Search,UK,brand,403.39,5603,225
2026-02-20,Paid Search,UK,nonbrand,401.98,5583,273
2026-02-20,Paid Search,US,brand,594.24,8253,388
2026-02-20,Paid Search,US,nonbrand,557.34,7741,333
2026-02-20,Paid Social,BR,prospecting,703.07,54083,920
2026-02-20,Paid Social,BR,retargeting,862.72,66363,1319
2026-02-20,Paid Social,DE,prospecting,276.53,21271,371
2026-02-20,Paid Social,DE,retargeting,255.21,19632,334
2026-02-20,Paid Social,IN,prospecting,196.75,15135,266
2026-02-20,Paid Social,IN,retargeting,178.82,13755,276
2026-02-20,Paid Social,UK,prospecting,387.02,29770,601
2026-02-20,Paid Social,UK,retargeting,356.27,27406,515
2026-02-20,Paid Social,US,prospecting,499.45,38419,750
2026-02-20,Paid Social,US,retargeting,511.86,39374,788
2026-02-20,Referral,BR,affiliates,109.65,2437,122
2026-02-20,Referral,DE,affiliates,124.8,2773,164
2026-02-20,Referral,IN,affiliates,86.73,1927,97
2026-02-20,Referral,UK,affiliates,184.77,4106,201
2026-02-20,Referral,US,affiliates,186.43,4143,199
2026-02-20,SEO,BR,organic,20.2,2886,217
2026-02-20,SEO,DE,organic,30.44,4349,324
2026-02-20,SEO,IN,organic,19.78,2825,191
2026-02-20,SEO,UK,organic,34.66,4951,350
2026-02-20,SEO,US,organic,43.31,6187,431
2026-02-21,Display,BR,prospecting,87.15,17430,136
2026-02-21,Display,BR,retargeting,87.11,17421,141
2026-02-21,Display,DE,prospecting,110.12,22024,179
2026-02-21,Display,DE,retargeting,119.24,23848,190
2026-02-21,Display,IN,prospecting,83.85,16771,133
2026-02-21,Display,IN,retargeting,79.5,15901,140
2026-02-21,Display,UK,prospecting,186.44,37287,279
2026-02-21,Display,UK,retargeting,162.85,32570,274
2026-02-21,Display,US,prospecting,217.56,43511,401
2026-02-21,Display,US,retargeting,187.73,37546,307
2026-02-21,Email,BR,lifecycle,28.0,3111,244
2026-02-21,Email,BR,newsletter,29.71,3301,308
2026-02-21,Email,DE,lifecycle,32.78,3643,323
2026-02-21,Email,DE,newsletter,27.11,3012,306
2026-02-21,Email,IN,lifecycle,25.35,2817,249
2026-02-21,Email,IN,newsletter,25.01,2779,250
2026-02-21,Email,UK,lifecycle,46.75,5195,468
2026-02-21,Email,UK,newsletter,50.4,5600,547
2026-02-21,Email,US,lifecycle,64.55,7172,734
2026-02-21,Email,US,newsletter,65.34,7260,729
2026-02-21,Paid Search,BR,brand,326.7,4537,222
2026-02-21,Paid Search,BR,nonbrand,198.1,2751,128
2026-02-21,Paid Search,DE,brand,377.16,5238,215
2026-02-21,Paid Search,DE,nonbrand,330.64,4592,217
2026-02-21,Paid Search,IN,brand,239.04,3320,143
2026-02-21,Paid Search,IN,nonbrand,249.3,3462,154
2026-02-21,Paid Search,UK,brand,441.66,6134,285
2026-02-21,Paid Search,UK,nonbrand,482.51,6702,297
2026-02-21,Paid Search,US,brand,541.07,7515,300
2026-02-21,Paid Search,US,nonbrand,775.84,10776,502
2026-02-21,Paid Social,BR,prospecting,642.85,49450,822
2026-02-21,Paid Social,BR,retargeting,627.4,48261,836
2026-02-21,Paid Social,DE,prospecting,331.77,25521,450
2026-02-21,Paid Social,DE,retargeting,287.86,22143,403
2026-02-21,Paid Social,IN,prospecting,206.17,15859,290
2026-02-21,Paid Social,IN,retargeting,173.69,13361,249
2026-02-21,Paid Social,UK,prospecting,421.12,32394,565
2026-02-21,Paid Social,UK,retargeting,394.9,30377,595
2026-02-21,Paid Social,US,prospecting,555.97,42767,778
2026-02-21,Paid Social,US,retargeting,545.47,41959,745
2026-02-21,Referral,BR,affiliates,118.8,2640,147
2026-02-21,Referral,DE,affiliates,95.51,2123,97
2026-02-21,Referral,IN,affiliates,90.5,2011,89
2026-02-21,Referral,UK,affiliates,178.87,3975,216
2026-02-21,Referral,US,affiliates,243.35,5408,292
2026-02-21,SEO,BR,organic,25.73,3676,224
2026-02-21,SEO,DE,organic,33.84,4835,328
2026-02-21,SEO,IN,organic,24.12,3445,246
2026-02-21,SEO,UK,organic,59.5,8500,612
2026-02-21,SEO,US,organic,54.03,7719,579
2026-02-22,Display,BR,prospecting,68.67,13735,101
2026-02-22,Display,BR,retargeting,92.84,18569,144
2026-02-22,Display,DE,prospecting,113.32,22664,171
2026-02-22,Display,DE,retargeting,98.34,19668,144
2026-02-22,Display,IN,prospecting,93.85,18770,152
2026-02-22,Display,IN,retargeting,92.5,18500,150
2026-02-22,Display,UK,prospecting,152.46,30492,264
2026-02-22,Display,UK,retargeting,172.92,34585,275
2026-02-22,Display,US,prospecting,193.78,38756,309
2026-02-22,Display,US,retargeting,217.91,43582,357
2026-02-22,Email,BR,lifecycle,25.15,2794,243
2026-02-22,Email,BR,newsletter,27.4,3044,271
2026-02-22,Email,DE,lifecycle,42.41,4713,411
2026-02-22,Email,DE,newsletter,41.27,4585,412
2026-02-22,Email,IN,lifecycle,26.21,2912,267
2026-02-22,Email,IN,newsletter,22.45,2494,226
2026-02-22,Email,UK,lifecycle,48.3,5366,499
2026-02-22,Email,UK,newsletter,49.42,5491,467
2026-02-22,Email,US,lifecycle,73.71,8190,729
2026-02-22,Email,US,newsletter,64.49,7166,657
2026-02-22,Paid Search,BR,brand,361.68,5023,225
2026-02-22,Paid Search,BR,nonbrand,359.9,4999,227
2026-02-22,Paid Search,DE,brand,340.7,4732,235
2026-02-22,Paid Search,DE,nonbrand,309.49,4298,157
2026-02-22,Paid Search,IN,brand,349.48,4854,219
2026-02-22,Paid Search,IN,nonbrand,299.31,4157,186
2026-02-22,Paid Search,UK,brand,357.18,4961,215
2026-02-22,Paid Search,UK,nonbrand,424.51,5896,258
2026-02-22,Paid Search,US,brand,629.62,8745,368
2026-02-22,Paid Search,US,nonbrand,430.35,5977,272
2026-02-22,Paid Social,BR,prospecting,802.41,61724,1102
2026-02-22,Paid Social,BR,retargeting,896.06,68928,1291
2026-02-22,Paid Social,DE,prospecting,241.48,18575,323
2026-02-22,Paid Social,DE,retargeting,313.54,24118,442
2026-02-22,Paid Social,IN,prospecting,245.01,18847,380
2026-02-22,Paid Social,IN,retargeting,258.22,19863,388
2026-02-22,Paid Social,UK,prospecting,550.93,42379,802
2026-02-22,Paid Social,UK,retargeting,427.51,32885,585
2026-02-22,Paid Social,US,prospecting,628.17,48321,948
2026-02-22,Paid Social,US,retargeting,514.6,39585,727
2026-02-22,Referral,BR,affiliates,110.22,2449,109
2026-02-22,Referral,DE,affiliates,148.64,3303,167
2026-02-22,Referral,IN,affiliates,111.59,2480,121
2026-02-22,Referral,UK,affiliates,194.13,4314,208
2026-02-22,Referral,US,affiliates,248.01,5511,266
2026-02-22,SEO,BR,organic,23.1,3300,241
2026-02-22,SEO,DE,organic,41.32,5902,420
2026-02-22,SEO,IN,organic,23.27,3324,240
2026-02-22,SEO,UK,organic,39.37,5624,380
2026-02-22,SEO,US,organic,57.49,8213,571
2026-02-23,Display,BR,prospecting,96.25,19251,149
2026-02-23,Display,BR,retargeting,72.58,14516,116
2026-02-23,Display,DE,prospecting,99.64,19929,147
2026-02-23,Display,DE,retargeting,115.34,23069,193
2026-02-23,Display,IN,prospecting,80.44,16089,142
2026-02-23,Display,IN,retargeting,79.78,15955,107
2026-02-23,Display,UK,prospecting,142.02,28404,205
2026-02-23,Display,UK,retargeting,128.05,25611,198
2026-02-23,Display,US,prospecting,175.44,35089,262
2026-02-23,Display,US,retargeting,191.54,38309,350
2026-02-23,Email,BR,lifecycle,30.73,3414,324
2026-02-23,Email,BR,newsletter,22.06,2451,195
2026-02-23,Email,DE,lifecycle,37.14,4127,374
2026-02-23,Email,DE,newsletter,25.99,2888,263
2026-02-23,Email,IN,lifecycle,25.88,2876,256
2026-02-23,Email,IN,newsletter,24.16,2684,252
2026-02-23,Email,UK,lifecycle,40.14,4460,408
2026-02-23,Email,UK,newsletter,41.92,4658,483
2026-02-23,Email,US,lifecycle,52.98,5887,516
2026-02-23,Email,US,newsletter,65.59,7288,663
2026-02-23,Paid Search,BR,brand,249.78,3469,149
2026-02-23,Paid Search,BR,nonbrand,239.56,3327,161
2026-02-23,Paid Search,DE,brand,431.03,5987,274
2026-02-23,Paid Search,DE,nonbrand,393.17,5461,251
2026-02-23,Paid Search,IN,brand,238.22,3309,146
2026-02-23,Paid Search,IN,nonbrand,223.59,3105,137
2026-02-23,Paid Search,UK,brand,438.53,6091,295
2026-02-23,Paid Search,UK,nonbrand,425.06,5904,273
2026-02-23,Paid Search,US,brand,550.03,7639,362
2026-02-23,Paid Search,US,nonbrand,531.15,7377,298
2026-02-23,Paid Social,BR,prospecting,256.65,19743,360
2026-02-23,Paid Social,BR,retargeting,252.19,19400,353
2026-02-23,Paid Social,DE,prospecting,225.8,17369,368
2026-02-23,Paid Social,DE,retargeting,282.0,21692,359
2026-02-23,Paid Social,IN,prospecting,211.14,16242,292
2026-02-23,Paid Social,IN,retargeting,214.79,16522,294
2026-02-23,Paid Social,UK,prospecting,387.26,29789,571
2026-02-23,Paid Social,UK,retargeting,347.51,26731,472
2026-02-23,Paid Social,US,prospecting,431.95,33227,571
2026-02-23,Paid Social,US,retargeting,498.01,38308,692
2026-02-23,Referral,BR,affiliates,105.52,2345,119
2026-02-23,Referral,DE,affiliates,116.83,2596,132
2026-02-23,Referral,IN,affiliates,90.3,2007,86
2026-02-23,Referral,UK,affiliates,141.56,3146,147
2026-02-23,Referral,US,affiliates,210.93,4687,260
2026-02-23,SEO,BR,organic,22.85,3265,211
2026-02-23,SEO,DE,organic,23.35,3336,240
2026-02-23,SEO,IN,organic,23.31,3330,230
2026-02-23,SEO,UK,organic,41.48,5925,388
2026-02-23,SEO,US,organic,56.7,8100,533
2026-02-24,Display,BR,prospecting,101.75,20350,166
2026-02-24,Display,BR,retargeting,90.99,18197,149
2026-02-24,Display,DE,prospecting,106.69,21338,188
2026-02-24,Display,DE,retargeting,111.69,22337,168
2026-02-24,Display,IN,prospecting,71.44,14289,118
2026-02-24,Display,IN,retargeting,76.48,15297,135
2026-02-24,Display,UK,prospecting,133.13,26625,234
2026-02-24,Display,UK,retargeting,166.12,33223,291
2026-02-24,Display,US,prospecting,186.9,37380,287
2026-02-24,Display,US,retargeting,198.3,39660,334
2026-02-24,Email,BR,lifecycle,26.48,2942,251
2026-02-24,Email,BR,newsletter,28.09,3121,306
2026-02-24,Email,DE,lifecycle,33.18,3687,329
2026-02-24,Email,DE,newsletter,33.16,3685,325
2026-02-24,Email,IN,lifecycle,23.32,2591,248
2026-02-24,Email,IN,newsletter,22.32,2480,234
2026-02-24,Email,UK,lifecycle,47.31,5256,447
2026-02-24,Email,UK,newsletter,38.95,4328,367
2026-02-24,Email,US,lifecycle,73.59,8176,700
2026-02-24,Email,US,newsletter,58.11,6457,551
2026-02-24,Paid Search,BR,brand,268.87,3734,163
2026-02-24,Paid Search,BR,nonbrand,335.75,4663,209
2026-02-24,Paid Search,DE,brand,266.54,3702,170
2026-02-24,Paid Search,DE,nonbrand,357.14,4960,258
2026-02-24,Paid Search,IN,brand,203.78,2830,115
2026-02-24,Paid Search,IN,nonbrand,270.02,3750,164
2026-02-24,Paid Search,UK,brand,391.78,5441,236
2026-02-24,Paid Search,UK,nonbrand,434.9,6040,242
2026-02-24,Paid Search,US,brand,673.42,9353,428
2026-02-24,Paid Search,US,nonbrand,804.86,11179,560
2026-02-24,Paid Social,BR,prospecting,190.48,14652,256
2026-02-24,Paid Social,BR,retargeting,206.77,15905,284
2026-02-24,Paid Social,DE,prospecting,329.04,25311,437
2026-02-24,Paid Social,DE,retargeting,257.03,19772,366
2026-02-24,Paid Social,IN,prospecting,231.38,17798,334
2026-02-24,Paid Social,IN,retargeting,197.56,15197,279
2026-02-24,Paid Social,UK,prospecting,315.71,24285,423
2026-02-24,Paid Social,UK,retargeting,339.51,26117,484
2026-02-24,Paid Social,US,prospecting,484.41,37262,713
2026-02-24,Paid Social,US,retargeting,457.62,35202,699
2026-02-24,Referral,BR,affiliates,81.55,1812,87
2026-02-24,Referral,DE,affiliates,138.34,3074,159
2026-02-24,Referral,IN,affiliates,82.68,1837,94
2026-02-24,Referral,UK,affiliates,142.58,3168,162
2026-02-24,Referral,US,affiliates,223.55,4968,236
2026-02-24,SEO,BR,organic,25.06,3580,254
2026-02-24,SEO,DE,organic,29.82,4259,307
2026-02-24,SEO,IN,organic,21.69,3099,212
2026-02-24,SEO,UK,organic,39.93,5704,414
2026-02-24,SEO,US,organic,58.13,8305,636
2026-02-25,Display,BR,prospecting,103.04,20607,164
2026-02-25,Display,BR,retargeting,75.39,15079,121
2026-02-25,Display,DE,prospecting,123.74,24748,204
2026-02-25,Display,DE,retargeting,116.92,23384,181
2026-02-25,Display,IN,prospecting,71.83,14366,120
2026-02-25,Display,IN,retargeting,74.1,14820,119
2026-02-25,Display,UK,prospecting,133.86,26772,190
2026-02-25,Display,UK,retargeting,155.21,31043,232
2026-02-25,Display,US,prospecting,175.58,35117,278
2026-02-25,Display,US,retargeting,189.81,37962,319
2026-02-25,Email,BR,lifecycle,26.44,2938,249
2026-02-25,Email,BR,newsletter,23.63,2626,209
2026-02-25,Email,DE,lifecycle,34.14,3793,305
2026-02-25,Email,DE,newsletter,32.49,3611,328
2026-02-25,Email,IN,lifecycle,28.18,3132,248
2026-02-25,Email,IN,newsletter,26.85,2983,244
2026-02-25,Email,UK,lifecycle,45.41,5045,463
2026-02-25,Email,UK,newsletter,48.48,5387,516
2026-02-25,Email,US,lifecycle,53.36,5929,620
2026-02-25,Email,US,newsletter,59.32,6591,590
2026-02-25,Paid Search,BR,brand,329.62,4578,220
2026-02-25,Paid Search,BR,nonbrand,223.44,3103,140
2026-02-25,Paid Search,DE,brand,346.36,4811,212
2026-02-25,Paid Search,DE,nonbrand,336.89,4679,191
2026-02-25,Paid Search,IN,brand,227.16,3155,134
2026-02-25,Paid Search,IN,nonbrand,236.33,3282,161
2026-02-25,Paid Search,UK,brand,422.16,5863,254
2026-02-25,Paid Search,UK,nonbrand,411.53,5716,245
2026-02-25,Paid Search,US,brand,611.1,8488,391
2026-02-25,Paid Search,US,nonbrand,651.73,9052,372
2026-02-25,Paid Social,BR,prospecting,288.58,22199,418
2026-02-25,Paid Social,BR,retargeting,296.51,22809,456
2026-02-25,Paid Social,DE,prospecting,285.17,21936,346
2026-02-25,Paid Social,DE,retargeting,286.0,22000,366
2026-02-25,Paid Social,IN,prospecting,239.75,18442,342
2026-02-25,Paid Social,IN,retargeting,193.69,14899,288
2026-02-25,Paid Social,UK,prospecting,366.83,28218,485
2026-02-25,Paid Social,UK,retargeting,395.13,30394,526
2026-02-25,Paid Social,US,prospecting,547.72,42132,729
2026-02-25,Paid Social,US,retargeting,507.81,39062,614
2026-02-25,Referral,BR,affiliates,93.2,2071,104
2026-02-25,Referral,DE,affiliates,130.29,2895,140
2026-02-25,Referral,IN,affiliates,69.03,1534,75
2026-02-25,Referral,UK,affiliates,170.18,3782,191
2026-02-25,Referral,US,affiliates,241.33,5363,262
2026-02-25,SEO,BR,organic,22.67,3238,226
2026-02-25,SEO,DE,organic,29.77,4253,329
2026-02-25,SEO,IN,organic,21.44,3063,219
2026-02-25,SEO,UK,organic,40.29,5756,406
2026-02-25,SEO,US,organic,63.76,9109,525
2026-02-26,Display,BR,prospecting,97.85,19571,157
2026-02-26,Display,BR,retargeting,102.17,20433,172
2026-02-26,Display,DE,prospecting,112.64,22528,185
2026-02-26,Display,DE,retargeting,112.09,22419,173
2026-02-26,Display,IN,prospecting,89.5,17900,157
2026-02-26,Display,IN,retargeting,81.68,16336,128
2026-02-26,Display,UK,prospecting,150.85,30170,233
2026-02-26,Display,UK,retargeting,139.9,27980,211
2026-02-26,Display,US,prospecting,218.49,43698,346
2026-02-26,Display,US,retargeting,238.02,47603,382
2026-02-26,Email,BR,lifecycle,19.53,2170,194
2026-02-26,Email,BR,newsletter,28.73,3193,297
2026-02-26,Email,DE,lifecycle,38.07,4230,424
2026-02-26,Email,DE,newsletter,37.31,4145,395
2026-02-26,Email,IN,lifecycle,26.68,2964,272
2026-02-26,Email,IN,newsletter,24.81,2757,254
2026-02-26,Email,UK,lifecycle,50.34,5593,485
2026-02-26,Email,UK,newsletter,43.51,4834,426
2026-02-26,Email,US,lifecycle,46.21,5135,466
2026-02-26,Email,US,newsletter,54.17,6019,565
2026-02-26,Paid Search,BR,brand,221.95,3083,144
2026-02-26,Paid Search,BR,nonbrand,245.08,3404,169
2026-02-26,Paid Search,DE,brand,293.49,4076,182
2026-02-26,Paid Search,DE,nonbrand,316.43,4395,195
2026-02-26,Paid Search,IN,brand,247.38,3436,169
2026-02-26,Paid Search,IN,nonbrand,259.36,3602,176
2026-02-26,Paid Search,UK,brand,404.96,5624,261
2026-02-26,Paid Search,UK,nonbrand,386.57,5369,256
2026-02-26,Paid Search,US,brand,590.25,8198,410
2026-02-26,Paid Search,US,nonbrand,529.9,7360,340
2026-02-26,Paid Social,BR,prospecting,203.54,15657,283
2026-02-26,Paid Social,BR,retargeting,231.62,17817,312
2026-02-26,Paid Social,DE,prospecting,286.37,22029,358
2026-02-26,Paid Social,DE,retargeting,281.15,21627,379
2026-02-26,Paid Social,IN,prospecting,218.86,16835,292
2026-02-26,Paid Social,IN,retargeting,243.9,18761,356
2026-02-26,Paid Social,UK,prospecting,333.04,25618,482
2026-02-26,Paid Social,UK,retargeting,240.21,18478,306
2026-02-26,Paid Social,US,prospecting,538.54,41426,756
2026-02-26,Paid Social,US,retargeting,512.71,39439,726
2026-02-26,Referral,BR,affiliates,116.29,2584,120
2026-02-26,Referral,DE,affiliates,133.03,2956,150
2026-02-26,Referral,IN,affiliates,86.41,1920,95
2026-02-26,Referral,UK,affiliates,160.18,3559,180
2026-02-26,Referral,US,affiliates,215.89,4798,262
2026-02-26,SEO,BR,organic,23.3,3328,233
2026-02-26,SEO,DE,organic,31.03,4433,318
2026-02-26,SEO,IN,organic,25.17,3596,253
2026-02-26,SEO,UK,organic,36.4,5201,357
2026-02-26,SEO,US,organic,54.82,7831,549
2026-02-27,Display,BR,prospecting,89.2,17839,149
2026-02-27,Display,BR,retargeting,89.87,17975,147
2026-02-27,Display,DE,prospecting,127.09,25417,199
2026-02-27,Display,DE,retargeting,108.68,21737,169
2026-02-27,Display,IN,prospecting,89.34,17867,140
2026-02-27,Display,IN,retargeting,92.55,18509,143
2026-02-27,Display,UK,prospecting,151.84,30367,257
2026-02-27,Display,UK,retargeting,154.03,30806,227
2026-02-27,Display,US,prospecting,200.35,40070,346
2026-02-27,Display,US,retargeting,204.01,40802,318
2026-02-27,Email,BR,lifecycle,26.85,2983,268
2026-02-27,Email,BR,newsletter,22.17,2464,250
2026-02-27,Email,DE,lifecycle,33.37,3708,348
2026-02-27,Email,DE,newsletter,35.52,3946,349
2026-02-27,Email,IN,lifecycle,24.42,2713,226
2026-02-27,Email,IN,newsletter,24.31,2701,254
2026-02-27,Email,UK,lifecycle,54.11,6012,575
2026-02-27,Email,UK,newsletter,48.41,5379,505
2026-02-27,Email,US,lifecycle,71.39,7933,762
2026-02-27,Email,US,newsletter,74.07,8230,741
2026-02-27,Paid Search,BR,brand,306.25,4253,198
2026-02-27,Paid Search,BR,nonbrand,200.56,2786,138
2026-02-27,Paid Search,DE,brand,320.61,4453,212
2026-02-27,Paid Search,DE,nonbrand,352.9,4901,220
2026-02-27,Paid Search,IN,brand,266.31,3699,170
2026-02-27,Paid Search,IN,nonbrand,236.06,3279,151
2026-02-27,Paid Search,UK,brand,449.24,6239,294
2026-02-27,Paid Search,UK,nonbrand,377.31,5240,211
2026-02-27,Paid Search,US,brand,605.6,8411,389
2026-02-27,Paid Search,US,nonbrand,610.33,8477,390
2026-02-27,Paid Social,BR,prospecting,229.56,17659,338
2026-02-27,Paid Social,BR,retargeting,167.41,12878,249
2026-02-27,Paid Social,DE,prospecting,245.88,18914,356
2026-02-27,Paid Social,DE,retargeting,245.16,18858,340
2026-02-27,Paid Social,IN,prospecting,195.6,15046,288
2026-02-27,Paid Social,IN,retargeting,223.04,17157,319
2026-02-27,Paid Social,UK,prospecting,360.67,27743,517
2026-02-27,Paid Social,UK,retargeting,351.22,27017,520
2026-02-27,Paid Social,US,prospecting,539.36,41489,757
2026-02-27,Paid Social,US,retargeting,455.96,35074,604
2026-02-27,Referral,BR,affiliates,106.29,2362,115
2026-02-27,Referral,DE,affiliates,150.54,3345,162
2026-02-27,Referral,IN,affiliates,82.71,1838,87
2026-02-27,Referral,UK,affiliates,144.24,3205,170
2026-02-27,Referral,US,affiliates,206.4,4587,251
2026-02-27,SEO,BR,organic,26.62,3803,247
2026-02-27,SEO,DE,organic,36.59,5228,358
2026-02-27,SEO,IN,organic,16.3,2329,157
2026-02-27,SEO,UK,organic,45.56,6509,469
2026-02-27,SEO,US,organic,49.83,7118,505
2026-02-28,Display,BR,prospecting,91.87,18373,144
2026-02-28,Display,BR,retargeting,91.78,18355,151
2026-02-28,Display,DE,prospecting,100.88,20176,164
2026-02-28,Display,DE,retargeting,136.1,27221,213
2026-02-28,Display,IN,prospecting,92.95,18590,139
2026-02-28,Display,IN,retargeting,92.57,18513,152
2026-02-28,Display,UK,prospecting,132.65,26530,212
2026-02-28,Display,UK,retargeting,161.48,32297,244
2026-02-28,Display,US,prospecting,243.4,48680,388
2026-02-28,Display,US,retargeting,227.46,45492,394
2026-02-28,Email,BR,lifecycle,28.14,3127,272
2026-02-28,Email,BR,newsletter,30.17,3352,304
2026-02-28,Email,DE,lifecycle,40.31,4479,392
2026-02-28,Email,DE,newsletter,42.21,4691,369
2026-02-28,Email,IN,lifecycle,24.93,2770,255
2026-02-28,Email,IN,newsletter,32.85,3650,333
2026-02-28,Email,UK,lifecycle,50.02,5558,502
2026-02-28,Email,UK,newsletter,51.52,5724,514
2026-02-28,Email,US,lifecycle,60.85,6761,634
2026-02-28,Email,US,newsletter,56.75,6306,550
2026-02-28,Paid Search,BR,brand,259.49,3604,160
2026-02-28,Paid Search,BR,nonbrand,308.46,4284,193
2026-02-28,Paid Search,DE,brand,375.79,5219,234
2026-02-28,Paid Search,DE,nonbrand,413.48,5743,251
2026-02-28,Paid Search,IN,brand,289.02,4014,166
2026-02-28,Paid Search,IN,nonbrand,272.6,3786,169
2026-02-28,Paid Search,UK,brand,388.77,5400,250
2026-02-28,Paid Search,UK,nonbrand,354.36,4922,236
2026-02-28,Paid Search,US,brand,682.94,9485,444
2026-02-28,Paid Search,US,nonbrand,670.52,9313,426
2026-02-28,Paid Social,BR,prospecting,210.31,16177,285
2026-02-28,Paid Social,BR,retargeting,257.62,19817,365
2026-02-28,Paid Social,DE,prospecting,311.66,23974,466
2026-02-28,Paid Social,DE,retargeting,297.27,22867,394
2026-02-28,Paid Social,IN,prospecting,254.01,19539,334
2026-02-28,Paid Social,IN,retargeting,256.89,19761,349
2026-02-28,Paid Social,UK,prospecting,390.74,30057,495
2026-02-28,Paid Social,UK,retargeting,353.85,27219,477
2026-02-28,Paid Social,US,prospecting,737.43,56725,1062
2026-02-28,Paid Social,US,retargeting,572.08,44006,680
2026-02-28,Referral,BR,affiliates,86.67,1926,96
2026-02-28,Referral,DE,affiliates,119.06,2646,147
2026-02-28,Referral,IN,affiliates,89.25,1983,95
2026-02-28,Referral,UK,affiliates,205.14,4559,229
2026-02-28,Referral,US,affiliates,216.36,4808,252
2026-02-28,SEO,BR,organic,23.47,3354,249
2026-02-28,SEO,DE,organic,36.3,5186,372
2026-02-28,SEO,IN,organic,20.26,2894,204
2026-02-28,SEO,UK,organic,39.31,5615,390
2026-02-28,SEO,US,organic,58.09,8299,581
2026-03-01,Display,BR,prospecting,89.13,17827,154
2026-03-01,Display,BR,retargeting,112.71,22542,199
2026-03-01,Display,DE,prospecting,119.14,23828,179
2026-03-01,Display,DE,retargeting,131.58,26315,194
2026-03-01,Display,IN,prospecting,86.43,17285,153
2026-03-01,Display,IN,retargeting,88.11,17621,133
2026-03-01,Display,UK,prospecting,210.27,42053,310
2026-03-01,Display,UK,retargeting,180.32,36064,310
2026-03-01,Display,US,prospecting,210.75,42150,375
2026-03-01,Display,US,retargeting,228.59,45717,380
2026-03-01,Email,BR,lifecycle,23.18,2575,257
2026-03-01,Email,BR,newsletter,24.09,2676,245
2026-03-01,Email,DE,lifecycle,43.68,4853,387
2026-03-01,Email,DE,newsletter,35.49,3943,366
2026-03-01,Email,IN,lifecycle,30.75,3416,305
2026-03-01,Email,IN,newsletter,28.46,3162,293
2026-03-01,Email,UK,lifecycle,44.61,4956,426
2026-03-01,Email,UK,newsletter,46.81,5201,437
2026-03-01,Email,US,lifecycle,67.71,7524,767
2026-03-01,Email,US,newsletter,68.14,7571,670
2026-03-01,Paid Search,BR,brand,300.45,4173,194
2026-03-01,Paid Search,BR,nonbrand,257.57,3577,157
2026-03-01,Paid Search,DE,brand,267.47,3715,172
2026-03-01,Paid Search,DE,nonbrand,334.18,4641,222
2026-03-01,Paid Search,IN,brand,294.15,4085,167
2026-03-01,Paid Search,IN,nonbrand,236.98,3291,154
2026-03-01,Paid Search,UK,brand,407.58,5661,229
2026-03-01,Paid Search,UK,nonbrand,431.96,5999,294
2026-03-01,Paid Search,US,brand,717.22,9961,521
2026-03-01,Paid Search,US,nonbrand,735.59,10217,446
2026-03-01,Paid Social,BR,prospecting,248.56,19120,407
2026-03-01,Paid Social,BR,retargeting,225.96,17382,313
2026-03-01,Paid Social,DE,prospecting,266.65,20511,354
2026-03-01,Paid Social,DE,retargeting,330.66,25435,460
2026-03-01,Paid Social,IN,prospecting,239.39,18414,358
2026-03-01,Paid Social,IN,retargeting,210.84,16218,289
2026-03-01,Paid Social,UK,prospecting,383.18,29475,495
2026-03-01,Paid Social,UK,retargeting,471.74,36287,654
2026-03-01,Paid Social,US,prospecting,597.5,45962,840
2026-03-01,Paid Social,US,retargeting,573.95,44150,778
2026-03-01,Referral,BR,affiliates,98.8,2196,111
2026-03-01,Referral,DE,affiliates,134.05,2979,143
2026-03-01,Referral,IN,affiliates,107.68,2393,125
2026-03-01,Referral,UK,affiliates,182.18,4049,206
2026-03-01,Referral,US,affiliates,230.21,5116,239
2026-03-01,SEO,BR,organic,24.33,3476,224
2026-03-01,SEO,DE,organic,26.63,3804,259
2026-03-01,SEO,IN,organic,21.79,3113,210
2026-03-01,SEO,UK,organic,34.64,4948,343
2026-03-01,SEO,US,organic,57.08,8155,588
2026-03-02,Display,BR,prospecting,90.17,18033,136
2026-03-02,Display,BR,retargeting,80.58,16116,135
2026-03-02,Display,DE,prospecting,88.21,17643,144
2026-03-02,Display,DE,retargeting,134.22,26844,206
2026-03-02,Display,IN,prospecting,82.38,16476,133
2026-03-02,Display,IN,retargeting,87.43,17485,135
2026-03-02,Display,UK,prospecting,148.51,29702,244
2026-03-02,Display,UK,retargeting,146.65,29331,253
2026-03-02,Display,US,prospecting,196.86,39372,307
2026-03-02,Display,US,retargeting,181.41,36282,276
2026-03-02,Email,BR,lifecycle,30.87,3430,314
2026-03-02,Email,BR,newsletter,29.82,3314,305
2026-03-02,Email,DE,lifecycle,32.46,3606,321
2026-03-02,Email,DE,newsletter,32.57,3618,305
2026-03-02,Email,IN,lifecycle,24.8,2756,226
2026-03-02,Email,IN,newsletter,24.17,2686,214
2026-03-02,Email,UK,lifecycle,39.71,4412,413
2026-03-02,Email,UK,newsletter,51.9,5767,432
2026-03-02,Email,US,lifecycle,54.4,6045,536
2026-03-02,Email,US,newsletter,65.65,7295,703
2026-03-02,Paid Search,BR,brand,267.88,3721,161
2026-03-02,Paid Search,BR,nonbrand,240.38,3339,163
2026-03-02,Paid Search,DE,brand,354.69,4926,219
2026-03-02,Paid Search,DE,nonbrand,344.69,4787,222
2026-03-02,Paid Search,IN,brand,233.35,3241,145
2026-03-02,Paid Search,IN,nonbrand,260.43,3617,163
2026-03-02,Paid Search,UK,brand,577.35,8019,372
2026-03-02,Paid Search,UK,nonbrand,494.48,6868,302
2026-03-02,Paid Search,US,brand,546.33,7588,337
2026-03-02,Paid Search,US,nonbrand,757.84,10526,497
2026-03-02,Paid Social,BR,prospecting,226.24,17403,303
2026-03-02,Paid Social,BR,retargeting,262.07,20159,393
2026-03-02,Paid Social,DE,prospecting,328.34,25257,490
2026-03-02,Paid Social,DE,retargeting,307.14,23626,427
2026-03-02,Paid Social,IN,prospecting,276.61,21278,369
2026-03-02,Paid Social,IN,retargeting,212.05,16311,314
2026-03-02,Paid Social,UK,prospecting,319.14,24549,375
2026-03-02,Paid Social,UK,retargeting,362.93,27918,484
2026-03-02,Paid Social,US,prospecting,587.54,45196,777
2026-03-02,Paid Social,US,retargeting,507.02,39001,780
2026-03-02,Referral,BR,affiliates,116.24,2583,136
2026-03-02,Referral,DE,affiliates,108.05,2401,119
2026-03-02,Referral,IN,affiliates,90.79,2017,92
2026-03-02,Referral,UK,affiliates,177.28,3940,213
2026-03-02,Referral,US,affiliates,261.38,5809,292
2026-03-02,SEO,BR,organic,20.83,2976,218
2026-03-02,SEO,DE,organic,36.3,5186,340
2026-03-02,SEO,IN,organic,17.91,2559,171
2026-03-02,SEO,UK,organic,35.37,5053,350
2026-03-02,SEO,US,organic,58.63,8375,590
2026-03-03,Display,BR,prospecting,81.5,16301,145
2026-03-03,Display,BR,retargeting,84.05,16811,149
2026-03-03,Display,DE,prospecting,109.52,21903,163
2026-03-03,Display,DE,retargeting,122.28,24455,208
2026-03-03,Display,IN,prospecting,81.34,16268,137
2026-03-03,Display,IN,retargeting,98.5,19701,152
2026-03-03,Display,UK,prospecting,155.11,31022,249
2026-03-03,Display,UK,retargeting,158.09,31619,252
2026-03-03,Display,US,prospecting,254.47,50894,418
2026-03-03,Display,US,retargeting,210.47,42094,346
2026-03-03,Email,BR,lifecycle,25.92,2880,245
2026-03-03,Email,BR,newsletter,26.39,2933,267
2026-03-03,Email,DE,lifecycle,41.47,4607,400
2026-03-03,Email,DE,newsletter,36.34,4038,380
2026-03-03,Email,IN,lifecycle,21.61,2401,220
2026-03-03,Email,IN,newsletter,23.61,2624,222
2026-03-03,Email,UK,lifecycle,55.58,6175,569
2026-03-03,Email,UK,newsletter,42.88,4764,493
2026-03-03,Email,US,lifecycle,80.01,8890,747
2026-03-03,Email,US,newsletter,62.23,6914,647
2026-03-03,Paid Search,BR,brand,245.17,3405,151
2026-03-03,Paid Search,BR,nonbrand,231.39,3214,152
2026-03-03,Paid Search,DE,brand,425.34,5908,260
2026-03-03,Paid Search,DE,nonbrand,382.34,5310,241
2026-03-03,Paid Search,IN,brand,264.31,3671,181
2026-03-03,Paid Search,IN,nonbrand,255.28,3546,158
2026-03-03,Paid Search,UK,brand,390.37,5422,229
2026-03-03,Paid Search,UK,nonbrand,373.13,5182,237
2026-03-03,Paid Search,US,brand,545.39,7575,325
2026-03-03,Paid Search,US,nonbrand,652.35,9060,370
2026-03-03,Paid Social,BR,prospecting,189.59,14584,248
2026-03-03,Paid Social,BR,retargeting,246.03,18925,347
2026-03-03,Paid Social,DE,prospecting,383.02,29463,554
2026-03-03,Paid Social,DE,retargeting,280.6,21584,369
2026-03-03,Paid Social,IN,prospecting,219.49,16884,295
2026-03-03,Paid Social,IN,retargeting,221.82,17063,332
2026-03-03,Paid Social,UK,prospecting,458.27,35252,657
2026-03-03,Paid Social,UK,retargeting,358.86,27605,535
2026-03-03,Paid Social,US,prospecting,500.27,38482,729
2026-03-03,Paid Social,US,retargeting,670.31,51562,892
2026-03-03,Referral,BR,affiliates,103.88,2308,99
2026-03-03,Referral,DE,affiliates,121.61,2702,130
2026-03-03,Referral,IN,affiliates,72.06,1601,82
2026-03-03,Referral,UK,affiliates,150.88,3353,170
2026-03-03,Referral,US,affiliates,216.34,4808,240
2026-03-03,SEO,BR,organic,22.19,3170,203
2026-03-03,SEO,DE,organic,36.34,5192,390
2026-03-03,SEO,IN,organic,21.27,3039,213
2026-03-03,SEO,UK,organic,48.16,6880,458
2026-03-03,SEO,US,organic,48.31,6901,498
2026-03-04,Display,BR,prospecting,112.25,22449,192
2026-03-04,Display,BR,retargeting,72.36,14472,111
2026-03-04,Display,DE,prospecting,101.35,20269,159
2026-03-04,Display,DE,retargeting,113.14,22628,181
2026-03-04,Display,IN,prospecting,67.17,13434,103
2026-03-04,Display,IN,retargeting,89.99,17997,141
2026-03-04,Display,UK,prospecting,142.91,28581,226
2026-03-04,Display,UK,retargeting,143.0,28601,236
2026-03-04,Display,US,prospecting,167.97,33594,285
2026-03-04,Display,US,retargeting,235.19,47038,395
2026-03-04,Email,BR,lifecycle,34.14,3793,312
2026-03-04,Email,BR,newsletter,26.18,2909,299
2026-03-04,Email,DE,lifecycle,40.42,4491,403
2026-03-04,Email,DE,newsletter,39.06,4340,391
2026-03-04,Email,IN,lifecycle,28.62,3180,290
2026-03-04,Email,IN,newsletter,21.88,2431,237
2026-03-04,Email,UK,lifecycle,55.09,6121,535
2026-03-04,Email,UK,newsletter,52.98,5886,532
2026-03-04,Email,US,lifecycle,76.26,8473,848
2026-03-04,Email,US,newsletter,53.16,5907,549
2026-03-04,Paid Search,BR,brand,245.32,3407,162
2026-03-04,Paid Search,BR,nonbrand,304.08,4223,194
2026-03-04,Paid Search,DE,brand,328.75,4566,188
2026-03-04,Paid Search,DE,nonbrand,266.9,3707,175
2026-03-04,Paid Search,IN,brand,228.15,3169,141
2026-03-04,Paid Search,IN,nonbrand,238.43,3312,152
2026-03-04,Paid Search,UK,brand,402.54,5591,255
2026-03-04,Paid Search,UK,nonbrand,387.45,5381,258
2026-03-04,Paid Search,US,brand,708.75,9844,454
2026-03-04,Paid Search,US,nonbrand,585.26,8129,364
2026-03-04,Paid Social,BR,prospecting,310.37,23875,403
2026-03-04,Paid Social,BR,retargeting,215.15,16550,296
2026-03-04,Paid Social,DE,prospecting,306.55,23580,420
2026-03-04,Paid Social,DE,retargeting,313.25,24096,449
2026-03-04,Paid Social,IN,prospecting,230.25,17712,298
2026-03-04,Paid Social,IN,retargeting,198.44,15264,265
2026-03-04,Paid Social,UK,prospecting,400.15,30781,545
2026-03-04,Paid Social,UK,retargeting,384.04,29542,559
2026-03-04,Paid Social,US,prospecting,459.36,35335,702
2026-03-04,Paid Social,US,retargeting,512.69,39438,744
2026-03-04,Referral,BR,affiliates,101.05,2246,111
2026-03-04,Referral,DE,affiliates,134.3,2984,142
2026-03-04,Referral,IN,affiliates,97.38,2164,103
2026-03-04,Referral,UK,affiliates,198.04,4401,227
2026-03-04,Referral,US,affiliates,232.1,5158,245
2026-03-04,SEO,BR,organic,25.11,3587,251
2026-03-04,SEO,DE,organic,31.88,4554,329
2026-03-04,SEO,IN,organic,21.09,3013,204
2026-03-04,SEO,UK,organic,47.39,6770,448
2026-03-04,SEO,US,organic,54.46,7779,525
2026-03-05,Display,BR,prospecting,78.54,15707,123
2026-03-05,Display,BR,retargeting,107.71,21542,156
2026-03-05,Display,DE,prospecting,134.24,26849,207
2026-03-05,Display,DE,retargeting,124.97,24993,201
2026-03-05,Display,IN,prospecting,85.95,17191,141
2026-03-05,Display,IN,retargeting,87.99,17598,136
2026-03-05,Display,UK,prospecting,150.17,30034,231
2026-03-05,Display,UK,retargeting,137.68,27536,220
2026-03-05,Display,US,prospecting,241.72,48344,414
2026-03-05,Display,US,retargeting,246.45,49290,345
2026-03-05,Email,BR,lifecycle,32.66,3629,335
2026-03-05,Email,BR,newsletter,31.7,3522,301
2026-03-05,Email,DE,lifecycle,35.95,3994,313
2026-03-05,Email,DE,newsletter,38.36,4262,405
2026-03-05,Email,IN,lifecycle,23.37,2596,230
2026-03-05,Email,IN,newsletter,25.4,2822,250
2026-03-05,Email,UK,lifecycle,51.5,5722,538
2026-03-05,Email,UK,newsletter,53.92,5991,444
2026-03-05,Email,US,lifecycle,74.49,8277,785
2026-03-05,Email,US,newsletter,55.3,6145,568
2026-03-05,Paid Search,BR,brand,288.51,4007,190
2026-03-05,Paid Search,BR,nonbrand,303.09,4210,186
2026-03-05,Paid Search,DE,brand,359.95,4999,198
2026-03-05,Paid Search,DE,nonbrand,346.65,4815,217
2026-03-05,Paid Search,IN,brand,236.95,3291,160
2026-03-05,Paid Search,IN,nonbrand,254.29,3532,155
2026-03-05,Paid Search,UK,brand,568.01,7889,325
2026-03-05,Paid Search,UK,nonbrand,565.44,7853,344
2026-03-05,Paid Search,US,brand,597.23,8295,383
2026-03-05,Paid Search,US,nonbrand,687.66,9551,415
2026-03-05,Paid Social,BR,prospecting,218.88,16837,299
2026-03-05,Paid Social,BR,retargeting,274.67,21128,412
2026-03-05,Paid Social,DE,prospecting,268.72,20671,366
2026-03-05,Paid Social,DE,retargeting,256.68,19745,339
2026-03-05,Paid Social,IN,prospecting,220.75,16981,289
2026-03-05,Paid Social,IN,retargeting,210.87,16221,279
2026-03-05,Paid Social,UK,prospecting,377.36,29027,517
2026-03-05,Paid Social,UK,retargeting,360.14,27703,491
2026-03-05,Paid Social,US,prospecting,503.85,38757,673
2026-03-05,Paid Social,US,retargeting,506.05,38927,751
2026-03-05,Referral,BR,affiliates,101.81,2263,112
2026-03-05,Referral,DE,affiliates,140.9,3131,143
2026-03-05,Referral,IN,affiliates,73.74,1639,74
2026-03-05,Referral,UK,affiliates,162.39,3609,165
2026-03-05,Referral,US,affiliates,214.7,4771,249
2026-03-05,SEO,BR,organic,26.73,3818,296
2026-03-05,SEO,DE,organic,25.0,3572,222
2026-03-05,SEO,IN,organic,25.42,3631,243
2026-03-05,SEO,UK,organic,31.41,4487,304
2026-03-05,SEO,US,organic,66.73,9532,609
2026-03-06,Display,BR,prospecting,91.25,18250,143
2026-03-06,Display,BR,retargeting,114.46,22893,182
2026-03-06,Display,DE,prospecting,122.57,24513,158
2026-03-06,Display,DE,retargeting,89.06,17812,123
2026-03-06,Display,IN,prospecting,91.04,18208,136
2026-03-06,Display,IN,retargeting,92.24,18447,155
2026-03-06,Display,UK,prospecting,149.08,29815,238
2026-03-06,Display,UK,retargeting,158.97,31794,236
2026-03-06,Display,US,prospecting,252.03,50407,435
2026-03-06,Display,US,retargeting,181.32,36264,274
2026-03-06,Email,BR,lifecycle,25.62,2846,242
2026-03-06,Email,BR,newsletter,26.96,2995,254
2026-03-06,Email,DE,lifecycle,33.18,3687,322
2026-03-06,Email,DE,newsletter,36.4,4045,343
2026-03-06,Email,IN,lifecycle,28.38,3153,282
2026-03-06,Email,IN,newsletter,26.65,2961,302
2026-03-06,Email,UK,lifecycle,47.07,5229,488
2026-03-06,Email,UK,newsletter,52.62,5846,536
2026-03-06,Email,US,lifecycle,63.75,7084,655
2026-03-06,Email,US,newsletter,67.04,7449,623
2026-03-06,Paid Search,BR,brand,313.87,4359,185
2026-03-06,Paid Search,BR,nonbrand,341.34,4741,218
2026-03-06,Paid Search,DE,brand,393.58,5466,242
2026-03-06,Paid Search,DE,nonbrand,332.42,4617,247
2026-03-06,Paid Search,IN,brand,228.71,3177,146
2026-03-06,Paid Search,IN,nonbrand,261.14,3627,166
2026-03-06,Paid Search,UK,brand,630.2,8753,404
2026-03-06,Paid Search,UK,nonbrand,431.6,5994,284
2026-03-06,Paid Search,US,brand,523.59,7272,317
2026-03-06,Paid Search,US,nonbrand,577.99,8028,347
2026-03-06,Paid Social,BR,prospecting,219.78,16906,273
2026-03-06,Paid Social,BR,retargeting,259.99,19999,387
2026-03-06,Paid Social,DE,prospecting,203.26,15636,284
2026-03-06,Paid Social,DE,retargeting,258.8,19908,408
2026-03-06,Paid Social,IN,prospecting,211.63,16279,286
2026-03-06,Paid Social,IN,retargeting,199.18,15321,261
2026-03-06,Paid Social,UK,prospecting,424.82,32678,529
2026-03-06,Paid Social,UK,retargeting,370.6,28507,477
2026-03-06,Paid Social,US,prospecting,570.62,43894,703
2026-03-06,Paid Social,US,retargeting,499.06,38389,690
2026-03-06,Referral,BR,affiliates,98.69,2193,109
2026-03-06,Referral,DE,affiliates,118.9,2642,137
2026-03-06,Referral,IN,affiliates,98.98,2200,118
2026-03-06,Referral,UK,affiliates,186.47,4144,253
2026-03-06,Referral,US,affiliates,213.26,4739,226
2026-03-06,SEO,BR,organic,22.51,3216,257
2026-03-06,SEO,DE,organic,30.59,4369,293
2026-03-06,SEO,IN,organic,22.6,3229,240
2026-03-06,SEO,UK,organic,45.59,6513,457
2026-03-06,SEO,US,organic,57.29,8184,571
2026-03-07,Display,BR,prospecting,77.8,15559,126
2026-03-07,Display,BR,retargeting,80.99,16198,128
2026-03-07,Display,DE,prospecting,142.11,28421,223
2026-03-07,Display,DE,retargeting,158.66,31731,268
2026-03-07,Display,IN,prospecting,93.65,18730,150
2026-03-07,Display,IN,retargeting,91.14,18227,148
2026-03-07,Display,UK,prospecting,168.85,33769,261
2026-03-07,Display,UK,retargeting,150.73,30146,273
2026-03-07,Display,US,prospecting,248.98,49795,392
2026-03-07,Display,US,retargeting,186.47,37294,305
2026-03-07,Email,BR,lifecycle,35.4,3933,400
2026-03-07,Email,BR,newsletter,30.81,3423,302
2026-03-07,Email,DE,lifecycle,39.08,4342,381
2026-03-07,Email,DE,newsletter,39.06,4341,378
2026-03-07,Email,IN,lifecycle,19.46,2162,196
2026-03-07,Email,IN,newsletter,21.47,2385,198
2026-03-07,Email,UK,lifecycle,55.63,6181,596
2026-03-07,Email,UK,newsletter,49.57,5508,516
2026-03-07,Email,US,lifecycle,76.46,8495,835
2026-03-07,Email,US,newsletter,62.0,6889,630
2026-03-07,Paid Search,BR,brand,299.29,4157,177
2026-03-07,Paid Search,BR,nonbrand,279.01,3875,174
2026-03-07,Paid Search,DE,brand,372.56,5174,234
2026-03-07,Paid Search,DE,nonbrand,373.93,5193,236
2026-03-07,Paid Search,IN,brand,238.95,3319,154
2026-03-07,Paid Search,IN,nonbrand,258.08,3584,163
2026-03-07,Paid Search,UK,brand,435.48,6048,259
2026-03-07,Paid Search,UK,nonbrand,526.23,7309,316
2026-03-07,Paid Search,US,brand,720.49,10007,422
2026-03-07,Paid Search,US,nonbrand,599.24,8323,384
2026-03-07,Paid Social,BR,prospecting,282.82,21755,399
2026-03-07,Paid Social,BR,retargeting,228.19,17553,339
2026-03-07,Paid Social,DE,prospecting,252.68,19437,368
2026-03-07,Paid Social,DE,retargeting,307.15,23627,422
2026-03-07,Paid Social,IN,prospecting,225.03,17310,266
2026-03-07,Paid Social,IN,retargeting,243.37,18720,354
2026-03-07,Paid Social,UK,prospecting,446.13,34318,577
2026-03-07,Paid Social,UK,retargeting,427.18,32860,579
2026-03-07,Paid Social,US,prospecting,597.88,45991,853
2026-03-07,Paid Social,US,retargeting,503.63,38741,702
2026-03-07,Referral,BR,affiliates,101.3,2251,113
2026-03-07,Referral,DE,affiliates,115.59,2569,123
2026-03-07,Referral,IN,affiliates,93.44,2076,112
2026-03-07,Referral,UK,affiliates,167.56,3724,168
2026-03-07,Referral,US,affiliates,217.56,4835,223
2026-03-07,SEO,BR,organic,29.0,4143,262
2026-03-07,SEO,DE,organic,35.68,5097,373
2026-03-07,SEO,IN,organic,24.14,3448,236
2026-03-07,SEO,UK,organic,34.33,4904,305
2026-03-07,SEO,US,organic,53.12,7589,499
2026-03-08,Display,BR,prospecting,105.37,21075,175
2026-03-08,Display,BR,retargeting,91.79,18358,160
2026-03-08,Display,DE,prospecting,120.64,24127,183
2026-03-08,Display,DE,retargeting,131.38,26275,202
2026-03-08,Display,IN,prospecting,113.07,22615,174
2026-03-08,Display,IN,retargeting,95.33,19067,156
2026-03-08,Display,UK,prospecting,169.29,33858,310
2026-03-08,Display,UK,retargeting,185.88,37176,322
2026-03-08,Display,US,prospecting,219.86,43972,352
2026-03-08,Display,US,retargeting,230.65,46130,326
2026-03-08,Email,BR,lifecycle,36.43,4047,374
2026-03-08,Email,BR,newsletter,29.8,3311,329
2026-03-08,Email,DE,lifecycle,37.04,4115,366
2026-03-08,Email,DE,newsletter,37.99,4221,372
2026-03-08,Email,IN,lifecycle,26.74,2972,286
2026-03-08,Email,IN,newsletter,23.4,2600,256
2026-03-08,Email,UK,lifecycle,58.84,6538,613
2026-03-08,Email,UK,newsletter,66.43,7381,636
2026-03-08,Email,US,lifecycle,68.25,7583,703
2026-03-08,Email,US,newsletter,51.61,5734,549
2026-03-08,Paid Search,BR,brand,307.82,4275,194
2026-03-08,Paid Search,BR,nonbrand,313.27,4351,188
2026-03-08,Paid Search,DE,brand,354.97,4930,205
2026-03-08,Paid Search,DE,nonbrand,358.6,4981,227
2026-03-08,Paid Search,IN,brand,315.55,4383,181
2026-03-08,Paid Search,IN,nonbrand,275.49,3826,178
2026-03-08,Paid Search,UK,brand,486.28,6754,281
2026-03-08,Paid Search,UK,nonbrand,547.97,7611,333
2026-03-08,Paid Search,US,brand,725.01,10070,516
2026-03-08,Paid Search,US,nonbrand,541.77,7525,360
2026-03-08,Paid Social,BR,prospecting,309.76,23828,380
2026-03-08,Paid Social,BR,retargeting,249.74,19211,265
2026-03-08,Paid Social,DE,prospecting,377.3,29023,535
2026-03-08,Paid Social,DE,retargeting,375.12,28855,483
2026-03-08,Paid Social,IN,prospecting,241.41,18570,330
2026-03-08,Paid Social,IN,retargeting,196.21,15093,257
2026-03-08,Paid Social,UK,prospecting,437.99,33692,589
2026-03-08,Paid Social,UK,retargeting,402.49,30961,576
2026-03-08,Paid Social,US,prospecting,600.05,46158,814
2026-03-08,Paid Social,US,retargeting,619.46,47651,769
2026-03-08,Referral,BR,affiliates,97.68,2171,103
2026-03-08,Referral,DE,affiliates,136.86,3041,145
2026-03-08,Referral,IN,affiliates,100.53,2234,108
2026-03-08,Referral,UK,affiliates,184.55,4101,198
2026-03-08,Referral,US,affiliates,247.14,5492,248
2026-03-08,SEO,BR,organic,27.48,3925,263
2026-03-08,SEO,DE,organic,37.97,5425,344
2026-03-08,SEO,IN,organic,23.74,3391,264
2026-03-08,SEO,UK,organic,45.08,6439,476
2026-03-08,SEO,US,organic,58.56,8366,560
2026-03-09,Display,BR,prospecting,94.57,18914,161
2026-03-09,Display,BR,retargeting,95.39,19077,142
2026-03-09,Display,DE,prospecting,103.77,20755,164
2026-03-09,Display,DE,retargeting,149.24,29848,255
2026-03-09,Display,IN,prospecting,76.26,15252,116
2026-03-09,Display,IN,retargeting,81.62,16325,135
2026-03-09,Display,UK,prospecting,172.89,34577,273
2026-03-09,Display,UK,retargeting,168.86,33773,276
2026-03-09,Display,US,prospecting,249.28,49857,340
2026-03-09,Display,US,retargeting,241.17,48234,345
2026-03-09,Email,BR,lifecycle,26.47,2942,274
2026-03-09,Email,BR,newsletter,30.11,3345,291
2026-03-09,Email,DE,lifecycle,32.1,3566,316
2026-03-09,Email,DE,newsletter,37.22,4135,339
2026-03-09,Email,IN,lifecycle,29.63,3293,291
2026-03-09,Email,IN,newsletter,24.4,2711,235
2026-03-09,Email,UK,lifecycle,43.79,4866,432
2026-03-09,Email,UK,newsletter,48.16,5351,461
2026-03-09,Email,US,lifecycle,72.45,8050,793
2026-03-09,Email,US,newsletter,66.82,7424,658
2026-03-09,Paid Search,BR,brand,303.24,4212,209
2026-03-09,Paid Search,BR,nonbrand,239.88,3332,151
2026-03-09,Paid Search,DE,brand,257.86,3581,161
2026-03-09,Paid Search,DE,nonbrand,360.59,5008,202
2026-03-09,Paid Search,IN,brand,281.63,3912,186
2026-03-09,Paid Search,IN,nonbrand,228.75,3177,138
2026-03-09,Paid Search,UK,brand,492.36,6838,321
2026-03-09,Paid Search,UK,nonbrand,510.58,7091,304
2026-03-09,Paid Search,US,brand,521.23,7239,332
2026-03-09,Paid Search,US,nonbrand,518.59,7203,317
2026-03-09,Paid Social,BR,prospecting,268.45,20650,375
2026-03-09,Paid Social,BR,retargeting,251.16,19320,357
2026-03-09,Paid Social,DE,prospecting,259.1,19931,344
2026-03-09,Paid Social,DE,retargeting,301.4,23185,393
2026-03-09,Paid Social,IN,prospecting,230.34,17718,309
2026-03-09,Paid Social,IN,retargeting,231.66,17820,336
2026-03-09,Paid Social,UK,prospecting,426.54,32811,567
2026-03-09,Paid Social,UK,retargeting,373.84,28757,523
2026-03-09,Paid Social,US,prospecting,518.41,39878,712
2026-03-09,Paid Social,US,retargeting,488.28,37560,647
2026-03-09,Referral,BR,affiliates,113.13,2514,114
2026-03-09,Referral,DE,affiliates,113.23,2516,119
2026-03-09,Referral,IN,affiliates,92.22,2049,99
2026-03-09,Referral,UK,affiliates,179.43,3987,193
2026-03-09,Referral,US,affiliates,212.94,4732,261
2026-03-09,SEO,BR,organic,21.04,3006,204
2026-03-09,SEO,DE,organic,24.83,3548,237
2026-03-09,SEO,IN,organic,20.2,2886,210
2026-03-09,SEO,UK,organic,35.95,5136,360
2026-03-09,SEO,US,organic,41.55,5935,444
2026-03-10,Display,BR,prospecting,90.91,18182,134
2026-03-10,Display,BR,retargeting,89.1,17820,142
2026-03-10,Display,DE,prospecting,103.74,20748,166
2026-03-10,Display,DE,retargeting,106.34,21267,172
2026-03-10,Display,IN,prospecting,80.16,16031,126
2026-03-10,Display,IN,retargeting,70.86,14173,113
2026-03-10,Display,UK,prospecting,162.61,32522,254
2026-03-10,Display,UK,retargeting,143.76,28752,218
2026-03-10,Display,US,prospecting,205.45,41089,325
2026-03-10,Display,US,retargeting,222.92,44584,351
2026-03-10,Email,BR,lifecycle,24.96,2774,253
2026-03-10,Email,BR,newsletter,32.06,3562,329
2026-03-10,Email,DE,lifecycle,37.89,4210,380
2026-03-10,Email,DE,newsletter,44.31,4924,473
2026-03-10,Email,IN,lifecycle,26.13,2904,277
2026-03-10,Email,IN,newsletter,22.68,2520,239
2026-03-10,Email,UK,lifecycle,47.66,5295,428
2026-03-10,Email,UK,newsletter,48.86,5429,488
2026-03-10,Email,US,lifecycle,60.95,6772,619
2026-03-10,Email,US,newsletter,57.4,6377,608
2026-03-10,Paid Search,BR,brand,251.71,3496,139
2026-03-10,Paid Search,BR,nonbrand,273.48,3798,174
2026-03-10,Paid Search,DE,brand,383.56,5327,240
2026-03-10,Paid Search,DE,nonbrand,438.38,6089,265
2026-03-10,Paid Search,IN,brand,291.8,4053,179
2026-03-10,Paid Search,IN,nonbrand,334.71,4649,218
2026-03-10,Paid Search,UK,brand,573.4,7964,364
2026-03-10,Paid Search,UK,nonbrand,388.13,5391,248
2026-03-10,Paid Search,US,brand,658.75,9149,394
2026-03-10,Paid Search,US,nonbrand,572.13,7946,374
2026-03-10,Paid Social,BR,prospecting,203.22,15632,259
2026-03-10,Paid Social,BR,retargeting,227.06,17466,318
2026-03-10,Paid Social,DE,prospecting,283.6,21815,389
2026-03-10,Paid Social,DE,retargeting,287.0,22077,425
2026-03-10,Paid Social,IN,prospecting,247.81,19062,359
2026-03-10,Paid Social,IN,retargeting,225.77,17367,323
2026-03-10,Paid Social,UK,prospecting,402.1,30931,561
2026-03-10,Paid Social,UK,retargeting,347.77,26751,485
2026-03-10,Paid Social,US,prospecting,510.28,39252,730
2026-03-10,Paid Social,US,retargeting,497.83,38295,727
2026-03-10,Referral,BR,affiliates,104.2,2315,117
2026-03-10,Referral,DE,affiliates,117.85,2619,133
2026-03-10,Referral,IN,affiliates,91.22,2027,100
2026-03-10,Referral,UK,affiliates,209.28,4651,262
2026-03-10,Referral,US,affiliates,262.78,5840,283
2026-03-10,SEO,BR,organic,25.86,3694,294
2026-03-10,SEO,DE,organic,28.74,4105,333
2026-03-10,SEO,IN,organic,25.7,3671,244
2026-03-10,SEO,UK,organic,46.72,6675,437
2026-03-10,SEO,US,organic,56.58,8083,619
2026-03-11,Display,BR,prospecting,84.69,16937,139
2026-03-11,Display,BR,retargeting,95.0,19000,156
2026-03-11,Display,DE,prospecting,123.0,24599,218
2026-03-11,Display,DE,retargeting,103.21,20643,160
2026-03-11,Display,IN,prospecting,88.81,17762,123
2026-03-11,Display,IN,retargeting,91.01,18202,137
2026-03-11,Display,UK,prospecting,172.37,34473,267
2026-03-11,Display,UK,retargeting,163.01,32602,257
2026-03-11,Display,US,prospecting,196.39,39278,335
2026-03-11,Display,US,retargeting,232.08,46415,382
2026-03-11,Email,BR,lifecycle,21.21,2357,226
2026-03-11,Email,BR,newsletter,31.48,3497,335
2026-03-11,Email,DE,lifecycle,31.37,3485,342
2026-03-11,Email,DE,newsletter,34.72,3858,313
2026-03-11,Email,IN,lifecycle,28.11,3123,280
2026-03-11,Email,IN,newsletter,26.36,2929,259
2026-03-11,Email,UK,lifecycle,41.35,4595,418
2026-03-11,Email,UK,newsletter,47.55,5284,510
2026-03-11,Email,US,lifecycle,76.61,8512,808
2026-03-11,Email,US,newsletter,69.24,7694,715
2026-03-11,Paid Search,BR,brand,311.47,4326,198
2026-03-11,Paid Search,BR,nonbrand,268.27,3726,164
2026-03-11,Paid Search,DE,brand,352.75,4899,192
2026-03-11,Paid Search,DE,nonbrand,343.7,4774,230
2026-03-11,Paid Search,IN,brand,263.48,3659,173
2026-03-11,Paid Search,IN,nonbrand,295.57,4105,175
2026-03-11,Paid Search,UK,brand,420.34,5838,253
2026-03-11,Paid Search,UK,nonbrand,463.58,6439,310
2026-03-11,Paid Search,US,brand,700.5,9729,462
2026-03-11,Paid Search,US,nonbrand,552.71,7677,346
2026-03-11,Paid Social,BR,prospecting,244.52,18809,331
2026-03-11,Paid Social,BR,retargeting,228.83,17603,316
2026-03-11,Paid Social,DE,prospecting,321.44,24726,498
2026-03-11,Paid Social,DE,retargeting,353.22,27171,477
2026-03-11,Paid Social,IN,prospecting,226.63,17433,322
2026-03-11,Paid Social,IN,retargeting,213.2,16400,286
2026-03-11,Paid Social,UK,prospecting,429.29,33022,615
2026-03-11,Paid Social,UK,retargeting,342.32,26333,480
2026-03-11,Paid Social,US,prospecting,524.83,40371,707
2026-03-11,Paid Social,US,retargeting,501.76,38597,697
2026-03-11,Referral,BR,affiliates,110.35,2452,115
2026-03-11,Referral,DE,affiliates,137.4,3053,153
2026-03-11,Referral,IN,affiliates,95.59,2124,101
2026-03-11,Referral,UK,affiliates,160.58,3569,172
2026-03-11,Referral,US,affiliates,225.91,5020,244
2026-03-11,SEO,BR,organic,29.07,4153,290
2026-03-11,SEO,DE,organic,35.98,5139,353
2026-03-11,SEO,IN,organic,26.7,3814,286
2026-03-11,SEO,UK,organic,45.2,6458,496
2026-03-11,SEO,US,organic,68.53,9790,732
2026-03-12,Display,BR,prospecting,95.77,19155,134
2026-03-12,Display,BR,retargeting,94.39,18879,152
2026-03-12,Display,DE,prospecting,145.68,29136,237
2026-03-12,Display,DE,retargeting,124.94,24987,180
2026-03-12,Display,IN,prospecting,90.33,18067,134
2026-03-12,Display,IN,retargeting,91.42,18284,162
2026-03-12,Display,UK,prospecting,159.39,31878,282
2026-03-12,Display,UK,retargeting,144.84,28967,222
2026-03-12,Display,US,prospecting,205.39,41078,346
2026-03-12,Display,US,retargeting,180.26,36053,298
2026-03-12,Email,BR,lifecycle,30.03,3337,257
2026-03-12,Email,BR,newsletter,27.12,3013,284
2026-03-12,Email,DE,lifecycle,34.45,3827,334
2026-03-12,Email,DE,newsletter,34.33,3815,366
2026-03-12,Email,IN,lifecycle,23.48,2609,253
2026-03-12,Email,IN,newsletter,26.91,2990,271
2026-03-12,Email,UK,lifecycle,47.13,5237,481
2026-03-12,Email,UK,newsletter,41.38,4598,416
2026-03-12,Email,US,lifecycle,61.05,6784,630
2026-03-12,Email,US,newsletter,63.06,7007,662
2026-03-12,Paid Search,BR,brand,315.48,4382,181
2026-03-12,Paid Search,BR,nonbrand,303.25,4212,200
2026-03-12,Paid Search,DE,brand,315.41,4381,186
2026-03-12,Paid Search,DE,nonbrand,371.61,5161,214
2026-03-12,Paid Search,IN,brand,287.84,3998,171
2026-03-12,Paid Search,IN,nonbrand,271.93,3777,164
2026-03-12,Paid Search,UK,brand,464.64,6453,316
2026-03-12,Paid Search,UK,nonbrand,385.76,5358,238
2026-03-12,Paid Search,US,brand,675.32,9379,419
2026-03-12,Paid Search,US,nonbrand,670.57,9314,397
2026-03-12,Paid Social,BR,prospecting,185.32,14256,266
2026-03-12,Paid Social,BR,retargeting,240.42,18494,345
2026-03-12,Paid Social,DE,prospecting,352.43,27110,495
2026-03-12,Paid Social,DE,retargeting,288.9,22223,367
2026-03-12,Paid Social,IN,prospecting,207.23,15941,275
2026-03-12,Paid Social,IN,retargeting,231.25,17789,350
2026-03-12,Paid Social,UK,prospecting,434.99,33461,684
2026-03-12,Paid Social,UK,retargeting,401.84,30911,582
2026-03-12,Paid Social,US,prospecting,585.39,45030,797
2026-03-12,Paid Social,US,retargeting,474.91,36532,672
2026-03-12,Referral,BR,affiliates,108.83,2418,124
2026-03-12,Referral,DE,affiliates,135.1,3002,150
2026-03-12,Referral,IN,affiliates,94.54,2101,101
2026-03-12,Referral,UK,affiliates,174.35,3874,199
2026-03-12,Referral,US,affiliates,228.56,5079,238
2026-03-12,SEO,BR,organic,19.73,2819,210
2026-03-12,SEO,DE,organic,37.67,5381,401
2026-03-12,SEO,IN,organic,20.0,2857,191
2026-03-12,SEO,UK,organic,47.56,6794,477
2026-03-12,SEO,US,organic,49.27,7038,521
2026-03-13,Display,BR,prospecting,89.85,17970,142
2026-03-13,Display,BR,retargeting,100.83,20167,160
2026-03-13,Display,DE,prospecting,126.11,25222,206
2026-03-13,Display,DE,retargeting,125.39,25078,227
2026-03-13,Display,IN,prospecting,68.02,13603,114
2026-03-13,Display,IN,retargeting,85.08,17016,144
2026-03-13,Display,UK,prospecting,164.67,32933,238
2026-03-13,Display,UK,retargeting,129.37,25875,208
2026-03-13,Display,US,prospecting,201.5,40299,321
2026-03-13,Display,US,retargeting,201.45,40290,353
2026-03-13,Email,BR,lifecycle,25.47,2830,236
2026-03-13,Email,BR,newsletter,33.02,3669,350
2026-03-13,Email,DE,lifecycle,34.64,3849,327
2026-03-13,Email,DE,newsletter,34.14,3793,350
2026-03-13,Email,IN,lifecycle,27.54,3060,272
2026-03-13,Email,IN,newsletter,26.05,2894,270
2026-03-13,Email,UK,lifecycle,56.97,6330,571
2026-03-13,Email,UK,newsletter,55.54,6171,604
2026-03-13,Email,US,lifecycle,62.18,6909,610
2026-03-13,Email,US,newsletter,62.94,6994,631
2026-03-13,Paid Search,BR,brand,378.5,5257,228
2026-03-13,Paid Search,BR,nonbrand,323.59,4494,218
2026-03-13,Paid Search,DE,brand,365.97,5083,234
2026-03-13,Paid Search,DE,nonbrand,446.79,6205,243
2026-03-13,Paid Search,IN,brand,208.49,2896,132
2026-03-13,Paid Search,IN,nonbrand,301.55,4188,182
2026-03-13,Paid Search,UK,brand,525.49,7299,320
2026-03-13,Paid Search,UK,nonbrand,621.76,8636,359
2026-03-13,Paid Search,US,brand,698.1,9696,430
2026-03-13,Paid Search,US,nonbrand,555.5,7715,342
2026-03-13,Paid Social,BR,prospecting,266.33,20487,420
2026-03-13,Paid Social,BR,retargeting,209.59,16122,295
2026-03-13,Paid Social,DE,prospecting,293.22,22555,427
2026-03-13,Paid Social,DE,retargeting,380.97,29306,555
2026-03-13,Paid Social,IN,prospecting,211.66,16282,285
2026-03-13,Paid Social,IN,retargeting,210.65,16204,266
2026-03-13,Paid Social,UK,prospecting,408.37,31413,565
2026-03-13,Paid Social,UK,retargeting,415.29,31945,574
2026-03-13,Paid Social,US,prospecting,595.29,45792,819
2026-03-13,Paid Social,US,retargeting,427.11,32855,596
2026-03-13,Referral,BR,affiliates,119.87,2664,126
2026-03-13,Referral,DE,affiliates,141.01,3133,150
2026-03-13,Referral,IN,affiliates,115.08,2557,131
2026-03-13,Referral,UK,affiliates,183.04,4068,197
2026-03-13,Referral,US,affiliates,225.73,5016,271
2026-03-13,SEO,BR,organic,31.8,4543,324
2026-03-13,SEO,DE,organic,33.7,4814,367
2026-03-13,SEO,IN,organic,28.07,4010,314
2026-03-13,SEO,UK,organic,41.21,5887,379
2026-03-13,SEO,US,organic,47.6,6800,478
2026-03-14,Display,BR,prospecting,102.53,20506,178
2026-03-14,Display,BR,retargeting,92.22,18444,151
2026-03-14,Display,DE,prospecting,124.44,24888,205
2026-03-14,Display,DE,retargeting,135.59,27118,227
2026-03-14,Display,IN,prospecting,102.46,20493,167
2026-03-14,Display,IN,retargeting,107.43,21486,189
2026-03-14,Display,UK,prospecting,168.7,33741,276
2026-03-14,Display,UK,retargeting,161.28,32257,263
2026-03-14,Display,US,prospecting,207.9,41580,367
2026-03-14,Display,US,retargeting,172.73,34546,278
2026-03-14,Email,BR,lifecycle,32.81,3646,348
2026-03-14,Email,BR,newsletter,27.83,3093,302
2026-03-14,Email,DE,lifecycle,32.69,3632,293
2026-03-14,Email,DE,newsletter,40.92,4546,404
2026-03-14,Email,IN,lifecycle,28.68,3187,275
2026-03-14,Email,IN,newsletter,30.56,3395,294
2026-03-14,Email,UK,lifecycle,58.87,6541,482
2026-03-14,Email,UK,newsletter,48.54,5393,518
2026-03-14,Email,US,lifecycle,66.42,7380,656
2026-03-14,Email,US,newsletter,70.8,7867,746
2026-03-14,Paid Search,BR,brand,298.61,4147,183
2026-03-14,Paid Search,BR,nonbrand,349.91,4860,231
2026-03-14,Paid Search,DE,brand,363.52,5049,232
2026-03-14,Paid Search,DE,nonbrand,365.1,5071,229
2026-03-14,Paid Search,IN,brand,316.35,4394,202
2026-03-14,Paid Search,IN,nonbrand,218.58,3036,128
2026-03-14,Paid Search,UK,brand,548.4,7617,343
2026-03-14,Paid Search,UK,nonbrand,421.45,5854,246
2026-03-14,Paid Search,US,brand,585.06,8126,378
2026-03-14,Paid Search,US,nonbrand,438.19,6086,269
2026-03-14,Paid Social,BR,prospecting,209.47,16113,271
2026-03-14,Paid Social,BR,retargeting,190.78,14675,275
2026-03-14,Paid Social,DE,prospecting,309.93,23841,443
2026-03-14,Paid Social,DE,retargeting,305.77,23520,413
2026-03-14,Paid Social,IN,prospecting,200.96,15459,274
2026-03-14,Paid Social,IN,retargeting,219.67,16898,334
2026-03-14,Paid Social,UK,prospecting,422.85,32527,625
2026-03-14,Paid Social,UK,retargeting,359.9,27685,512
2026-03-14,Paid Social,US,prospecting,515.55,39658,777
2026-03-14,Paid Social,US,retargeting,553.78,42599,868
2026-03-14,Referral,BR,affiliates,117.26,2606,136
2026-03-14,Referral,DE,affiliates,133.36,2964,152
2026-03-14,Referral,IN,affiliates,104.66,2326,131
2026-03-14,Referral,UK,affiliates,153.85,3419,160
2026-03-14,Referral,US,affiliates,261.32,5807,266
2026-03-14,SEO,BR,organic,25.76,3680,239
2026-03-14,SEO,DE,organic,39.54,5648,374
2026-03-14,SEO,IN,organic,23.43,3347,237
2026-03-14,SEO,UK,organic,45.27,6467,495
2026-03-14,SEO,US,organic,57.64,8235,612
2026-03-15,Display,BR,prospecting,129.24,25849,189
2026-03-15,Display,BR,retargeting,107.08,21416,182
2026-03-15,Display,DE,prospecting,127.86,25572,215
2026-03-15,Display,DE,retargeting,133.74,26749,225
2026-03-15,Display,IN,prospecting,98.8,19760,148
2026-03-15,Display,IN,retargeting,87.63,17526,149
2026-03-15,Display,UK,prospecting,195.43,39086,308
2026-03-15,Display,UK,retargeting,173.38,34676,272
2026-03-15,Display,US,prospecting,266.85,53371,417
2026-03-15,Display,US,retargeting,231.46,46292,362
2026-03-15,Email,BR,lifecycle,29.26,3251,319
2026-03-15,Email,BR,newsletter,28.6,3178,291
2026-03-15,Email,DE,lifecycle,42.35,4705,411
2026-03-15,Email,DE,newsletter,29.25,3251,299
2026-03-15,Email,IN,lifecycle,29.62,3291,277
2026-03-15,Email,IN,newsletter,26.76,2973,280
2026-03-15,Email,UK,lifecycle,53.18,5909,553
2026-03-15,Email,UK,newsletter,58.11,6456,573
2026-03-15,Email,US,lifecycle,72.28,8031,706
2026-03-15,Email,US,newsletter,60.99,6777,556
2026-03-15,Paid Search,BR,brand,296.72,4121,181
2026-03-15,Paid Search,BR,nonbrand,282.23,3920,173
2026-03-15,Paid Search,DE,brand,367.59,5105,214
2026-03-15,Paid Search,DE,nonbrand,477.94,6638,323
2026-03-15,Paid Search,IN,brand,293.93,4082,182
2026-03-15,Paid Search,IN,nonbrand,199.48,2771,132
2026-03-15,Paid Search,UK,brand,499.68,6940,317
2026-03-15,Paid Search,UK,nonbrand,457.5,6354,293
2026-03-15,Paid Search,US,brand,734.52,10202,423
2026-03-15,Paid Search,US,nonbrand,617.96,8583,370
2026-03-15,Paid Social,BR,prospecting,236.43,18187,324
2026-03-15,Paid Social,BR,retargeting,269.16,20705,367
2026-03-15,Paid Social,DE,prospecting,329.88,25375,464
2026-03-15,Paid Social,DE,retargeting,287.36,22104,413
2026-03-15,Paid Social,IN,prospecting,287.66,22128,434
2026-03-15,Paid Social,IN,retargeting,255.5,19654,361
2026-03-15,Paid Social,UK,prospecting,516.17,39706,679
2026-03-15,Paid Social,UK,retargeting,475.85,36604,620
2026-03-15,Paid Social,US,prospecting,642.57,49429,891
2026-03-15,Paid Social,US,retargeting,650.41,50032,877
2026-03-15,Referral,BR,affiliates,122.67,2726,136
2026-03-15,Referral,DE,affiliates,156.44,3477,167
2026-03-15,Referral,IN,affiliates,105.37,2342,115
2026-03-15,Referral,UK,affiliates,137.52,3056,158
2026-03-15,Referral,US,affiliates,296.12,6581,305
2026-03-15,SEO,BR,organic,22.39,3198,199
2026-03-15,SEO,DE,organic,36.79,5256,374
2026-03-15,SEO,IN,organic,23.27,3325,240
2026-03-15,SEO,UK,organic,38.15,5450,412
2026-03-15,SEO,US,organic,69.74,9963,712
2026-03-16,Display,BR,prospecting,99.31,19862,144
2026-03-16,Display,BR,retargeting,84.27,16853,147
2026-03-16,Display,DE,prospecting,121.17,24233,199
2026-03-16,Display,DE,retargeting,112.45,22491,200
2026-03-16,Display,IN,prospecting,66.51,13301,110
2026-03-16,Display,IN,retargeting,70.23,14046,109
2026-03-16,Display,UK,prospecting,168.44,33688,246
2026-03-16,Display,UK,retargeting,172.31,34462,252
2026-03-16,Display,US,prospecting,198.6,39720,304
2026-03-16,Display,US,retargeting,162.06,32413,239
2026-03-16,Email,BR,lifecycle,26.46,2940,245
2026-03-16,Email,BR,newsletter,28.74,3194,280
2026-03-16,Email,DE,lifecycle,35.49,3943,325
2026-03-16,Email,DE,newsletter,35.9,3988,366
2026-03-16,Email,IN,lifecycle,33.3,3701,332
2026-03-16,Email,IN,newsletter,26.61,2957,262
2026-03-16,Email,UK,lifecycle,32.93,3658,311
2026-03-16,Email,UK,newsletter,55.42,6158,502
2026-03-16,Email,US,lifecycle,62.62,6957,636
2026-03-16,Email,US,newsletter,59.17,6574,593
2026-03-16,Paid Search,BR,brand,318.83,4428,193
2026-03-16,Paid Search,BR,nonbrand,326.87,4540,214
2026-03-16,Paid Search,DE,brand,391.41,5436,247
2026-03-16,Paid Search,DE,nonbrand,365.1,5071,229
2026-03-16,Paid Search,IN,brand,287.7,3996,184
2026-03-16,Paid Search,IN,nonbrand,254.75,3538,150
2026-03-16,Paid Search,UK,brand,478.68,6648,288
2026-03-16,Paid Search,UK,nonbrand,425.74,5913,296
2026-03-16,Paid Search,US,brand,632.91,8790,404
2026-03-16,Paid Search,US,nonbrand,619.57,8605,397
2026-03-16,Paid Social,BR,prospecting,243.15,18704,322
2026-03-16,Paid Social,BR,retargeting,185.19,14245,279
2026-03-16,Paid Social,DE,prospecting,281.15,21627,392
2026-03-16,Paid Social,DE,retargeting,297.99,22922,436
2026-03-16,Paid Social,IN,prospecting,208.49,16038,274
2026-03-16,Paid Social,IN,retargeting,238.68,18360,289
2026-03-16,Paid Social,UK,prospecting,382.16,29397,476
2026-03-16,Paid Social,UK,retargeting,442.58,34044,707
2026-03-16,Paid Social,US,prospecting,504.56,38813,647
2026-03-16,Paid Social,US,retargeting,560.24,43095,850
2026-03-16,Referral,BR,affiliates,105.87,2353,118
2026-03-16,Referral,DE,affiliates,129.95,2888,145
2026-03-16,Referral,IN,affiliates,87.04,1934,103
2026-03-16,Referral,UK,affiliates,152.3,3385,162
2026-03-16,Referral,US,affiliates,204.38,4542,223
2026-03-16,SEO,BR,organic,26.38,3768,254
2026-03-16,SEO,DE,organic,36.18,5169,407
2026-03-16,SEO,IN,organic,25.13,3590,252
2026-03-16,SEO,UK,organic,37.9,5414,358
2026-03-16,SEO,US,organic,70.32,10046,785
2026-03-17,Display,BR,prospecting,103.94,20787,168
2026-03-17,Display,BR,retargeting,92.86,18572,149
2026-03-17,Display,DE,prospecting,151.81,30362,247
2026-03-17,Display,DE,retargeting,100.35,20069,163
2026-03-17,Display,IN,prospecting,88.29,17659,134
2026-03-17,Display,IN,retargeting,82.06,16411,113
2026-03-17,Display,UK,prospecting,159.73,31945,243
2026-03-17,Display,UK,retargeting,165.73,33147,299
2026-03-17,Display,US,prospecting,219.02,43803,341
2026-03-17,Display,US,retargeting,254.95,50990,399
2026-03-17,Email,BR,lifecycle,27.33,3037,243
2026-03-17,Email,BR,newsletter,32.99,3665,333
2026-03-17,Email,DE,lifecycle,42.34,4705,448
2026-03-17,Email,DE,newsletter,40.5,4500,395
2026-03-17,Email,IN,lifecycle,31.07,3452,296
2026-03-17,Email,IN,newsletter,23.63,2626,239
2026-03-17,Email,UK,lifecycle,45.0,5000,469
2026-03-17,Email,UK,newsletter,52.38,5820,517
2026-03-17,Email,US,lifecycle,69.8,7755,679
2026-03-17,Email,US,newsletter,63.88,7098,666
2026-03-17,Paid Search,BR,brand,321.87,4470,201
2026-03-17,Paid Search,BR,nonbrand,291.52,4049,183
2026-03-17,Paid Search,DE,brand,307.5,4271,204
2026-03-17,Paid Search,DE,nonbrand,444.66,6176,272
2026-03-17,Paid Search,IN,brand,280.89,3901,173
2026-03-17,Paid Search,IN,nonbrand,224.2,3114,134
2026-03-17,Paid Search,UK,brand,407.86,5665,262
2026-03-17,Paid Search,UK,nonbrand,400.72,5566,256
2026-03-17,Paid Search,US,brand,621.2,8628,433
2026-03-17,Paid Search,US,nonbrand,611.49,8493,388
2026-03-17,Paid Social,BR,prospecting,257.26,19789,338
2026-03-17,Paid Social,BR,retargeting,215.12,16548,312
2026-03-17,Paid Social,DE,prospecting,284.26,21866,415
2026-03-17,Paid Social,DE,retargeting,296.15,22781,417
2026-03-17,Paid Social,IN,prospecting,249.86,19220,331
2026-03-17,Paid Social,IN,retargeting,210.24,16172,319
2026-03-17,Paid Social,UK,prospecting,426.15,32781,578
2026-03-17,Paid Social,UK,retargeting,454.64,34973,619
2026-03-17,Paid Social,US,prospecting,580.42,44648,746
2026-03-17,Paid Social,US,retargeting,652.4,50185,911
2026-03-17,Referral,BR,affiliates,92.35,2052,101
2026-03-17,Referral,DE,affiliates,125.81,2796,139
2026-03-17,Referral,IN,affiliates,99.88,2220,113
2026-03-17,Referral,UK,affiliates,193.82,4307,218
2026-03-17,Referral,US,affiliates,242.27,5384,269
2026-03-17,SEO,BR,organic,28.65,4093,326
2026-03-17,SEO,DE,organic,33.13,4733,340
2026-03-17,SEO,IN,organic,25.49,3641,259
2026-03-17,SEO,UK,organic,48.36,6908,474
2026-03-17,SEO,US,organic,61.77,8824,584
2026-03-18,Display,BR,prospecting,92.61,18523,161
2026-03-18,Display,BR,retargeting,77.64,15528,118
2026-03-18,Display,DE,prospecting,140.75,28150,235
2026-03-18,Display,DE,retargeting,126.77,25353,219
2026-03-18,Display,IN,prospecting,81.18,16237,136
2026-03-18,Display,IN,retargeting,73.28,14656,109
2026-03-18,Display,UK,prospecting,159.78,31956,261
2026-03-18,Display,UK,retargeting,181.27,36254,294
2026-03-18,Display,US,prospecting,182.45,36489,272
2026-03-18,Display,US,retargeting,261.85,52371,437
2026-03-18,Email,BR,lifecycle,24.83,2759,251
2026-03-18,Email,BR,newsletter,25.29,2810,248
2026-03-18,Email,DE,lifecycle,35.7,3967,355
2026-03-18,Email,DE,newsletter,34.46,3829,351
2026-03-18,Email,IN,lifecycle,29.54,3282,320
2026-03-18,Email,IN,newsletter,27.89,3099,235
2026-03-18,Email,UK,lifecycle,49.64,5516,547
2026-03-18,Email,UK,newsletter,44.97,4996,464
2026-03-18,Email,US,lifecycle,62.38,6931,640
2026-03-18,Email,US,newsletter,57.11,6346,581
2026-03-18,Paid Search,BR,brand,275.35,3824,167
2026-03-18,Paid Search,BR,nonbrand,282.78,3927,164
2026-03-18,Paid Search,DE,brand,414.02,5750,271
2026-03-18,Paid Search,DE,nonbrand,400.91,5568,223
2026-03-18,Paid Search,IN,brand,237.77,3302,143
2026-03-18,Paid Search,IN,nonbrand,262.06,3640,176
2026-03-18,Paid Search,UK,brand,476.38,6616,288
2026-03-18,Paid Search,UK,nonbrand,570.0,7917,348
2026-03-18,Paid Search,US,brand,731.2,10156,470
2026-03-18,Paid Search,US,nonbrand,782.76,10872,443
2026-03-18,Paid Social,BR,prospecting,237.52,18271,315
2026-03-18,Paid Social,BR,retargeting,193.07,14852,276
2026-03-18,Paid Social,DE,prospecting,321.65,24742,465
2026-03-18,Paid Social,DE,retargeting,276.79,21292,438
2026-03-18,Paid Social,IN,prospecting,232.23,17864,300
2026-03-18,Paid Social,IN,retargeting,208.77,16059,306
2026-03-18,Paid Social,UK,prospecting,428.97,32997,537
2026-03-18,Paid Social,UK,retargeting,423.37,32567,593
2026-03-18,Paid Social,US,prospecting,538.99,41461,753
2026-03-18,Paid Social,US,retargeting,601.42,46263,917
2026-03-18,Referral,BR,affiliates,101.79,2262,110
2026-03-18,Referral,DE,affiliates,113.53,2523,113
2026-03-18,Referral,IN,affiliates,84.12,1869,84
2026-03-18,Referral,UK,affiliates,210.28,4673,242
2026-03-18,Referral,US,affiliates,191.08,4246,221
2026-03-18,SEO,BR,organic,25.27,3611,257
2026-03-18,SEO,DE,organic,34.58,4939,395
2026-03-18,SEO,IN,organic,23.77,3396,234
2026-03-18,SEO,UK,organic,45.51,6502,443
2026-03-18,SEO,US,organic,49.77,7110,518
2026-03-19,Display,BR,prospecting,89.2,17841,146
2026-03-19,Display,BR,retargeting,93.69,18738,164
2026-03-19,Display,DE,prospecting,126.93,25386,174
2026-03-19,Display,DE,retargeting,104.15,20829,162
2026-03-19,Display,IN,prospecting,85.36,17071,136
2026-03-19,Display,IN,retargeting,93.93,18786,156
2026-03-19,Display,UK,prospecting,161.97,32394,246
2026-03-19,Display,UK,retargeting,144.8,28959,238
2026-03-19,Display,US,prospecting,222.38,44477,369
2026-03-19,Display,US,retargeting,225.3,45061,377
2026-03-19,Email,BR,lifecycle,27.55,3061,284
2026-03-19,Email,BR,newsletter,32.7,3634,376
2026-03-19,Email,DE,lifecycle,35.13,3903,371
2026-03-19,Email,DE,newsletter,37.75,4195,394
2026-03-19,Email,IN,lifecycle,29.69,3299,281
2026-03-19,Email,IN,newsletter,27.33,3036,268
2026-03-19,Email,UK,lifecycle,47.96,5329,472
2026-03-19,Email,UK,newsletter,47.22,5247,474
2026-03-19,Email,US,lifecycle,72.78,8086,745
2026-03-19,Email,US,newsletter,72.16,8018,769
2026-03-19,Paid Search,BR,brand,281.13,3905,160
2026-03-19,Paid Search,BR,nonbrand,270.3,3754,176
2026-03-19,Paid Search,DE,brand,307.34,4269,191
2026-03-19,Paid Search,DE,nonbrand,382.88,5318,246
2026-03-19,Paid Search,IN,brand,222.12,3085,152
2026-03-19,Paid Search,IN,nonbrand,277.48,3854,167
2026-03-19,Paid Search,UK,brand,476.62,6620,291
2026-03-19,Paid Search,UK,nonbrand,635.49,8826,415
2026-03-19,Paid Search,US,brand,782.68,10871,478
2026-03-19,Paid Search,US,nonbrand,615.75,8552,347
2026-03-19,Paid Social,BR,prospecting,291.06,22389,423
2026-03-19,Paid Social,BR,retargeting,197.48,15191,282
2026-03-19,Paid Social,DE,prospecting,314.57,24198,442
2026-03-19,Paid Social,DE,retargeting,403.81,31062,501
2026-03-19,Paid Social,IN,prospecting,233.89,17992,295
2026-03-19,Paid Social,IN,retargeting,220.71,16978,298
2026-03-19,Paid Social,UK,prospecting,380.29,29253,527
2026-03-19,Paid Social,UK,retargeting,441.67,33975,632
2026-03-19,Paid Social,US,prospecting,657.98,50614,849
2026-03-19,Paid Social,US,retargeting,588.74,45287,755
2026-03-19,Referral,BR,affiliates,112.47,2499,123
2026-03-19,Referral,DE,affiliates,98.37,2186,123
2026-03-19,Referral,IN,affiliates,109.57,2435,122
2026-03-19,Referral,UK,affiliates,155.67,3459,193
2026-03-19,Referral,US,affiliates,271.02,6023,289
2026-03-19,SEO,BR,organic,27.24,3892,290
2026-03-19,SEO,DE,organic,28.01,4002,269
2026-03-19,SEO,IN,organic,23.07,3296,218
2026-03-19,SEO,UK,organic,44.31,6331,393
2026-03-19,SEO,US,organic,58.93,8418,545
2026-03-20,Display,BR,prospecting,98.59,19719,140
2026-03-20,Display,BR,retargeting,92.07,18414,138
2026-03-20,Display,DE,prospecting,125.21,25042,225
2026-03-20,Display,DE,retargeting,103.16,20632,172
2026-03-20,Display,IN,prospecting,76.07,15215,119
2026-03-20,Display,IN,retargeting,82.45,16490,131
2026-03-20,Display,UK,prospecting,165.38,33076,269
2026-03-20,Display,UK,retargeting,157.33,31466,245
2026-03-20,Display,US,prospecting,191.59,38318,312
2026-03-20,Display,US,retargeting,182.07,36414,296
2026-03-20,Email,BR,lifecycle,27.04,3004,273
2026-03-20,Email,BR,newsletter,29.46,3274,285
2026-03-20,Email,DE,lifecycle,33.05,3672,360
2026-03-20,Email,DE,newsletter,46.46,5162,438
2026-03-20,Email,IN,lifecycle,24.22,2691,232
2026-03-20,Email,IN,newsletter,23.28,2586,250
2026-03-20,Email,UK,lifecycle,49.63,5514,509
2026-03-20,Email,UK,newsletter,33.55,3728,348
2026-03-20,Email,US,lifecycle,78.89,8766,799
2026-03-20,Email,US,newsletter,64.27,7141,637
2026-03-20,Paid Search,BR,brand,315.86,4387,207
2026-03-20,Paid Search,BR,nonbrand,276.67,3843,174
2026-03-20,Paid Search,DE,brand,341.26,4740,207
2026-03-20,Paid Search,DE,nonbrand,367.83,5109,239
2026-03-20,Paid Search,IN,brand,248.65,3453,165
2026-03-20,Paid Search,IN,nonbrand,301.91,4193,187
2026-03-20,Paid Search,UK,brand,508.1,7057,344
2026-03-20,Paid Search,UK,nonbrand,466.11,6474,287
2026-03-20,Paid Search,US,brand,811.04,11264,491
2026-03-20,Paid Search,US,nonbrand,737.89,10248,473
2026-03-20,Paid Social,BR,prospecting,268.62,20663,361
2026-03-20,Paid Social,BR,retargeting,259.81,19985,385
2026-03-20,Paid Social,DE,prospecting,387.98,29845,515
2026-03-20,Paid Social,DE,retargeting,320.77,24675,422
2026-03-20,Paid Social,IN,prospecting,223.37,17183,315
2026-03-20,Paid Social,IN,retargeting,211.56,16274,276
2026-03-20,Paid Social,UK,prospecting,372.01,28616,491
2026-03-20,Paid Social,UK,retargeting,519.95,39996,702
2026-03-20,Paid Social,US,prospecting,528.22,40632,663
2026-03-20,Paid Social,US,retargeting,681.76,52443,954
2026-03-20,Referral,BR,affiliates,114.03,2534,136
2026-03-20,Referral,DE,affiliates,107.08,2380,123
2026-03-20,Referral,IN,affiliates,79.45,1766,87
2026-03-20,Referral,UK,affiliates,150.1,3336,154
2026-03-20,Referral,US,affiliates,234.2,5204,284
2026-03-20,SEO,BR,organic,33.07,4724,303
2026-03-20,SEO,DE,organic,35.81,5116,397
2026-03-20,SEO,IN,organic,27.57,3938,281
2026-03-20,SEO,UK,organic,50.6,7228,516
2026-03-20,SEO,US,organic,72.06,10294,750
2026-03-21,Display,BR,prospecting,139.41,27882,201
2026-03-21,Display,BR,retargeting,119.34,23868,211
2026-03-21,Display,DE,prospecting,138.81,27763,243
2026-03-21,Display,DE,retargeting,127.88,25576,197
2026-03-21,Display,IN,prospecting,103.17,20635,164
2026-03-21,Display,IN,retargeting,109.88,21976,171
2026-03-21,Display,UK,prospecting,177.46,35492,313
2026-03-21,Display,UK,retargeting,213.92,42785,310
2026-03-21,Display,US,prospecting,207.03,41407,343
2026-03-21,Display,US,retargeting,252.08,50415,417
2026-03-21,Email,BR,lifecycle,32.11,3567,320
2026-03-21,Email,BR,newsletter,30.49,3387,314
2026-03-21,Email,DE,lifecycle,40.39,4488,383
2026-03-21,Email,DE,newsletter,41.8,4644,427
2026-03-21,Email,IN,lifecycle,27.81,3090,288
2026-03-21,Email,IN,newsletter,28.93,3215,301
2026-03-21,Email,UK,lifecycle,55.16,6129,553
2026-03-21,Email,UK,newsletter,52.85,5872,556
2026-03-21,Email,US,lifecycle,73.03,8115,740
2026-03-21,Email,US,newsletter,59.77,6642,578
2026-03-21,Paid Search,BR,brand,289.66,4023,189
2026-03-21,Paid Search,BR,nonbrand,388.84,5401,281
2026-03-21,Paid Search,DE,brand,494.76,6872,298
2026-03-21,Paid Search,DE,nonbrand,371.9,5165,208
2026-03-21,Paid Search,IN,brand,314.79,4372,188
2026-03-21,Paid Search,IN,nonbrand,254.53,3535,149
2026-03-21,Paid Search,UK,brand,500.28,6948,293
2026-03-21,Paid Search,UK,nonbrand,451.07,6265,276
2026-03-21,Paid Search,US,brand,837.77,11636,511
2026-03-21,Paid Search,US,nonbrand,721.95,10027,429
2026-03-21,Paid Social,BR,prospecting,288.74,22210,454
2026-03-21,Paid Social,BR,retargeting,260.85,20066,383
2026-03-21,Paid Social,DE,prospecting,352.64,27126,500
2026-03-21,Paid Social,DE,retargeting,353.66,27205,482
2026-03-21,Paid Social,IN,prospecting,222.44,17111,312
2026-03-21,Paid Social,IN,retargeting,290.63,22356,365
2026-03-21,Paid Social,UK,prospecting,427.7,32900,523
2026-03-21,Paid Social,UK,retargeting,430.51,33116,596
2026-03-21,Paid Social,US,prospecting,615.93,47379,885
2026-03-21,Paid Social,US,retargeting,595.97,45844,806
2026-03-21,Referral,BR,affiliates,134.26,2984,135
2026-03-21,Referral,DE,affiliates,146.63,3258,165
2026-03-21,Referral,IN,affiliates,94.21,2093,114
2026-03-21,Referral,UK,affiliates,225.68,5015,248
2026-03-21,Referral,US,affiliates,211.13,4692,225
2026-03-21,SEO,BR,organic,29.29,4185,287
2026-03-21,SEO,DE,organic,30.36,4338,304
2026-03-21,SEO,IN,organic,24.24,3464,257
2026-03-21,SEO,UK,organic,40.21,5744,423
2026-03-21,SEO,US,organic,61.92,8846,555
2026-03-22,Display,BR,prospecting,103.91,20783,167
2026-03-22,Display,BR,retargeting,106.86,21372,185
2026-03-22,Display,DE,prospecting,142.51,28502,231
2026-03-22,Display,DE,retargeting,141.49,28297,220
2026-03-22,Display,IN,prospecting,119.51,23903,221
2026-03-22,Display,IN,retargeting,110.07,22014,150
2026-03-22,Display,UK,prospecting,167.35,33470,270
2026-03-22,Display,UK,retargeting,137.81,27562,219
2026-03-22,Display,US,prospecting,238.98,47797,373
2026-03-22,Display,US,retargeting,296.18,59237,510
2026-03-22,Email,BR,lifecycle,32.69,3632,291
2026-03-22,Email,BR,newsletter,36.54,4060,333
2026-03-22,Email,DE,lifecycle,40.58,4508,397
2026-03-22,Email,DE,newsletter,29.51,3279,249
2026-03-22,Email,IN,lifecycle,24.15,2684,259
2026-03-22,Email,IN,newsletter,29.46,3274,310
2026-03-22,Email,UK,lifecycle,50.37,5596,520
2026-03-22,Email,UK,newsletter,59.0,6555,609
2026-03-22,Email,US,lifecycle,91.99,10221,889
2026-03-22,Email,US,newsletter,67.77,7530,611
2026-03-22,Paid Search,BR,brand,306.97,4264,202
2026-03-22,Paid Search,BR,nonbrand,334.79,4650,228
2026-03-22,Paid Search,DE,brand,458.2,6364,294
2026-03-22,Paid Search,DE,nonbrand,407.27,5657,272
2026-03-22,Paid Search,IN,brand,320.48,4451,207
2026-03-22,Paid Search,IN,nonbrand,310.17,4308,204
2026-03-22,Paid Search,UK,brand,568.58,7897,304
2026-03-22,Paid Search,UK,nonbrand,393.68,5468,232
2026-03-22,Paid Search,US,brand,716.91,9957,441
2026-03-22,Paid Search,US,nonbrand,722.79,10039,460
2026-03-22,Paid Social,BR,prospecting,229.37,17644,326
2026-03-22,Paid Social,BR,retargeting,260.72,20056,359
2026-03-22,Paid Social,DE,prospecting,382.79,29446,528
2026-03-22,Paid Social,DE,retargeting,317.69,24438,500
2026-03-22,Paid Social,IN,prospecting,217.98,16768,325
2026-03-22,Paid Social,IN,retargeting,256.01,19693,406
2026-03-22,Paid Social,UK,prospecting,421.96,32458,645
2026-03-22,Paid Social,UK,retargeting,392.17,30167,543
2026-03-22,Paid Social,US,prospecting,649.47,49959,936
2026-03-22,Paid Social,US,retargeting,609.98,46922,852
2026-03-22,Referral,BR,affiliates,108.47,2410,116
2026-03-22,Referral,DE,affiliates,127.87,2842,145
2026-03-22,Referral,IN,affiliates,84.66,1881,103
2026-03-22,Referral,UK,affiliates,178.35,3963,197
2026-03-22,Referral,US,affiliates,218.76,4861,228
2026-03-22,SEO,BR,organic,38.97,5567,408
2026-03-22,SEO,DE,organic,38.98,5568,382
2026-03-22,SEO,IN,organic,26.09,3727,242
2026-03-22,SEO,UK,organic,51.97,7424,540
2026-03-22,SEO,US,organic,65.66,9381,609
2026-03-23,Display,BR,prospecting,104.39,20878,155
2026-03-23,Display,BR,retargeting,101.52,20304,177
2026-03-23,Display,DE,prospecting,118.86,23772,174
2026-03-23,Display,DE,retargeting,154.89,30978,249
2026-03-23,Display,IN,prospecting,94.63,18926,145
2026-03-23,Display,IN,retargeting,81.53,16306,130
2026-03-23,Display,UK,prospecting,182.05,36411,266
2026-03-23,Display,UK,retargeting,157.7,31541,247
2026-03-23,Display,US,prospecting,253.66,50732,404
2026-03-23,Display,US,retargeting,237.96,47592,382
2026-03-23,Email,BR,lifecycle,26.16,2906,256
2026-03-23,Email,BR,newsletter,27.12,3014,273
2026-03-23,Email,DE,lifecycle,40.86,4540,441
2026-03-23,Email,DE,newsletter,31.17,3463,276
2026-03-23,Email,IN,lifecycle,23.32,2591,243
2026-03-23,Email,IN,newsletter,28.44,3160,285
2026-03-23,Email,UK,lifecycle,49.98,5553,503
2026-03-23,Email,UK,newsletter,48.6,5400,478
2026-03-23,Email,US,lifecycle,76.67,8519,754
2026-03-23,Email,US,newsletter,68.35,7595,672
2026-03-23,Paid Search,BR,brand,303.37,4214,172
2026-03-23,Paid Search,BR,nonbrand,306.44,4256,200
2026-03-23,Paid Search,DE,brand,379.58,5272,240
2026-03-23,Paid Search,DE,nonbrand,415.58,5772,272
2026-03-23,Paid Search,IN,brand,229.97,3194,137
2026-03-23,Paid Search,IN,nonbrand,275.61,3828,181
2026-03-23,Paid Search,UK,brand,561.04,7792,385
2026-03-23,Paid Search,UK,nonbrand,485.59,6744,329
2026-03-23,Paid Search,US,brand,703.91,9777,430
2026-03-23,Paid Search,US,nonbrand,607.63,8439,398
2026-03-23,Paid Social,BR,prospecting,301.13,23164,392
2026-03-23,Paid Social,BR,retargeting,210.63,16202,309
2026-03-23,Paid Social,DE,prospecting,272.46,20958,370
2026-03-23,Paid Social,DE,retargeting,290.98,22383,446
2026-03-23,Paid Social,IN,prospecting,276.83,21295,407
2026-03-23,Paid Social,IN,retargeting,229.68,17668,300
2026-03-23,Paid Social,UK,prospecting,343.93,26456,461
2026-03-23,Paid Social,UK,retargeting,340.13,26164,445
2026-03-23,Paid Social,US,prospecting,503.75,38750,682
2026-03-23,Paid Social,US,retargeting,562.0,43231,835
2026-03-23,Referral,BR,affiliates,109.61,2436,130
2026-03-23,Referral,DE,affiliates,107.06,2379,134
2026-03-23,Referral,IN,affiliates,102.75,2283,117
2026-03-23,Referral,UK,affiliates,169.93,3776,189
2026-03-23,Referral,US,affiliates,263.57,5857,273
2026-03-23,SEO,BR,organic,30.73,4390,287
2026-03-23,SEO,DE,organic,31.59,4513,328
2026-03-23,SEO,IN,organic,29.43,4204,321
2026-03-23,SEO,UK,organic,38.17,5453,382
2026-03-23,SEO,US,organic,61.76,8823,570
2026-03-24,Display,BR,prospecting,90.46,18092,146
2026-03-24,Display,BR,retargeting,100.17,20035,167
2026-03-24,Display,DE,prospecting,112.84,22568,194
2026-03-24,Display,DE,retargeting,140.31,28062,207
2026-03-24,Display,IN,prospecting,68.21,13643,111
2026-03-24,Display,IN,retargeting,83.14,16629,124
2026-03-24,Display,UK,prospecting,184.04,36808,280
2026-03-24,Display,UK,retargeting,145.88,29176,243
2026-03-24,Display,US,prospecting,237.94,47589,331
2026-03-24,Display,US,retargeting,258.14,51627,447
2026-03-24,Email,BR,lifecycle,34.11,3790,337
2026-03-24,Email,BR,newsletter,38.4,4266,377
2026-03-24,Email,DE,lifecycle,37.97,4219,384
2026-03-24,Email,DE,newsletter,36.53,4059,378
2026-03-24,Email,IN,lifecycle,24.68,2743,263
2026-03-24,Email,IN,newsletter,28.68,3186,316
2026-03-24,Email,UK,lifecycle,49.32,5480,478
2026-03-24,Email,UK,newsletter,46.67,5185,481
2026-03-24,Email,US,lifecycle,85.2,9466,767
2026-03-24,Email,US,newsletter,64.17,7130,662
2026-03-24,Paid Search,BR,brand,337.34,4685,215
2026-03-24,Paid Search,BR,nonbrand,291.85,4053,185
2026-03-24,Paid Search,DE,brand,334.15,4641,217
2026-03-24,Paid Search,DE,nonbrand,376.07,5223,251
2026-03-24,Paid Search,IN,brand,243.7,3385,141
2026-03-24,Paid Search,IN,nonbrand,287.74,3996,188
2026-03-24,Paid Search,UK,brand,511.59,7105,369
2026-03-24,Paid Search,UK,nonbrand,483.15,6710,256
2026-03-24,Paid Search,US,brand,740.38,10283,488
2026-03-24,Paid Search,US,nonbrand,673.21,9350,389
2026-03-24,Paid Social,BR,prospecting,226.91,17455,307
2026-03-24,Paid Social,BR,retargeting,231.35,17796,324
2026-03-24,Paid Social,DE,prospecting,333.67,25667,536
2026-03-24,Paid Social,DE,retargeting,352.52,27117,526
2026-03-24,Paid Social,IN,prospecting,233.33,17949,370
2026-03-24,Paid Social,IN,retargeting,204.42,15725,262
2026-03-24,Paid Social,UK,prospecting,385.8,29677,482
2026-03-24,Paid Social,UK,retargeting,506.69,38976,720
2026-03-24,Paid Social,US,prospecting,560.06,43081,789
2026-03-24,Paid Social,US,retargeting,669.67,51513,948
2026-03-24,Referral,BR,affiliates,105.48,2344,123
2026-03-24,Referral,DE,affiliates,127.19,2826,151
2026-03-24,Referral,IN,affiliates,93.22,2071,111
2026-03-24,Referral,UK,affiliates,209.83,4663,269
2026-03-24,Referral,US,affiliates,192.91,4287,204
2026-03-24,SEO,BR,organic,26.95,3850,268
2026-03-24,SEO,DE,organic,34.97,4995,347
2026-03-24,SEO,IN,organic,20.61,2945,214
2026-03-24,SEO,UK,organic,52.56,7508,555
2026-03-24,SEO,US,organic,49.09,7012,498
2026-03-25,Display,BR,prospecting,67.5,13500,109
2026-03-25,Display,BR,retargeting,75.08,15015,105
2026-03-25,Display,DE,prospecting,141.66,28332,217
2026-03-25,Display,DE,retargeting,147.73,29546,241
2026-03-25,Display,IN,prospecting,95.6,19121,160
2026-03-25,Display,IN,retargeting,98.36,19673,151
2026-03-25,Display,UK,prospecting,204.04,40808,321
2026-03-25,Display,UK,retargeting,164.12,32825,277
2026-03-25,Display,US,prospecting,240.75,48150,394
2026-03-25,Display,US,retargeting,213.68,42736,327
2026-03-25,Email,BR,lifecycle,29.67,3297,287
2026-03-25,Email,BR,newsletter,29.61,3290,308
2026-03-25,Email,DE,lifecycle,47.32,5257,488
2026-03-25,Email,DE,newsletter,34.17,3796,333
2026-03-25,Email,IN,lifecycle,27.63,3070,275
2026-03-25,Email,IN,newsletter,25.33,2815,258
2026-03-25,Email,UK,lifecycle,46.17,5129,437
2026-03-25,Email,UK,newsletter,48.62,5402,551
2026-03-25,Email,US,lifecycle,67.57,7507,671
2026-03-25,Email,US,newsletter,71.33,7926,746
2026-03-25,Paid Search,BR,brand,280.57,3897,182
2026-03-25,Paid Search,BR,nonbrand,391.31,5435,247
2026-03-25,Paid Search,DE,brand,354.13,4918,223
2026-03-25,Paid Search,DE,nonbrand,363.78,5052,235
2026-03-25,Paid Search,IN,brand,253.24,3517,168
2026-03-25,Paid Search,IN,nonbrand,260.01,3611,168
2026-03-25,Paid Search,UK,brand,525.48,7298,320
2026-03-25,Paid Search,UK,nonbrand,464.79,6455,304
2026-03-25,Paid Search,US,brand,690.56,9591,387
2026-03-25,Paid Search,US,nonbrand,618.17,8586,354
2026-03-25,Paid Social,BR,prospecting,304.66,23436,402
2026-03-25,Paid Social,BR,retargeting,263.49,20268,407
2026-03-25,Paid Social,DE,prospecting,287.78,22137,362
2026-03-25,Paid Social,DE,retargeting,251.75,19365,332
2026-03-25,Paid Social,IN,prospecting,262.29,20177,362
2026-03-25,Paid Social,IN,retargeting,251.58,19353,354
2026-03-25,Paid Social,UK,prospecting,433.59,33353,633
2026-03-25,Paid Social,UK,retargeting,509.35,39180,635
2026-03-25,Paid Social,US,prospecting,549.08,42237,769
2026-03-25,Paid Social,US,retargeting,567.39,43646,843
2026-03-25,Referral,BR,affiliates,128.53,2856,154
2026-03-25,Referral,DE,affiliates,138.97,3088,158
2026-03-25,Referral,IN,affiliates,106.71,2371,118
2026-03-25,Referral,UK,affiliates,207.12,4603,228
2026-03-25,Referral,US,affiliates,250.1,5558,258
2026-03-25,SEO,BR,organic,27.83,3976,264
2026-03-25,SEO,DE,organic,29.77,4253,296
2026-03-25,SEO,IN,organic,23.29,3328,227
2026-03-25,SEO,UK,organic,47.75,6821,445
2026-03-25,SEO,US,organic,67.75,9678,692
2026-03-26,Display,BR,prospecting,91.64,18328,142
2026-03-26,Display,BR,retargeting,76.98,15395,115
2026-03-26,Display,DE,prospecting,126.88,25375,210
2026-03-26,Display,DE,retargeting,136.47,27294,214
2026-03-26,Display,IN,prospecting,90.63,18126,137
2026-03-26,Display,IN,retargeting,103.71,20742,174
2026-03-26,Display,UK,prospecting,156.5,31301,245
2026-03-26,Display,UK,retargeting,159.93,31986,268
2026-03-26,Display,US,prospecting,224.23,44845,361
2026-03-26,Display,US,retargeting,203.97,40793,325
2026-03-26,Email,BR,lifecycle,35.85,3983,317
2026-03-26,Email,BR,newsletter,30.92,3435,322
2026-03-26,Email,DE,lifecycle,40.04,4449,425
2026-03-26,Email,DE,newsletter,38.43,4270,365
2026-03-26,Email,IN,lifecycle,23.75,2639,237
2026-03-26,Email,IN,newsletter,30.39,3377,292
2026-03-26,Email,UK,lifecycle,61.83,6870,677
2026-03-26,Email,UK,newsletter,58.0,6444,528
2026-03-26,Email,US,lifecycle,54.71,6079,515
2026-03-26,Email,US,newsletter,73.04,8116,669
2026-03-26,Paid Search,BR,brand,236.56,3286,139
2026-03-26,Paid Search,BR,nonbrand,351.27,4879,206
2026-03-26,Paid Search,DE,brand,382.97,5319,251
2026-03-26,Paid Search,DE,nonbrand,368.21,5114,239
2026-03-26,Paid Search,IN,brand,266.46,3701,150
2026-03-26,Paid Search,IN,nonbrand,324.6,4508,204
2026-03-26,Paid Search,UK,brand,509.4,7075,281
2026-03-26,Paid Search,UK,nonbrand,519.62,7217,316
2026-03-26,Paid Search,US,brand,694.06,9640,456
2026-03-26,Paid Search,US,nonbrand,697.28,9684,480
2026-03-26,Paid Social,BR,prospecting,314.5,24192,456
2026-03-26,Paid Social,BR,retargeting,251.51,19347,371
2026-03-26,Paid Social,DE,prospecting,331.37,25490,485
2026-03-26,Paid Social,DE,retargeting,272.97,20998,363
2026-03-26,Paid Social,IN,prospecting,270.55,20812,369
2026-03-26,Paid Social,IN,retargeting,214.97,16536,268
2026-03-26,Paid Social,UK,prospecting,485.89,37376,643
2026-03-26,Paid Social,UK,retargeting,375.01,28847,574
2026-03-26,Paid Social,US,prospecting,534.34,41103,767
2026-03-26,Paid Social,US,retargeting,525.15,40396,698
2026-03-26,Referral,BR,affiliates,112.86,2508,125
2026-03-26,Referral,DE,affiliates,141.7,3149,151
2026-03-26,Referral,IN,affiliates,87.4,1942,104
2026-03-26,Referral,UK,affiliates,200.15,4448,189
2026-03-26,Referral,US,affiliates,230.47,5122,268
2026-03-26,SEO,BR,organic,25.96,3709,272
2026-03-26,SEO,DE,organic,31.71,4529,326
2026-03-26,SEO,IN,organic,27.79,3970,270
2026-03-26,SEO,UK,organic,50.2,7172,557
2026-03-26,SEO,US,organic,66.96,9566,768
2026-03-27,Display,BR,prospecting,130.66,26133,232
2026-03-27,Display,BR,retargeting,97.74,19549,159
2026-03-27,Display,DE,prospecting,141.5,28300,209
2026-03-27,Display,DE,retargeting,132.63,26526,187
2026-03-27,Display,IN,prospecting,80.85,16171,117
2026-03-27,Display,IN,retargeting,70.66,14132,106
2026-03-27,Display,UK,prospecting,182.93,36586,295
2026-03-27,Display,UK,retargeting,181.62,36325,308
2026-03-27,Display,US,prospecting,219.46,43892,328
2026-03-27,Display,US,retargeting,226.72,45345,352
2026-03-27,Email,BR,lifecycle,31.37,3486,325
2026-03-27,Email,BR,newsletter,36.13,4015,392
2026-03-27,Email,DE,lifecycle,33.6,3733,354
2026-03-27,Email,DE,newsletter,36.76,4085,366
2026-03-27,Email,IN,lifecycle,27.82,3091,312
2026-03-27,Email,IN,newsletter,29.7,3300,312
2026-03-27,Email,UK,lifecycle,47.91,5323,492
2026-03-27,Email,UK,newsletter,50.48,5609,520
2026-03-27,Email,US,lifecycle,62.79,6976,632
2026-03-27,Email,US,newsletter,88.37,9819,946
2026-03-27,Paid Search,BR,brand,234.77,3261,147
2026-03-27,Paid Search,BR,nonbrand,278.51,3868,156
2026-03-27,Paid Search,DE,brand,382.83,5317,241
2026-03-27,Paid Search,DE,nonbrand,426.5,5924,275
2026-03-27,Paid Search,IN,brand,233.8,3247,154
2026-03-27,Paid Search,IN,nonbrand,276.01,3834,167
2026-03-27,Paid Search,UK,brand,508.16,7058,312
2026-03-27,Paid Search,UK,nonbrand,532.25,7392,324
2026-03-27,Paid Search,US,brand,753.82,10470,460
2026-03-27,Paid Search,US,nonbrand,666.56,9258,425
2026-03-27,Paid Social,BR,prospecting,269.71,20747,337
2026-03-27,Paid Social,BR,retargeting,279.16,21474,372
2026-03-27,Paid Social,DE,prospecting,343.84,26449,451
2026-03-27,Paid Social,DE,retargeting,308.17,23705,405
2026-03-27,Paid Social,IN,prospecting,221.42,17032,283
2026-03-27,Paid Social,IN,retargeting,214.66,16512,280
2026-03-27,Paid Social,UK,prospecting,451.63,34741,666
2026-03-27,Paid Social,UK,retargeting,386.5,29731,561
2026-03-27,Paid Social,US,prospecting,541.51,41654,777
2026-03-27,Paid Social,US,retargeting,611.99,47076,806
2026-03-27,Referral,BR,affiliates,113.55,2523,116
2026-03-27,Referral,DE,affiliates,135.04,3001,145
2026-03-27,Referral,IN,affiliates,105.71,2349,118
2026-03-27,Referral,UK,affiliates,143.57,3190,158
2026-03-27,Referral,US,affiliates,238.21,5294,249
2026-03-27,SEO,BR,organic,27.91,3988,286
2026-03-27,SEO,DE,organic,35.37,5053,315
2026-03-27,SEO,IN,organic,26.42,3774,294
2026-03-27,SEO,UK,organic,41.37,5909,394
2026-03-27,SEO,US,organic,46.39,6627,461
2026-03-28,Display,BR,prospecting,118.06,23612,196
2026-03-28,Display,BR,retargeting,113.87,22774,175
2026-03-28,Display,DE,prospecting,164.94,32989,299
2026-03-28,Display,DE,retargeting,179.15,35830,279
2026-03-28,Display,IN,prospecting,105.29,21058,162
2026-03-28,Display,IN,retargeting,104.42,20884,158
2026-03-28,Display,UK,prospecting,141.57,28315,231
2026-03-28,Display,UK,retargeting,189.28,37856,336
2026-03-28,Display,US,prospecting,271.46,54292,432
2026-03-28,Display,US,retargeting,190.6,38121,319
2026-03-28,Email,BR,lifecycle,33.33,3703,351
2026-03-28,Email,BR,newsletter,33.75,3750,365
2026-03-28,Email,DE,lifecycle,36.01,4001,369
2026-03-28,Email,DE,newsletter,47.1,5234,460
2026-03-28,Email,IN,lifecycle,29.74,3305,328
2026-03-28,Email,IN,newsletter,27.67,3074,292
2026-03-28,Email,UK,lifecycle,40.19,4466,422
2026-03-28,Email,UK,newsletter,67.38,7486,748
2026-03-28,Email,US,lifecycle,68.99,7665,660
2026-03-28,Email,US,newsletter,84.65,9405,797
2026-03-28,Paid Search,BR,brand,280.61,3897,174
2026-03-28,Paid Search,BR,nonbrand,319.71,4440,189
2026-03-28,Paid Search,DE,brand,408.7,5676,267
2026-03-28,Paid Search,DE,nonbrand,473.96,6583,312
2026-03-28,Paid Search,IN,brand,251.31,3490,155
2026-03-28,Paid Search,IN,nonbrand,367.53,5105,218
2026-03-28,Paid Search,UK,brand,503.24,6989,309
2026-03-28,Paid Search,UK,nonbrand,572.3,7949,394
2026-03-28,Paid Search,US,brand,738.48,10257,472
2026-03-28,Paid Search,US,nonbrand,659.46,9159,402
2026-03-28,Paid Social,BR,prospecting,309.59,23814,394
2026-03-28,Paid Social,BR,retargeting,307.37,23644,485
2026-03-28,Paid Social,DE,prospecting,346.4,26646,483
2026-03-28,Paid Social,DE,retargeting,400.16,30782,528
2026-03-28,Paid Social,IN,prospecting,265.35,20411,383
2026-03-28,Paid Social,IN,retargeting,275.93,21225,405
2026-03-28,Paid Social,UK,prospecting,315.9,24300,418
2026-03-28,Paid Social,UK,retargeting,441.27,33944,634
2026-03-28,Paid Social,US,prospecting,702.52,54040,821
2026-03-28,Paid Social,US,retargeting,559.1,43008,775
2026-03-28,Referral,BR,affiliates,117.03,2601,121
2026-03-28,Referral,DE,affiliates,145.84,3241,145
2026-03-28,Referral,IN,affiliates,115.24,2561,136
2026-03-28,Referral,UK,affiliates,166.31,3696,183
2026-03-28,Referral,US,affiliates,243.07,5402,268
2026-03-28,SEO,BR,organic,31.36,4481,326
2026-03-28,SEO,DE,organic,40.05,5722,381
2026-03-28,SEO,IN,organic,29.82,4261,315
2026-03-28,SEO,UK,organic,61.8,8828,593
2026-03-28,SEO,US,organic,55.56,7937,581
2026-03-29,Display,BR,prospecting,132.4,26479,227
2026-03-29,Display,BR,retargeting,107.5,21500,169
2026-03-29,Display,DE,prospecting,146.91,29382,215
2026-03-29,Display,DE,retargeting,116.32,23264,182
2026-03-29,Display,IN,prospecting,112.1,22420,188
2026-03-29,Display,IN,retargeting,74.66,14932,121
2026-03-29,Display,UK,prospecting,202.7,40540,358
2026-03-29,Display,UK,retargeting,155.47,31095,255
2026-03-29,Display,US,prospecting,232.06,46413,366
2026-03-29,Display,US,retargeting,316.5,63301,476
2026-03-29,Email,BR,lifecycle,31.23,3470,297
2026-03-29,Email,BR,newsletter,37.92,4213,378
2026-03-29,Email,DE,lifecycle,44.14,4905,478
2026-03-29,Email,DE,newsletter,36.05,4005,339
2026-03-29,Email,IN,lifecycle,26.28,2920,274
2026-03-29,Email,IN,newsletter,26.25,2916,272
2026-03-29,Email,UK,lifecycle,67.14,7460,688
2026-03-29,Email,UK,newsletter,51.52,5724,479
2026-03-29,Email,US,lifecycle,66.13,7347,580
2026-03-29,Email,US,newsletter,60.0,6667,596
2026-03-29,Paid Search,BR,brand,279.55,3883,194
2026-03-29,Paid Search,BR,nonbrand,323.31,4490,201
2026-03-29,Paid Search,DE,brand,413.27,5740,272
2026-03-29,Paid Search,DE,nonbrand,381.6,5300,212
2026-03-29,Paid Search,IN,brand,274.19,3808,169
2026-03-29,Paid Search,IN,nonbrand,275.34,3824,185
2026-03-29,Paid Search,UK,brand,574.08,7973,355
2026-03-29,Paid Search,UK,nonbrand,532.1,7390,318
2026-03-29,Paid Search,US,brand,681.31,9463,397
2026-03-29,Paid Search,US,nonbrand,835.53,11605,493
2026-03-29,Paid Social,BR,prospecting,174.23,13403,233
2026-03-29,Paid Social,BR,retargeting,268.17,20628,324
2026-03-29,Paid Social,DE,prospecting,445.53,34272,712
2026-03-29,Paid Social,DE,retargeting,330.14,25395,498
2026-03-29,Paid Social,IN,prospecting,254.86,19605,355
2026-03-29,Paid Social,IN,retargeting,265.28,20406,378
2026-03-29,Paid Social,UK,prospecting,496.37,38182,665
2026-03-29,Paid Social,UK,retargeting,528.61,40662,656
2026-03-29,Paid Social,US,prospecting,577.52,44425,788
2026-03-29,Paid Social,US,retargeting,662.04,50926,915
2026-03-29,Referral,BR,affiliates,114.8,2551,125
2026-03-29,Referral,DE,affiliates,137.96,3066,150
2026-03-29,Referral,IN,affiliates,110.91,2465,132
2026-03-29,Referral,UK,affiliates,223.09,4958,244
2026-03-29,Referral,US,affiliates,235.12,5225,245
2026-03-29,SEO,BR,organic,28.07,4010,295
2026-03-29,SEO,DE,organic,41.71,5959,435
2026-03-29,SEO,IN,organic,22.75,3250,243
2026-03-29,SEO,UK,organic,60.95,8708,588
2026-03-29,SEO,US,organic,58.65,8378,592
2026-03-30,Display,BR,prospecting,98.53,19705,166
2026-03-30,Display,BR,retargeting,92.16,18431,153
2026-03-30,Display,DE,prospecting,134.05,26810,215
2026-03-30,Display,DE,retargeting,122.15,24430,205
2026-03-30,Display,IN,prospecting,86.69,17338,136
2026-03-30,Display,IN,retargeting,88.05,17609,148
2026-03-30,Display,UK,prospecting,141.41,28282,226
2026-03-30,Display,UK,retargeting,159.27,31853,272
2026-03-30,Display,US,prospecting,254.5,50901,450
2026-03-30,Display,US,retargeting,235.22,47043,369
2026-03-30,Email,BR,lifecycle,33.12,3680,328
2026-03-30,Email,BR,newsletter,23.62,2624,223
2026-03-30,Email,DE,lifecycle,33.84,3761,337
2026-03-30,Email,DE,newsletter,37.6,4177,339
2026-03-30,Email,IN,lifecycle,33.45,3717,357
2026-03-30,Email,IN,newsletter,26.08,2897,254
2026-03-30,Email,UK,lifecycle,46.19,5132,489
2026-03-30,Email,UK,newsletter,52.75,5861,559
2026-03-30,Email,US,lifecycle,51.11,5679,580
2026-03-30,Email,US,newsletter,66.4,7378,641
2026-03-30,Paid Search,BR,brand,302.73,4205,211
2026-03-30,Paid Search,BR,nonbrand,313.85,4359,171
2026-03-30,Paid Search,DE,brand,375.65,5217,223
2026-03-30,Paid Search,DE,nonbrand,354.63,4925,202
2026-03-30,Paid Search,IN,brand,285.67,3968,183
2026-03-30,Paid Search,IN,nonbrand,307.95,4277,201
2026-03-30,Paid Search,UK,brand,508.08,7057,296
2026-03-30,Paid Search,UK,nonbrand,446.13,6196,267
2026-03-30,Paid Search,US,brand,659.5,9160,445
2026-03-30,Paid Search,US,nonbrand,729.56,10133,442
2026-03-30,Paid Social,BR,prospecting,251.03,19310,362
2026-03-30,Paid Social,BR,retargeting,199.91,15378,287
2026-03-30,Paid Social,DE,prospecting,376.36,28951,491
2026-03-30,Paid Social,DE,retargeting,337.35,25950,460
2026-03-30,Paid Social,IN,prospecting,202.9,15608,292
2026-03-30,Paid Social,IN,retargeting,164.84,12680,223
2026-03-30,Paid Social,UK,prospecting,399.71,30747,565
2026-03-30,Paid Social,UK,retargeting,362.23,27864,478
2026-03-30,Paid Social,US,prospecting,617.66,47512,882
2026-03-30,Paid Social,US,retargeting,607.07,46697,831
2026-03-30,Referral,BR,affiliates,90.61,2013,105
2026-03-30,Referral,DE,affiliates,147.52,3278,170
2026-03-30,Referral,IN,affiliates,100.9,2242,117
2026-03-30,Referral,UK,affiliates,189.76,4217,202
2026-03-30,Referral,US,affiliates,232.33,5163,240
2026-03-30,SEO,BR,organic,22.88,3268,226
2026-03-30,SEO,DE,organic,29.54,4220,313
2026-03-30,SEO,IN,organic,26.1,3729,257
2026-03-30,SEO,UK,organic,48.06,6865,462
2026-03-30,SEO,US,organic,67.23,9604,700
2026-03-31,Display,BR,prospecting,74.02,14804,117
2026-03-31,Display,BR,retargeting,100.24,20047,159
2026-03-31,Display,DE,prospecting,178.56,35712,249
2026-03-31,Display,DE,retargeting,123.83,24765,202
2026-03-31,Display,IN,prospecting,75.95,15190,120
2026-03-31,Display,IN,retargeting,107.03,21406,167
2026-03-31,Display,UK,prospecting,151.7,30340,226
2026-03-31,Display,UK,retargeting,172.02,34404,283
2026-03-31,Display,US,prospecting,266.67,53334,400
2026-03-31,Display,US,retargeting,256.38,51276,364
2026-03-31,Email,BR,lifecycle,31.09,3454,302
2026-03-31,Email,BR,newsletter,29.32,3258,279
2026-03-31,Email,DE,lifecycle,41.47,4607,428
2026-03-31,Email,DE,newsletter,39.71,4413,350
2026-03-31,Email,IN,lifecycle,23.87,2652,251
2026-03-31,Email,IN,newsletter,23.37,2597,238
2026-03-31,Email,UK,lifecycle,57.18,6353,541
2026-03-31,Email,UK,newsletter,48.92,5436,523
2026-03-31,Email,US,lifecycle,78.23,8693,771
2026-03-31,Email,US,newsletter,67.44,7493,691
2026-03-31,Paid Search,BR,brand,265.46,3687,149
2026-03-31,Paid Search,BR,nonbrand,283.58,3939,171
2026-03-31,Paid Search,DE,brand,320.07,4445,178
2026-03-31,Paid Search,DE,nonbrand,404.66,5620,242
2026-03-31,Paid Search,IN,brand,243.62,3384,158
2026-03-31,Paid Search,IN,nonbrand,281.8,3914,169
2026-03-31,Paid Search,UK,brand,645.68,8968,418
2026-03-31,Paid Search,UK,nonbrand,557.29,7740,346
2026-03-31,Paid Search,US,brand,749.68,10412,504
2026-03-31,Paid Search,US,nonbrand,659.22,9156,383
2026-03-31,Paid Social,BR,prospecting,292.16,22474,434
2026-03-31,Paid Social,BR,retargeting,234.6,18046,311
2026-03-31,Paid Social,DE,prospecting,368.1,28316,488
2026-03-31,Paid Social,DE,retargeting,323.61,24893,445
2026-03-31,Paid Social,IN,prospecting,231.26,17789,298
2026-03-31,Paid Social,IN,retargeting,232.05,17850,322
2026-03-31,Paid Social,UK,prospecting,453.43,34879,650
2026-03-31,Paid Social,UK,retargeting,328.56,25274,493
2026-03-31,Paid Social,US,prospecting,602.49,46345,814
2026-03-31,Paid Social,US,retargeting,567.37,43644,740
2026-03-31,Referral,BR,affiliates,93.43,2076,102
2026-03-31,Referral,DE,affiliates,134.7,2993,155
2026-03-31,Referral,IN,affiliates,102.58,2280,109
2026-03-31,Referral,UK,affiliates,166.36,3697,170
2026-03-31,Referral,US,affiliates,264.71,5882,314
2026-03-31,SEO,BR,organic,31.89,4555,338
2026-03-31,SEO,DE,organic,28.21,4030,288
2026-03-31,SEO,IN,organic,24.37,3481,252
2026-03-31,SEO,UK,organic,52.34,7477,517
2026-03-31,SEO,US,organic,56.35,8049,568
2026-04-01,Display,BR,prospecting,89.82,17964,142
2026-04-01,Display,BR,retargeting,99.54,19908,148
2026-04-01,Display,DE,prospecting,132.73,26545,212
2026-04-01,Display,DE,retargeting,143.4,28679,249
2026-04-01,Display,IN,prospecting,72.05,14409,122
2026-04-01,Display,IN,retargeting,129.27,25855,225
2026-04-01,Display,UK,prospecting,179.56,35912,307
2026-04-01,Display,UK,retargeting,188.0,37600,267
2026-04-01,Display,US,prospecting,209.58,41916,342
2026-04-01,Display,US,retargeting,220.21,44041,365
2026-04-01,Email,BR,lifecycle,34.28,3809,333
2026-04-01,Email,BR,newsletter,32.56,3618,332
2026-04-01,Email,DE,lifecycle,43.03,4781,426
2026-04-01,Email,DE,newsletter,40.44,4494,422
2026-04-01,Email,IN,lifecycle,32.31,3590,300
2026-04-01,Email,IN,newsletter,29.2,3245,316
2026-04-01,Email,UK,lifecycle,47.57,5286,478
2026-04-01,Email,UK,newsletter,64.7,7189,590
2026-04-01,Email,US,lifecycle,54.33,6036,590
2026-04-01,Email,US,newsletter,74.76,8307,752
2026-04-01,Paid Search,BR,brand,284.61,3953,204
2026-04-01,Paid Search,BR,nonbrand,327.19,4544,201
2026-04-01,Paid Search,DE,brand,364.44,5062,249
2026-04-01,Paid Search,DE,nonbrand,459.74,6385,285
2026-04-01,Paid Search,IN,brand,280.96,3902,167
2026-04-01,Paid Search,IN,nonbrand,273.71,3802,171
2026-04-01,Paid Search,UK,brand,615.84,8553,397
2026-04-01,Paid Search,UK,nonbrand,518.81,7206,332
2026-04-01,Paid Search,US,brand,699.6,9717,462
2026-04-01,Paid Search,US,nonbrand,711.56,9883,468
2026-04-01,Paid Social,BR,prospecting,287.75,22135,431
2026-04-01,Paid Social,BR,retargeting,255.98,19691,394
2026-04-01,Paid Social,DE,prospecting,353.47,27190,489
2026-04-01,Paid Social,DE,retargeting,374.13,28780,542
2026-04-01,Paid Social,IN,prospecting,254.17,19552,359
2026-04-01,Paid Social,IN,retargeting,241.01,18539,325
2026-04-01,Paid Social,UK,prospecting,430.96,33151,624
2026-04-01,Paid Social,UK,retargeting,543.98,41845,941
2026-04-01,Paid Social,US,prospecting,485.09,37315,673
2026-04-01,Paid Social,US,retargeting,622.36,47874,924
2026-04-01,Referral,BR,affiliates,112.89,2509,123
2026-04-01,Referral,DE,affiliates,136.88,3042,158
2026-04-01,Referral,IN,affiliates,90.23,2005,98
2026-04-01,Referral,UK,affiliates,176.57,3924,222
2026-04-01,Referral,US,affiliates,239.93,5332,292
2026-04-01,SEO,BR,organic,30.86,4408,298
2026-04-01,SEO,DE,organic,30.49,4356,310
2026-04-01,SEO,IN,organic,32.23,4605,329
2026-04-01,SEO,UK,organic,44.38,6340,438
2026-04-01,SEO,US,organic,65.16,9308,695
2026-04-02,Display,BR,prospecting,108.96,21791,171
2026-04-02,Display,BR,retargeting,113.72,22745,192
2026-04-02,Display,DE,prospecting,112.99,22598,176
2026-04-02,Display,DE,retargeting,114.73,22946,189
2026-04-02,Display,IN,prospecting,87.72,17544,134
2026-04-02,Display,IN,retargeting,92.6,18520,137
2026-04-02,Display,UK,prospecting,160.41,32082,276
2026-04-02,Display,UK,retargeting,223.94,44788,355
2026-04-02,Display,US,prospecting,214.5,42900,321
2026-04-02,Display,US,retargeting,190.67,38134,328
2026-04-02,Email,BR,lifecycle,37.21,4134,383
2026-04-02,Email,BR,newsletter,35.25,3917,356
2026-04-02,Email,DE,lifecycle,43.3,4812,460
2026-04-02,Email,DE,newsletter,39.69,4410,387
2026-04-02,Email,IN,lifecycle,20.86,2318,208
2026-04-02,Email,IN,newsletter,32.66,3629,336
2026-04-02,Email,UK,lifecycle,55.55,6173,572
2026-04-02,Email,UK,newsletter,53.12,5902,554
2026-04-02,Email,US,lifecycle,78.03,8670,756
2026-04-02,Email,US,newsletter,62.34,6926,649
2026-04-02,Paid Search,BR,brand,283.02,3931,167
2026-04-02,Paid Search,BR,nonbrand,366.37,5088,226
2026-04-02,Paid Search,DE,brand,432.81,6011,275
2026-04-02,Paid Search,DE,nonbrand,443.64,6162,284
2026-04-02,Paid Search,IN,brand,322.33,4477,210
2026-04-02,Paid Search,IN,nonbrand,307.7,4274,189
2026-04-02,Paid Search,UK,brand,544.08,7557,310
2026-04-02,Paid Search,UK,nonbrand,575.44,7992,350
2026-04-02,Paid Search,US,brand,730.67,10148,415
2026-04-02,Paid Search,US,nonbrand,694.95,9652,414
2026-04-02,Paid Social,BR,prospecting,221.95,17073,317
2026-04-02,Paid Social,BR,retargeting,235.78,18137,331
2026-04-02,Paid Social,DE,prospecting,393.77,30290,518
2026-04-02,Paid Social,DE,retargeting,263.2,20246,328
2026-04-02,Paid Social,IN,prospecting,224.06,17236,314
2026-04-02,Paid Social,IN,retargeting,228.62,17586,315
2026-04-02,Paid Social,UK,prospecting,423.32,32563,583
2026-04-02,Paid Social,UK,retargeting,449.58,34583,667
2026-04-02,Paid Social,US,prospecting,621.45,47804,899
2026-04-02,Paid Social,US,retargeting,480.56,36966,651
2026-04-02,Referral,BR,affiliates,111.66,2481,127
2026-04-02,Referral,DE,affiliates,155.94,3465,168
2026-04-02,Referral,IN,affiliates,88.57,1968,103
2026-04-02,Referral,UK,affiliates,209.54,4656,237
2026-04-02,Referral,US,affiliates,262.22,5827,314
2026-04-02,SEO,BR,organic,23.02,3288,239
2026-04-02,SEO,DE,organic,30.23,4319,310
2026-04-02,SEO,IN,organic,27.89,3985,276
2026-04-02,SEO,UK,organic,39.19,5598,395
2026-04-02,SEO,US,organic,61.04,8720,572
2026-04-03,Display,BR,prospecting,107.37,21474,179
2026-04-03,Display,BR,retargeting,113.45,22690,187
2026-04-03,Display,DE,prospecting,126.09,25218,216
2026-04-03,Display,DE,retargeting,142.45,28490,220
2026-04-03,Display,IN,prospecting,93.91,18782,149
2026-04-03,Display,IN,retargeting,81.37,16275,119
2026-04-03,Display,UK,prospecting,158.16,31631,257
2026-04-03,Display,UK,retargeting,188.66,37733,286
2026-04-03,Display,US,prospecting,219.51,43901,339
2026-04-03,Display,US,retargeting,275.08,55015,464
2026-04-03,Email,BR,lifecycle,28.59,3176,295
2026-04-03,Email,BR,newsletter,34.21,3801,347
2026-04-03,Email,DE,lifecycle,35.06,3896,336
2026-04-03,Email,DE,newsletter,27.82,3091,294
2026-04-03,Email,IN,lifecycle,28.22,3135,308
2026-04-03,Email,IN,newsletter,33.61,3734,306
2026-04-03,Email,UK,lifecycle,51.9,5766,559
2026-04-03,Email,UK,newsletter,65.53,7281,645
2026-04-03,Email,US,lifecycle,88.95,9883,980
2026-04-03,Email,US,newsletter,65.97,7330,733
2026-04-03,Paid Search,BR,brand,296.63,4120,196
2026-04-03,Paid Search,BR,nonbrand,263.81,3664,158
2026-04-03,Paid Search,DE,brand,327.2,4544,183
2026-04-03,Paid Search,DE,nonbrand,332.67,4620,212
2026-04-03,Paid Search,IN,brand,242.24,3364,152
2026-04-03,Paid Search,IN,nonbrand,276.78,3844,161
2026-04-03,Paid Search,UK,brand,474.18,6586,309
2026-04-03,Paid Search,UK,nonbrand,571.46,7937,323
2026-04-03,Paid Search,US,brand,761.32,10574,499
2026-04-03,Paid Search,US,nonbrand,631.3,8768,420
2026-04-03,Paid Social,BR,prospecting,251.79,19368,347
2026-04-03,Paid Social,BR,retargeting,227.96,17535,301
2026-04-03,Paid Social,DE,prospecting,269.98,20768,394
2026-04-03,Paid Social,DE,retargeting,355.04,27311,493
2026-04-03,Paid Social,IN,prospecting,229.91,17686,321
2026-04-03,Paid Social,IN,retargeting,243.84,18757,322
2026-04-03,Paid Social,UK,prospecting,429.64,33049,614
2026-04-03,Paid Social,UK,retargeting,458.7,35284,675
2026-04-03,Paid Social,US,prospecting,487.61,37509,678
2026-04-03,Paid Social,US,retargeting,598.7,46054,900
2026-04-03,Referral,BR,affiliates,113.82,2529,127
2026-04-03,Referral,DE,affiliates,152.42,3387,175
2026-04-03,Referral,IN,affiliates,108.74,2416,127
2026-04-03,Referral,UK,affiliates,219.61,4880,241
2026-04-03,Referral,US,affiliates,243.26,5406,246
2026-04-03,SEO,BR,organic,28.41,4059,251
2026-04-03,SEO,DE,organic,41.34,5906,437
2026-04-03,SEO,IN,organic,25.45,3636,256
2026-04-03,SEO,UK,organic,50.83,7261,483
2026-04-03,SEO,US,organic,63.17,9025,539
2026-04-04,Display,BR,prospecting,113.03,22606,174
2026-04-04,Display,BR,retargeting,105.65,21131,167
2026-04-04,Display,DE,prospecting,167.8,33561,262
2026-04-04,Display,DE,retargeting,151.3,30261,241
2026-04-04,Display,IN,prospecting,97.32,19463,142
2026-04-04,Display,IN,retargeting,97.35,19469,141
2026-04-04,Display,UK,prospecting,177.64,35529,280
2026-04-04,Display,UK,retargeting,165.7,33140,269
2026-04-04,Display,US,prospecting,209.81,41962,341
2026-04-04,Display,US,retargeting,220.29,44057,370
2026-04-04,Email,BR,lifecycle,36.45,4050,388
2026-04-04,Email,BR,newsletter,36.71,4078,355
2026-04-04,Email,DE,lifecycle,47.13,5237,424
2026-04-04,Email,DE,newsletter,42.86,4763,418
2026-04-04,Email,IN,lifecycle,26.65,2961,278
2026-04-04,Email,IN,newsletter,27.05,3006,260
2026-04-04,Email,UK,lifecycle,63.38,7042,735
2026-04-04,Email,UK,newsletter,53.73,5970,535
2026-04-04,Email,US,lifecycle,69.26,7695,645
2026-04-04,Email,US,newsletter,64.98,7220,665
2026-04-04,Paid Search,BR,brand,393.39,5464,260
2026-04-04,Paid Search,BR,nonbrand,293.55,4077,180
2026-04-04,Paid Search,DE,brand,414.74,5760,248
2026-04-04,Paid Search,DE,nonbrand,410.94,5708,274
2026-04-04,Paid Search,IN,brand,303.51,4215,175
2026-04-04,Paid Search,IN,nonbrand,211.8,2942,134
2026-04-04,Paid Search,UK,brand,490.32,6810,344
2026-04-04,Paid Search,UK,nonbrand,469.31,6518,278
2026-04-04,Paid Search,US,brand,729.54,10132,467
2026-04-04,Paid Search,US,nonbrand,770.36,10699,470
2026-04-04,Paid Social,BR,prospecting,196.81,15140,286
2026-04-04,Paid Social,BR,retargeting,285.29,21946,389
2026-04-04,Paid Social,DE,prospecting,411.81,31678,552
2026-04-04,Paid Social,DE,retargeting,345.22,26555,447
2026-04-04,Paid Social,IN,prospecting,253.95,19535,337
2026-04-04,Paid Social,IN,retargeting,203.03,15618,271
2026-04-04,Paid Social,UK,prospecting,470.27,36175,680
2026-04-04,Paid Social,UK,retargeting,459.94,35380,657
2026-04-04,Paid Social,US,prospecting,684.56,52659,1034
2026-04-04,Paid Social,US,retargeting,601.23,46249,833
2026-04-04,Referral,BR,affiliates,134.35,2986,145
2026-04-04,Referral,DE,affiliates,147.55,3279,172
2026-04-04,Referral,IN,affiliates,105.76,2350,119
2026-04-04,Referral,UK,affiliates,201.05,4468,252
2026-04-04,Referral,US,affiliates,291.53,6478,298
2026-04-04,SEO,BR,organic,33.9,4843,324
2026-04-04,SEO,DE,organic,43.79,6256,400
2026-04-04,SEO,IN,organic,28.61,4088,305
2026-04-04,SEO,UK,organic,44.75,6393,452
2026-04-04,SEO,US,organic,71.94,10278,737
2026-04-05,Display,BR,prospecting,106.37,21273,188
2026-04-05,Display,BR,retargeting,112.91,22583,188
2026-04-05,Display,DE,prospecting,119.94,23988,205
2026-04-05,Display,DE,retargeting,155.85,31170,244
2026-04-05,Display,IN,prospecting,95.59,19118,156
2026-04-05,Display,IN,retargeting,104.95,20991,151
2026-04-05,Display,UK,prospecting,205.9,41180,342
2026-04-05,Display,UK,retargeting,187.19,37438,285
2026-04-05,Display,US,prospecting,241.19,48238,381
2026-04-05,Display,US,retargeting,266.29,53257,448
2026-04-05,Email,BR,lifecycle,36.47,4052,388
2026-04-05,Email,BR,newsletter,38.42,4269,417
2026-04-05,Email,DE,lifecycle,44.25,4916,460
2026-04-05,Email,DE,newsletter,41.83,4647,427
2026-04-05,Email,IN,lifecycle,28.79,3198,287
2026-04-05,Email,IN,newsletter,34.19,3799,328
2026-04-05,Email,UK,lifecycle,55.34,6149,567
2026-04-05,Email,UK,newsletter,67.21,7468,659
2026-04-05,Email,US,lifecycle,80.24,8916,811
2026-04-05,Email,US,newsletter,71.13,7904,687
2026-04-05,Paid Search,BR,brand,367.85,5109,216
2026-04-05,Paid Search,BR,nonbrand,321.02,4459,221
2026-04-05,Paid Search,DE,brand,384.07,5334,251
2026-04-05,Paid Search,DE,nonbrand,378.41,5256,253
2026-04-05,Paid Search,IN,brand,350.8,4872,217
2026-04-05,Paid Search,IN,nonbrand,197.57,2744,120
2026-04-05,Paid Search,UK,brand,649.15,9016,410
2026-04-05,Paid Search,UK,nonbrand,470.22,6531,316
2026-04-05,Paid Search,US,brand,836.34,11616,472
2026-04-05,Paid Search,US,nonbrand,709.62,9856,416
2026-04-05,Paid Social,BR,prospecting,298.06,22928,384
2026-04-05,Paid Social,BR,retargeting,366.81,28216,486
2026-04-05,Paid Social,DE,prospecting,312.76,24058,450
2026-04-05,Paid Social,DE,retargeting,394.38,30337,536
2026-04-05,Paid Social,IN,prospecting,326.28,25098,484
2026-04-05,Paid Social,IN,retargeting,171.88,13222,229
2026-04-05,Paid Social,UK,prospecting,549.67,42282,770
2026-04-05,Paid Social,UK,retargeting,499.76,38443,657
2026-04-05,Paid Social,US,prospecting,600.08,46160,887
2026-04-05,Paid Social,US,retargeting,858.43,66033,1235
2026-04-05,Referral,BR,affiliates,122.52,2723,128
2026-04-05,Referral,DE,affiliates,145.51,3234,140
2026-04-05,Referral,IN,affiliates,117.11,2603,128
2026-04-05,Referral,UK,affiliates,185.3,4118,195
2026-04-05,Referral,US,affiliates,286.2,6360,356
2026-04-05,SEO,BR,organic,33.65,4807,383
2026-04-05,SEO,DE,organic,33.34,4762,323
2026-04-05,SEO,IN,organic,27.95,3993,306
2026-04-05,SEO,UK,organic,58.42,8346,546
2026-04-05,SEO,US,organic,70.38,10055,628
2026-04-06,Display,BR,prospecting,117.48,23495,180
2026-04-06,Display,BR,retargeting,109.07,21814,176
2026-04-06,Display,DE,prospecting,120.05,24010,180
2026-04-06,Display,DE,retargeting,144.56,28911,238
2026-04-06,Display,IN,prospecting,103.37,20674,168
2026-04-06,Display,IN,retargeting,88.99,17798,145
2026-04-06,Display,UK,prospecting,156.25,31251,247
2026-04-06,Display,UK,retargeting,179.77,35955,298
2026-04-06,Display,US,prospecting,274.63,54926,439
2026-04-06,Display,US,retargeting,250.16,50033,417
2026-04-06,Email,BR,lifecycle,33.41,3712,331
2026-04-06,Email,BR,newsletter,33.48,3720,305
2026-04-06,Email,DE,lifecycle,36.7,4078,345
2026-04-06,Email,DE,newsletter,43.69,4855,434
2026-04-06,Email,IN,lifecycle,35.34,3926,385
2026-04-06,Email,IN,newsletter,29.33,3258,280
2026-04-06,Email,UK,lifecycle,48.63,5404,467
2026-04-06,Email,UK,newsletter,53.53,5948,577
2026-04-06,Email,US,lifecycle,67.85,7539,634
2026-04-06,Email,US,newsletter,66.43,7381,683
2026-04-06,Paid Search,BR,brand,317.33,4407,204
2026-04-06,Paid Search,BR,nonbrand,300.11,4168,195
2026-04-06,Paid Search,DE,brand,401.18,5572,247
2026-04-06,Paid Search,DE,nonbrand,383.18,5322,227
2026-04-06,Paid Search,IN,brand,275.75,3830,187
2026-04-06,Paid Search,IN,nonbrand,334.65,4648,197
2026-04-06,Paid Search,UK,brand,544.5,7562,333
2026-04-06,Paid Search,UK,nonbrand,480.0,6667,301
2026-04-06,Paid Search,US,brand,745.0,10347,465
2026-04-06,Paid Search,US,nonbrand,631.8,8775,385
2026-04-06,Paid Social,BR,prospecting,204.28,15714,252
2026-04-06,Paid Social,BR,retargeting,248.47,19113,338
2026-04-06,Paid Social,DE,prospecting,307.57,23659,392
2026-04-06,Paid Social,DE,retargeting,297.47,22883,397
2026-04-06,Paid Social,IN,prospecting,188.69,14514,293
2026-04-06,Paid Social,IN,retargeting,213.61,16432,283
2026-04-06,Paid Social,UK,prospecting,438.84,33757,602
2026-04-06,Paid Social,UK,retargeting,359.95,27689,528
2026-04-06,Paid Social,US,prospecting,594.43,45726,817
2026-04-06,Paid Social,US,retargeting,604.94,46534,866
2026-04-06,Referral,BR,affiliates,107.9,2398,127
2026-04-06,Referral,DE,affiliates,135.11,3002,153
2026-04-06,Referral,IN,affiliates,122.44,2721,138
2026-04-06,Referral,UK,affiliates,181.48,4033,209
2026-04-06,Referral,US,affiliates,236.93,5265,259
2026-04-06,SEO,BR,organic,25.81,3687,268
2026-04-06,SEO,DE,organic,42.41,6059,422
2026-04-06,SEO,IN,organic,27.97,3996,275
2026-04-06,SEO,UK,organic,52.82,7546,551
2026-04-06,SEO,US,organic,63.2,9028,682
2026-04-07,Display,BR,prospecting,99.59,19917,161
2026-04-07,Display,BR,retargeting,111.36,22272,192
2026-04-07,Display,DE,prospecting,150.04,30008,236
2026-04-07,Display,DE,retargeting,156.9,31380,252
2026-04-07,Display,IN,prospecting,102.53,20505,172
2026-04-07,Display,IN,retargeting,86.35,17270,130
2026-04-07,Display,UK,prospecting,175.45,35091,246
2026-04-07,Display,UK,retargeting,165.6,33119,281
2026-04-07,Display,US,prospecting,208.5,41700,340
2026-04-07,Display,US,retargeting,240.53,48106,399
2026-04-07,Email,BR,lifecycle,30.14,3348,353
2026-04-07,Email,BR,newsletter,23.61,2624,228
2026-04-07,Email,DE,lifecycle,38.98,4331,364
2026-04-07,Email,DE,newsletter,43.18,4798,433
2026-04-07,Email,IN,lifecycle,27.93,3103,285
2026-04-07,Email,IN,newsletter,20.76,2307,181
2026-04-07,Email,UK,lifecycle,54.61,6068,507
2026-04-07,Email,UK,newsletter,58.3,6478,579
2026-04-07,Email,US,lifecycle,78.62,8736,909
2026-04-07,Email,US,newsletter,68.84,7649,769
2026-04-07,Paid Search,BR,brand,300.3,4171,186
2026-04-07,Paid Search,BR,nonbrand,394.12,5474,238
2026-04-07,Paid Search,DE,brand,378.82,5261,229
2026-04-07,Paid Search,DE,nonbrand,473.86,6581,300
2026-04-07,Paid Search,IN,brand,271.33,3769,187
2026-04-07,Paid Search,IN,nonbrand,334.41,4645,190
2026-04-07,Paid Search,UK,brand,560.33,7782,347
2026-04-07,Paid Search,UK,nonbrand,462.65,6426,297
2026-04-07,Paid Search,US,brand,609.26,8462,389
2026-04-07,Paid Search,US,nonbrand,575.96,7999,303
2026-04-07,Paid Social,BR,prospecting,300.84,23142,427
2026-04-07,Paid Social,BR,retargeting,264.81,20370,359
2026-04-07,Paid Social,DE,prospecting,353.44,27187,436
2026-04-07,Paid Social,DE,retargeting,332.1,25546,442
2026-04-07,Paid Social,IN,prospecting,257.45,19804,333
2026-04-07,Paid Social,IN,retargeting,251.05,19312,369
2026-04-07,Paid Social,UK,prospecting,499.02,38386,631
2026-04-07,Paid Social,UK,retargeting,396.95,30535,513
2026-04-07,Paid Social,US,prospecting,503.46,38728,689
2026-04-07,Paid Social,US,retargeting,553.38,42567,728
2026-04-07,Referral,BR,affiliates,110.18,2448,130
2026-04-07,Referral,DE,affiliates,107.01,2378,134
2026-04-07,Referral,IN,affiliates,97.92,2176,107
2026-04-07,Referral,UK,affiliates,218.74,4861,225
2026-04-07,Referral,US,affiliates,225.2,5005,230
2026-04-07,SEO,BR,organic,31.59,4512,327
2026-04-07,SEO,DE,organic,40.75,5821,412
2026-04-07,SEO,IN,organic,23.24,3320,214
2026-04-07,SEO,UK,organic,48.42,6918,505
2026-04-07,SEO,US,organic,66.07,9439,639
2026-04-08,Display,BR,prospecting,110.28,22056,174
2026-04-08,Display,BR,retargeting,127.44,25488,206
2026-04-08,Display,DE,prospecting,128.61,25721,203
2026-04-08,Display,DE,retargeting,132.15,26431,203
2026-04-08,Display,IN,prospecting,99.82,19965,149
2026-04-08,Display,IN,retargeting,92.49,18499,135
2026-04-08,Display,UK,prospecting,169.2,33839,280
2026-04-08,Display,UK,retargeting,187.25,37451,321
2026-04-08,Display,US,prospecting,277.34,55468,431
2026-04-08,Display,US,retargeting,216.76,43352,361
2026-04-08,Email,BR,lifecycle,30.32,3369,331
2026-04-08,Email,BR,newsletter,37.43,4159,350
2026-04-08,Email,DE,lifecycle,42.14,4682,453
2026-04-08,Email,DE,newsletter,41.03,4559,413
2026-04-08,Email,IN,lifecycle,25.37,2819,265
2026-04-08,Email,IN,newsletter,28.08,3120,313
2026-04-08,Email,UK,lifecycle,50.73,5637,480
2026-04-08,Email,UK,newsletter,45.39,5044,441
2026-04-08,Email,US,lifecycle,61.5,6833,606
2026-04-08,Email,US,newsletter,61.57,6841,640
2026-04-08,Paid Search,BR,brand,302.47,4201,195
2026-04-08,Paid Search,BR,nonbrand,357.4,4964,222
2026-04-08,Paid Search,DE,brand,469.52,6521,318
2026-04-08,Paid Search,DE,nonbrand,330.73,4594,196
2026-04-08,Paid Search,IN,brand,333.3,4629,217
2026-04-08,Paid Search,IN,nonbrand,358.7,4982,203
2026-04-08,Paid Search,UK,brand,420.43,5839,272
2026-04-08,Paid Search,UK,nonbrand,579.95,8055,357
2026-04-08,Paid Search,US,brand,842.11,11696,544
2026-04-08,Paid Search,US,nonbrand,686.98,9541,426
2026-04-08,Paid Social,BR,prospecting,303.61,23355,395
2026-04-08,Paid Social,BR,retargeting,224.02,17232,296
2026-04-08,Paid Social,DE,prospecting,381.53,29348,521
2026-04-08,Paid Social,DE,retargeting,328.26,25251,461
2026-04-08,Paid Social,IN,prospecting,236.31,18178,341
2026-04-08,Paid Social,IN,retargeting,149.4,11492,216
2026-04-08,Paid Social,UK,prospecting,493.11,37931,707
2026-04-08,Paid Social,UK,retargeting,448.72,34517,576
2026-04-08,Paid Social,US,prospecting,607.01,46693,697
2026-04-08,Paid Social,US,retargeting,499.28,38406,707
2026-04-08,Referral,BR,affiliates,116.76,2595,122
2026-04-08,Referral,DE,affiliates,160.47,3566,175
2026-04-08,Referral,IN,affiliates,96.5,2144,105
2026-04-08,Referral,UK,affiliates,219.1,4869,254
2026-04-08,Referral,US,affiliates,284.51,6322,337
2026-04-08,SEO,BR,organic,28.41,4059,270
2026-04-08,SEO,DE,organic,28.52,4074,249
2026-04-08,SEO,IN,organic,30.26,4322,332
2026-04-08,SEO,UK,organic,48.28,6898,483
2026-04-08,SEO,US,organic,65.47,9353,614
2026-04-09,Display,BR,prospecting,109.24,21848,170
2026-04-09,Display,BR,retargeting,106.38,21276,184
2026-04-09,Display,DE,prospecting,131.66,26332,217
2026-04-09,Display,DE,retargeting,141.91,28382,227
2026-04-09,Display,IN,prospecting,107.43,21486,170
2026-04-09,Display,IN,retargeting,102.49,20498,168
2026-04-09,Display,UK,prospecting,195.4,39080,329
2026-04-09,Display,UK,retargeting,129.41,25882,227
2026-04-09,Display,US,prospecting,227.67,45534,384
2026-04-09,Display,US,retargeting,235.85,47170,363
2026-04-09,Email,BR,lifecycle,29.78,3309,286
2026-04-09,Email,BR,newsletter,28.8,3200,284
2026-04-09,Email,DE,lifecycle,36.8,4088,389
2026-04-09,Email,DE,newsletter,41.53,4615,404
2026-04-09,Email,IN,lifecycle,31.07,3452,318
2026-04-09,Email,IN,newsletter,27.79,3088,263
2026-04-09,Email,UK,lifecycle,41.01,4557,391
2026-04-09,Email,UK,newsletter,55.6,6178,541
2026-04-09,Email,US,lifecycle,70.91,7879,744
2026-04-09,Email,US,newsletter,80.54,8949,851
2026-04-09,Paid Search,BR,brand,332.81,4622,211
2026-04-09,Paid Search,BR,nonbrand,356.5,4951,222
2026-04-09,Paid Search,DE,brand,424.6,5897,249
2026-04-09,Paid Search,DE,nonbrand,322.51,4479,199
2026-04-09,Paid Search,IN,brand,282.75,3927,164
2026-04-09,Paid Search,IN,nonbrand,292.91,4068,179
2026-04-09,Paid Search,UK,brand,593.09,8237,332
2026-04-09,Paid Search,UK,nonbrand,556.19,7725,334
2026-04-09,Paid Search,US,brand,677.19,9405,428
2026-04-09,Paid Search,US,nonbrand,769.51,10688,476
2026-04-09,Paid Social,BR,prospecting,251.66,19358,347
2026-04-09,Paid Social,BR,retargeting,306.66,23589,431
2026-04-09,Paid Social,DE,prospecting,287.38,22107,360
2026-04-09,Paid Social,DE,retargeting,293.43,22572,412
2026-04-09,Paid Social,IN,prospecting,225.8,17370,259
2026-04-09,Paid Social,IN,retargeting,219.85,16911,287
2026-04-09,Paid Social,UK,prospecting,480.35,36950,667
2026-04-09,Paid Social,UK,retargeting,323.55,24888,414
2026-04-09,Paid Social,US,prospecting,667.19,51322,906
2026-04-09,Paid Social,US,retargeting,694.46,53420,1073
2026-04-09,Referral,BR,affiliates,108.66,2415,118
2026-04-09,Referral,DE,affiliates,130.62,2903,123
2026-04-09,Referral,IN,affiliates,100.31,2229,125
2026-04-09,Referral,UK,affiliates,194.18,4315,201
2026-04-09,Referral,US,affiliates,231.17,5137,258
2026-04-09,SEO,BR,organic,29.79,4256,278
2026-04-09,SEO,DE,organic,31.18,4454,288
2026-04-09,SEO,IN,organic,21.94,3135,241
2026-04-09,SEO,UK,organic,53.07,7582,510
2026-04-09,SEO,US,organic,62.43,8919,725
2026-04-10,Display,BR,prospecting,102.39,20478,185
2026-04-10,Display,BR,retargeting,122.15,24430,173
2026-04-10,Display,DE,prospecting,151.16,30231,247
2026-04-10,Display,DE,retargeting,122.07,24414,201
2026-04-10,Display,IN,prospecting,90.46,18093,134
2026-04-10,Display,IN,retargeting,96.2,19241,162
2026-04-10,Display,UK,prospecting,196.71,39342,342
2026-04-10,Display,UK,retargeting,190.39,38079,274
2026-04-10,Display,US,prospecting,302.18,60436,475
2026-04-10,Display,US,retargeting,213.55,42711,338
2026-04-10,Email,BR,lifecycle,29.81,3312,300
2026-04-10,Email,BR,newsletter,33.35,3705,358
2026-04-10,Email,DE,lifecycle,41.63,4625,408
2026-04-10,Email,DE,newsletter,46.69,5188,432
2026-04-10,Email,IN,lifecycle,28.2,3134,291
2026-04-10,Email,IN,newsletter,33.74,3749,321
2026-04-10,Email,UK,lifecycle,49.7,5522,410
2026-04-10,Email,UK,newsletter,46.69,5188,457
2026-04-10,Email,US,lifecycle,82.04,9115,843
2026-04-10,Email,US,newsletter,76.41,8490,691
2026-04-10,Paid Search,BR,brand,343.91,4776,230
2026-04-10,Paid Search,BR,nonbrand,311.18,4322,186
2026-04-10,Paid Search,DE,brand,338.48,4701,201
2026-04-10,Paid Search,DE,nonbrand,361.78,5025,230
2026-04-10,Paid Search,IN,brand,333.64,4634,215
2026-04-10,Paid Search,IN,nonbrand,248.9,3457,155
2026-04-10,Paid Search,UK,brand,564.84,7845,357
2026-04-10,Paid Search,UK,nonbrand,606.28,8421,417
2026-04-10,Paid Search,US,brand,579.48,8048,369
2026-04-10,Paid Search,US,nonbrand,662.82,9206,435
2026-04-10,Paid Social,BR,prospecting,284.57,21890,397
2026-04-10,Paid Social,BR,retargeting,295.93,22764,419
2026-04-10,Paid Social,DE,prospecting,314.18,24168,475
2026-04-10,Paid Social,DE,retargeting,283.33,21795,387
2026-04-10,Paid Social,IN,prospecting,237.31,18255,342
2026-04-10,Paid Social,IN,retargeting,188.85,14527,243
2026-04-10,Paid Social,UK,prospecting,350.66,26974,473
2026-04-10,Paid Social,UK,retargeting,430.15,33089,630
2026-04-10,Paid Social,US,prospecting,544.23,41864,692
2026-04-10,Paid Social,US,retargeting,577.27,44406,811
2026-04-10,Referral,BR,affiliates,128.86,2864,149
2026-04-10,Referral,DE,affiliates,157.48,3500,166
2026-04-10,Referral,IN,affiliates,105.24,2339,114
2026-04-10,Referral,UK,affiliates,178.35,3963,204
2026-04-10,Referral,US,affiliates,272.55,6057,313
2026-04-10,SEO,BR,organic,25.41,3631,250
2026-04-10,SEO,DE,organic,28.6,4086,286
2026-04-10,SEO,IN,organic,26.83,3833,275
2026-04-10,SEO,UK,organic,49.18,7026,501
2026-04-10,SEO,US,organic,60.95,8707,609
2026-04-11,Display,BR,prospecting,103.83,20767,162
2026-04-11,Display,BR,retargeting,99.95,19990,164
2026-04-11,Display,DE,prospecting,132.66,26531,221
2026-04-11,Display,DE,retargeting,128.34,25667,193
2026-04-11,Display,IN,prospecting,92.46,18491,146
2026-04-11,Display,IN,retargeting,95.18,19035,162
2026-04-11,Display,UK,prospecting,150.9,30180,231
2026-04-11,Display,UK,retargeting,182.46,36492,271
2026-04-11,Display,US,prospecting,239.88,47976,382
2026-04-11,Display,US,retargeting,286.62,57324,461
2026-04-11,Email,BR,lifecycle,31.32,3480,276
2026-04-11,Email,BR,newsletter,35.59,3954,350
2026-04-11,Email,DE,lifecycle,51.1,5677,418
2026-04-11,Email,DE,newsletter,49.55,5506,518
2026-04-11,Email,IN,lifecycle,32.51,3612,337
2026-04-11,Email,IN,newsletter,28.59,3177,253
2026-04-11,Email,UK,lifecycle,78.04,8671,749
2026-04-11,Email,UK,newsletter,59.85,6650,560
2026-04-11,Email,US,lifecycle,77.92,8657,778
2026-04-11,Email,US,newsletter,64.75,7194,663
2026-04-11,Paid Search,BR,brand,310.4,4311,195
2026-04-11,Paid Search,BR,nonbrand,336.37,4672,201
2026-04-11,Paid Search,DE,brand,470.49,6535,298
2026-04-11,Paid Search,DE,nonbrand,450.43,6256,224
2026-04-11,Paid Search,IN,brand,335.75,4663,221
2026-04-11,Paid Search,IN,nonbrand,303.23,4212,180
2026-04-11,Paid Search,UK,brand,503.2,6989,307
2026-04-11,Paid Search,UK,nonbrand,608.19,8447,376
2026-04-11,Paid Search,US,brand,685.47,9520,466
2026-04-11,Paid Search,US,nonbrand,1020.84,14178,566
2026-04-11,Paid Social,BR,prospecting,282.72,21748,397
2026-04-11,Paid Social,BR,retargeting,318.35,24488,414
2026-04-11,Paid Social,DE,prospecting,367.1,28238,462
2026-04-11,Paid Social,DE,retargeting,337.58,25968,478
2026-04-11,Paid Social,IN,prospecting,287.4,22108,353
2026-04-11,Paid Social,IN,retargeting,258.34,19873,354
2026-04-11,Paid Social,UK,prospecting,548.63,42202,818
2026-04-11,Paid Social,UK,retargeting,462.66,35589,638
2026-04-11,Paid Social,US,prospecting,605.55,46580,850
2026-04-11,Paid Social,US,retargeting,591.11,45470,863
2026-04-11,Referral,BR,affiliates,123.69,2749,128
2026-04-11,Referral,DE,affiliates,155.59,3458,154
2026-04-11,Referral,IN,affiliates,121.9,2709,140
2026-04-11,Referral,UK,affiliates,233.24,5183,290
2026-04-11,Referral,US,affiliates,279.71,6216,269
2026-04-11,SEO,BR,organic,15.48,2212,154
2026-04-11,SEO,DE,organic,38.3,5472,406
2026-04-11,SEO,IN,organic,25.58,3654,283
2026-04-11,SEO,UK,organic,49.1,7014,465
2026-04-11,SEO,US,organic,85.39,12198,843
2026-04-12,Display,BR,prospecting,110.55,22110,174
2026-04-12,Display,BR,retargeting,107.61,21522,168
2026-04-12,Display,DE,prospecting,119.99,23998,195
2026-04-12,Display,DE,retargeting,176.51,35301,288
2026-04-12,Display,IN,prospecting,100.12,20024,174
2026-04-12,Display,IN,retargeting,98.23,19646,165
2026-04-12,Display,UK,prospecting,218.57,43714,354
2026-04-12,Display,UK,retargeting,191.66,38331,361
2026-04-12,Display,US,prospecting,257.66,51531,421
2026-04-12,Display,US,retargeting,280.17,56034,439
2026-04-12,Email,BR,lifecycle,34.52,3836,346
2026-04-12,Email,BR,newsletter,35.16,3906,354
2026-04-12,Email,DE,lifecycle,48.75,5417,503
2026-04-12,Email,DE,newsletter,45.14,5016,495
2026-04-12,Email,IN,lifecycle,28.53,3170,308
2026-04-12,Email,IN,newsletter,34.21,3801,360
2026-04-12,Email,UK,lifecycle,45.53,5059,475
2026-04-12,Email,UK,newsletter,47.65,5294,463
2026-04-12,Email,US,lifecycle,63.28,7032,652
2026-04-12,Email,US,newsletter,78.9,8767,776
2026-04-12,Paid Search,BR,brand,351.11,4877,217
2026-04-12,Paid Search,BR,nonbrand,288.68,4009,191
2026-04-12,Paid Search,DE,brand,396.36,5505,254
2026-04-12,Paid Search,DE,nonbrand,469.53,6521,336
2026-04-12,Paid Search,IN,brand,307.27,4268,200
2026-04-12,Paid Search,IN,nonbrand,320.89,4457,208
2026-04-12,Paid Search,UK,brand,549.67,7634,382
2026-04-12,Paid Search,UK,nonbrand,597.23,8295,363
2026-04-12,Paid Search,US,brand,690.19,9586,463
2026-04-12,Paid Search,US,nonbrand,870.16,12086,582
2026-04-12,Paid Social,BR,prospecting,299.78,23060,438
2026-04-12,Paid Social,BR,retargeting,338.86,26066,423
2026-04-12,Paid Social,DE,prospecting,356.0,27385,462
2026-04-12,Paid Social,DE,retargeting,369.83,28448,485
2026-04-12,Paid Social,IN,prospecting,290.26,22328,389
2026-04-12,Paid Social,IN,retargeting,329.78,25368,516
2026-04-12,Paid Social,UK,prospecting,458.85,35296,581
2026-04-12,Paid Social,UK,retargeting,467.9,35992,652
2026-04-12,Paid Social,US,prospecting,691.23,53171,966
2026-04-12,Paid Social,US,retargeting,681.92,52455,983
2026-04-12,Referral,BR,affiliates,128.05,2846,145
2026-04-12,Referral,DE,affiliates,181.32,4029,194
2026-04-12,Referral,IN,affiliates,113.55,2523,127
2026-04-12,Referral,UK,affiliates,247.51,5500,277
2026-04-12,Referral,US,affiliates,264.13,5869,288
2026-04-12,SEO,BR,organic,28.18,4025,314
2026-04-12,SEO,DE,organic,38.92,5561,379
2026-04-12,SEO,IN,organic,28.63,4090,292
2026-04-12,SEO,UK,organic,42.38,6054,425
2026-04-12,SEO,US,organic,66.2,9457,692
2026-04-13,Display,BR,prospecting,132.62,26525,204
2026-04-13,Display,BR,retargeting,80.53,16105,122
2026-04-13,Display,DE,prospecting,112.79,22558,188
2026-04-13,Display,DE,retargeting,122.16,24432,177
2026-04-13,Display,IN,prospecting,92.21,18443,145
2026-04-13,Display,IN,retargeting,94.33,18865,143
2026-04-13,Display,UK,prospecting,167.24,33448,272
2026-04-13,Display,UK,retargeting,212.21,42441,360
2026-04-13,Display,US,prospecting,217.02,43404,352
2026-04-13,Display,US,retargeting,243.0,48600,352
2026-04-13,Email,BR,lifecycle,29.53,3281,325
2026-04-13,Email,BR,newsletter,28.17,3130,293
2026-04-13,Email,DE,lifecycle,41.0,4556,426
2026-04-13,Email,DE,newsletter,51.06,5673,561
2026-04-13,Email,IN,lifecycle,26.69,2965,290
2026-04-13,Email,IN,newsletter,29.39,3266,292
2026-04-13,Email,UK,lifecycle,55.71,6189,560
2026-04-13,Email,UK,newsletter,53.53,5948,539
2026-04-13,Email,US,lifecycle,83.98,9331,908
2026-04-13,Email,US,newsletter,59.36,6596,569
2026-04-13,Paid Search,BR,brand,245.64,3412,164
2026-04-13,Paid Search,BR,nonbrand,355.31,4935,216
2026-04-13,Paid Search,DE,brand,377.93,5249,243
2026-04-13,Paid Search,DE,nonbrand,427.36,5936,276
2026-04-13,Paid Search,IN,brand,314.91,4374,206
2026-04-13,Paid Search,IN,nonbrand,261.78,3636,163
2026-04-13,Paid Search,UK,brand,558.53,7757,345
2026-04-13,Paid Search,UK,nonbrand,619.34,8602,413
2026-04-13,Paid Search,US,brand,735.46,10215,381
2026-04-13,Paid Search,US,nonbrand,845.28,11740,554
2026-04-13,Paid Social,BR,prospecting,233.43,17956,339
2026-04-13,Paid Social,BR,retargeting,256.82,19755,362
2026-04-13,Paid Social,DE,prospecting,373.05,28696,529
2026-04-13,Paid Social,DE,retargeting,307.64,23664,443
2026-04-13,Paid Social,IN,prospecting,253.68,19514,324
2026-04-13,Paid Social,IN,retargeting,241.67,18590,314
2026-04-13,Paid Social,UK,prospecting,489.91,37685,745
2026-04-13,Paid Social,UK,retargeting,421.33,32410,583
2026-04-13,Paid Social,US,prospecting,644.12,49548,929
2026-04-13,Paid Social,US,retargeting,656.55,50504,926
2026-04-13,Referral,BR,affiliates,104.18,2315,113
2026-04-13,Referral,DE,affiliates,153.54,3412,158
2026-04-13,Referral,IN,affiliates,132.28,2940,136
2026-04-13,Referral,UK,affiliates,158.92,3532,153
2026-04-13,Referral,US,affiliates,273.26,6072,321
2026-04-13,SEO,BR,organic,30.73,4391,326
2026-04-13,SEO,DE,organic,36.16,5166,347
2026-04-13,SEO,IN,organic,29.61,4229,280
2026-04-13,SEO,UK,organic,53.66,7666,532
2026-04-13,SEO,US,organic,75.62,10803,793
2026-04-14,Display,BR,prospecting,123.17,24633,198
2026-04-14,Display,BR,retargeting,110.63,22127,189
2026-04-14,Display,DE,prospecting,145.31,29061,220
2026-04-14,Display,DE,retargeting,146.28,29256,250
2026-04-14,Display,IN,prospecting,75.09,15017,110
2026-04-14,Display,IN,retargeting,87.66,17532,143
2026-04-14,Display,UK,prospecting,186.23,37247,300
2026-04-14,Display,UK,retargeting,153.68,30737,249
2026-04-14,Display,US,prospecting,224.31,44862,373
2026-04-14,Display,US,retargeting,227.81,45562,337
2026-04-14,Email,BR,lifecycle,34.3,3811,400
2026-04-14,Email,BR,newsletter,25.01,2779,245
2026-04-14,Email,DE,lifecycle,41.89,4655,432
2026-04-14,Email,DE,newsletter,37.68,4186,364
2026-04-14,Email,IN,lifecycle,27.06,3006,263
2026-04-14,Email,IN,newsletter,24.7,2744,242
2026-04-14,Email,UK,lifecycle,52.75,5861,519
2026-04-14,Email,UK,newsletter,61.47,6830,630
2026-04-14,Email,US,lifecycle,61.94,6882,644
2026-04-14,Email,US,newsletter,85.16,9462,850
2026-04-14,Paid Search,BR,brand,334.26,4643,216
2026-04-14,Paid Search,BR,nonbrand,345.19,4794,202
2026-04-14,Paid Search,DE,brand,422.82,5872,279
2026-04-14,Paid Search,DE,nonbrand,464.96,6458,280
2026-04-14,Paid Search,IN,brand,310.31,4310,198
2026-04-14,Paid Search,IN,nonbrand,357.93,4971,231
2026-04-14,Paid Search,UK,brand,546.72,7593,376
2026-04-14,Paid Search,UK,nonbrand,573.92,7971,343
2026-04-14,Paid Search,US,brand,709.35,9852,435
2026-04-14,Paid Search,US,nonbrand,803.45,11159,540
2026-04-14,Paid Social,BR,prospecting,291.94,22457,409
2026-04-14,Paid Social,BR,retargeting,261.79,20138,374
2026-04-14,Paid Social,DE,prospecting,479.57,36890,641
2026-04-14,Paid Social,DE,retargeting,326.11,25086,446
2026-04-14,Paid Social,IN,prospecting,281.67,21667,385
2026-04-14,Paid Social,IN,retargeting,245.8,18908,337
2026-04-14,Paid Social,UK,prospecting,399.91,30762,553
2026-04-14,Paid Social,UK,retargeting,398.64,30665,515
2026-04-14,Paid Social,US,prospecting,432.68,33283,649
2026-04-14,Paid Social,US,retargeting,657.71,50593,921
2026-04-14,Referral,BR,affiliates,130.71,2905,135
2026-04-14,Referral,DE,affiliates,160.74,3572,189
2026-04-14,Referral,IN,affiliates,111.61,2480,115
2026-04-14,Referral,UK,affiliates,187.79,4173,209
2026-04-14,Referral,US,affiliates,303.59,6746,324
2026-04-14,SEO,BR,organic,28.26,4037,284
2026-04-14,SEO,DE,organic,27.41,3916,283
2026-04-14,SEO,IN,organic,21.1,3015,194
2026-04-14,SEO,UK,organic,50.42,7202,584
2026-04-14,SEO,US,organic,59.84,8548,639
2026-04-15,Display,BR,prospecting,122.39,24478,195
2026-04-15,Display,BR,retargeting,117.51,23502,198
2026-04-15,Display,DE,prospecting,140.54,28108,230
2026-04-15,Display,DE,retargeting,144.98,28997,239
2026-04-15,Display,IN,prospecting,93.41,18682,143
2026-04-15,Display,IN,retargeting,91.47,18294,151
2026-04-15,Display,UK,prospecting,161.26,32251,260
2026-04-15,Display,UK,retargeting,187.68,37536,301
2026-04-15,Display,US,prospecting,284.74,56947,464
2026-04-15,Display,US,retargeting,307.38,61476,499
2026-04-15,Email,BR,lifecycle,32.94,3659,327
2026-04-15,Email,BR,newsletter,28.78,3197,294
2026-04-15,Email,DE,lifecycle,38.25,4250,393
2026-04-15,Email,DE,newsletter,35.07,3897,335
2026-04-15,Email,IN,lifecycle,32.86,3651,336
2026-04-15,Email,IN,newsletter,28.0,3111,275
2026-04-15,Email,UK,lifecycle,66.53,7393,601
2026-04-15,Email,UK,newsletter,58.1,6456,623
2026-04-15,Email,US,lifecycle,74.3,8255,750
2026-04-15,Email,US,newsletter,87.86,9762,884
2026-04-15,Paid Search,BR,brand,357.04,4959,233
2026-04-15,Paid Search,BR,nonbrand,377.6,5244,235
2026-04-15,Paid Search,DE,brand,384.77,5344,243
2026-04-15,Paid Search,DE,nonbrand,322.39,4478,225
2026-04-15,Paid Search,IN,brand,336.59,4675,209
2026-04-15,Paid Search,IN,nonbrand,380.44,5284,235
2026-04-15,Paid Search,UK,brand,526.08,7307,307
2026-04-15,Paid Search,UK,nonbrand,549.65,7634,331
2026-04-15,Paid Search,US,brand,706.27,9809,437
2026-04-15,Paid Search,US,nonbrand,899.66,12495,561
2026-04-15,Paid Social,BR,prospecting,218.91,16839,295
2026-04-15,Paid Social,BR,retargeting,328.53,25272,475
2026-04-15,Paid Social,DE,prospecting,357.89,27530,450
2026-04-15,Paid Social,DE,retargeting,263.64,20280,354
2026-04-15,Paid Social,IN,prospecting,287.93,22148,419
2026-04-15,Paid Social,IN,retargeting,275.05,21157,383
2026-04-15,Paid Social,UK,prospecting,389.72,29979,550
2026-04-15,Paid Social,UK,retargeting,354.99,27307,472
2026-04-15,Paid Social,US,prospecting,761.68,58591,1053
2026-04-15,Paid Social,US,retargeting,614.8,47292,879
2026-04-15,Referral,BR,affiliates,136.39,3031,168
2026-04-15,Referral,DE,affiliates,135.06,3001,157
2026-04-15,Referral,IN,affiliates,116.61,2591,129
2026-04-15,Referral,UK,affiliates,220.74,4905,252
2026-04-15,Referral,US,affiliates,281.34,6252,336
2026-04-15,SEO,BR,organic,31.35,4478,315
2026-04-15,SEO,DE,organic,30.12,4303,295
2026-04-15,SEO,IN,organic,26.11,3730,240
2026-04-15,SEO,UK,organic,64.49,9212,597
2026-04-15,SEO,US,organic,71.78,10255,660
2026-04-16,Display,BR,prospecting,99.09,19818,148
2026-04-16,Display,BR,retargeting,75.86,15173,107
2026-04-16,Display,DE,prospecting,125.4,25081,220
2026-04-16,Display,DE,retargeting,156.06,31211,274
2026-04-16,Display,IN,prospecting,113.6,22719,164
2026-04-16,Display,IN,retargeting,108.05,21609,168
2026-04-16,Display,UK,prospecting,190.48,38097,305
2026-04-16,Display,UK,retargeting,199.74,39947,318
2026-04-16,Display,US,prospecting,260.21,52042,428
2026-04-16,Display,US,retargeting,207.72,41544,350
2026-04-16,Email,BR,lifecycle,33.49,3721,342
2026-04-16,Email,BR,newsletter,36.08,4009,366
2026-04-16,Email,DE,lifecycle,38.52,4280,381
2026-04-16,Email,DE,newsletter,40.98,4553,396
2026-04-16,Email,IN,lifecycle,29.27,3252,315
2026-04-16,Email,IN,newsletter,35.62,3958,369
2026-04-16,Email,UK,lifecycle,47.41,5268,504
2026-04-16,Email,UK,newsletter,46.61,5179,473
2026-04-16,Email,US,lifecycle,79.02,8780,815
2026-04-16,Email,US,newsletter,73.36,8151,706
2026-04-16,Paid Search,BR,brand,317.22,4406,190
2026-04-16,Paid Search,BR,nonbrand,319.95,4444,201
2026-04-16,Paid Search,DE,brand,454.28,6309,292
2026-04-16,Paid Search,DE,nonbrand,468.83,6511,287
2026-04-16,Paid Search,IN,brand,281.1,3904,169
2026-04-16,Paid Search,IN,nonbrand,318.17,4419,189
2026-04-16,Paid Search,UK,brand,540.29,7504,350
2026-04-16,Paid Search,UK,nonbrand,644.28,8948,403
2026-04-16,Paid Search,US,brand,793.49,11021,444
2026-04-16,Paid Search,US,nonbrand,668.82,9289,443
2026-04-16,Paid Social,BR,prospecting,213.48,16421,297
2026-04-16,Paid Social,BR,retargeting,294.31,22639,421
2026-04-16,Paid Social,DE,prospecting,311.76,23982,485
2026-04-16,Paid Social,DE,retargeting,326.72,25132,431
2026-04-16,Paid Social,IN,prospecting,275.31,21178,339
2026-04-16,Paid Social,IN,retargeting,251.39,19338,346
2026-04-16,Paid Social,UK,prospecting,564.03,43387,762
2026-04-16,Paid Social,UK,retargeting,463.82,35679,618
2026-04-16,Paid Social,US,prospecting,654.51,50347,1030
2026-04-16,Paid Social,US,retargeting,627.23,48248,908
2026-04-16,Referral,BR,affiliates,97.62,2169,106
2026-04-16,Referral,DE,affiliates,123.39,2742,140
2026-04-16,Referral,IN,affiliates,106.51,2367,104
2026-04-16,Referral,UK,affiliates,196.24,4361,230
2026-04-16,Referral,US,affiliates,266.68,5926,273
2026-04-16,SEO,BR,organic,33.05,4722,346
2026-04-16,SEO,DE,organic,37.61,5373,396
2026-04-16,SEO,IN,organic,22.13,3161,221
2026-04-16,SEO,UK,organic,48.07,6867,404
2026-04-16,SEO,US,organic,79.7,11386,823
2026-04-17,Display,BR,prospecting,90.85,18170,142
2026-04-17,Display,BR,retargeting,112.27,22455,187
2026-04-17,Display,DE,prospecting,118.16,23631,170
2026-04-17,Display,DE,retargeting,109.93,21986,164
2026-04-17,Display,IN,prospecting,110.32,22063,163
2026-04-17,Display,IN,retargeting,97.86,19572,158
2026-04-17,Display,UK,prospecting,239.01,47803,387
2026-04-17,Display,UK,retargeting,186.73,37346,264
2026-04-17,Display,US,prospecting,277.53,55507,435
2026-04-17,Display,US,retargeting,201.25,40249,322
2026-04-17,Email,BR,lifecycle,31.86,3540,330
2026-04-17,Email,BR,newsletter,27.22,3024,254
2026-04-17,Email,DE,lifecycle,33.58,3731,328
2026-04-17,Email,DE,newsletter,39.33,4370,389
2026-04-17,Email,IN,lifecycle,26.4,2933,262
2026-04-17,Email,IN,newsletter,29.56,3285,287
2026-04-17,Email,UK,lifecycle,55.56,6174,573
2026-04-17,Email,UK,newsletter,42.39,4710,412
2026-04-17,Email,US,lifecycle,75.18,8353,838
2026-04-17,Email,US,newsletter,66.53,7392,673
2026-04-17,Paid Search,BR,brand,401.18,5572,235
2026-04-17,Paid Search,BR,nonbrand,323.78,4497,178
2026-04-17,Paid Search,DE,brand,373.46,5187,230
2026-04-17,Paid Search,DE,nonbrand,396.3,5504,250
2026-04-17,Paid Search,IN,brand,303.42,4214,168
2026-04-17,Paid Search,IN,nonbrand,301.54,4188,190
2026-04-17,Paid Search,UK,brand,532.37,7394,339
2026-04-17,Paid Search,UK,nonbrand,556.55,7730,348
2026-04-17,Paid Search,US,brand,771.33,10713,485
2026-04-17,Paid Search,US,nonbrand,513.37,7130,293
2026-04-17,Paid Social,BR,prospecting,270.47,20805,361
2026-04-17,Paid Social,BR,retargeting,201.39,15491,305
2026-04-17,Paid Social,DE,prospecting,289.72,22286,377
2026-04-17,Paid Social,DE,retargeting,385.25,29634,526
2026-04-17,Paid Social,IN,prospecting,235.12,18086,319
2026-04-17,Paid Social,IN,retargeting,245.12,18855,330
2026-04-17,Paid Social,UK,prospecting,404.94,31149,505
2026-04-17,Paid Social,UK,retargeting,441.0,33923,559
2026-04-17,Paid Social,US,prospecting,669.23,51480,940
2026-04-17,Paid Social,US,retargeting,634.78,48829,808
2026-04-17,Referral,BR,affiliates,122.75,2728,141
2026-04-17,Referral,DE,affiliates,148.98,3311,178
2026-04-17,Referral,IN,affiliates,120.39,2675,148
2026-04-17,Referral,UK,affiliates,183.74,4083,222
2026-04-17,Referral,US,affiliates,314.78,6995,347
2026-04-17,SEO,BR,organic,28.12,4017,259
2026-04-17,SEO,DE,organic,39.33,5619,388
2026-04-17,SEO,IN,organic,25.94,3706,252
2026-04-17,SEO,UK,organic,50.57,7224,486
2026-04-17,SEO,US,organic,63.21,9030,621
2026-04-18,Display,BR,prospecting,134.64,26927,223
2026-04-18,Display,BR,retargeting,127.61,25521,211
2026-04-18,Display,DE,prospecting,143.9,28779,237
2026-04-18,Display,DE,retargeting,164.63,32926,281
2026-04-18,Display,IN,prospecting,115.94,23188,193
2026-04-18,Display,IN,retargeting,86.12,17223,127
2026-04-18,Display,UK,prospecting,201.33,40265,336
2026-04-18,Display,UK,retargeting,159.89,31978,244
2026-04-18,Display,US,prospecting,225.44,45089,338
2026-04-18,Display,US,retargeting,265.07,53014,494
2026-04-18,Email,BR,lifecycle,35.99,3999,403
2026-04-18,Email,BR,newsletter,31.92,3547,310
2026-04-18,Email,DE,lifecycle,45.96,5107,429
2026-04-18,Email,DE,newsletter,31.42,3491,313
2026-04-18,Email,IN,lifecycle,33.35,3706,307
2026-04-18,Email,IN,newsletter,36.28,4031,319
2026-04-18,Email,UK,lifecycle,64.39,7154,643
2026-04-18,Email,UK,newsletter,63.04,7004,592
2026-04-18,Email,US,lifecycle,104.77,11641,1021
2026-04-18,Email,US,newsletter,73.91,8212,731
2026-04-18,Paid Search,BR,brand,319.2,4433,193
2026-04-18,Paid Search,BR,nonbrand,364.22,5059,227
2026-04-18,Paid Search,DE,brand,413.04,5737,259
2026-04-18,Paid Search,DE,nonbrand,485.34,6741,294
2026-04-18,Paid Search,IN,brand,324.78,4511,207
2026-04-18,Paid Search,IN,nonbrand,276.35,3838,160
2026-04-18,Paid Search,UK,brand,605.79,8414,359
2026-04-18,Paid Search,UK,nonbrand,573.18,7961,364
2026-04-18,Paid Search,US,brand,833.58,11577,560
2026-04-18,Paid Search,US,nonbrand,760.12,10557,495
2026-04-18,Paid Social,BR,prospecting,289.91,22301,397
2026-04-18,Paid Social,BR,retargeting,313.69,24130,460
2026-04-18,Paid Social,DE,prospecting,357.3,27485,489
2026-04-18,Paid Social,DE,retargeting,403.28,31021,621
2026-04-18,Paid Social,IN,prospecting,288.84,22219,388
2026-04-18,Paid Social,IN,retargeting,302.98,23306,449
2026-04-18,Paid Social,UK,prospecting,563.93,43380,774
2026-04-18,Paid Social,UK,retargeting,413.94,31841,556
2026-04-18,Paid Social,US,prospecting,657.74,50595,839
2026-04-18,Paid Social,US,retargeting,696.28,53560,978
2026-04-18,Referral,BR,affiliates,125.27,2784,130
2026-04-18,Referral,DE,affiliates,122.14,2714,131
2026-04-18,Referral,IN,affiliates,113.47,2522,123
2026-04-18,Referral,UK,affiliates,216.22,4805,262
2026-04-18,Referral,US,affiliates,228.18,5071,279
2026-04-18,SEO,BR,organic,30.09,4299,266
2026-04-18,SEO,DE,organic,30.05,4292,280
2026-04-18,SEO,IN,organic,24.05,3436,232
2026-04-18,SEO,UK,organic,54.95,7849,493
2026-04-18,SEO,US,organic,65.67,9382,620
2026-04-19,Display,BR,prospecting,132.34,26469,225
2026-04-19,Display,BR,retargeting,127.22,25444,195
2026-04-19,Display,DE,prospecting,169.22,33844,282
2026-04-19,Display,DE,retargeting,148.19,29638,250
2026-04-19,Display,IN,prospecting,111.16,22232,162
2026-04-19,Display,IN,retargeting,122.89,24579,189
2026-04-19,Display,UK,prospecting,187.99,37598,323
2026-04-19,Display,UK,retargeting,231.21,46243,367
2026-04-19,Display,US,prospecting,289.72,57943,424
2026-04-19,Display,US,retargeting,260.29,52058,393
2026-04-19,Email,BR,lifecycle,34.75,3861,327
2026-04-19,Email,BR,newsletter,37.61,4179,384
2026-04-19,Email,DE,lifecycle,48.43,5382,464
2026-04-19,Email,DE,newsletter,41.26,4585,388
2026-04-19,Email,IN,lifecycle,33.14,3683,313
2026-04-19,Email,IN,newsletter,36.18,4020,334
2026-04-19,Email,UK,lifecycle,58.41,6490,507
2026-04-19,Email,UK,newsletter,71.02,7891,723
2026-04-19,Email,US,lifecycle,87.68,9742,779
2026-04-19,Email,US,newsletter,76.2,8466,794
2026-04-19,Paid Search,BR,brand,367.49,5104,221
2026-04-19,Paid Search,BR,nonbrand,396.48,5507,261
2026-04-19,Paid Search,DE,brand,412.42,5728,259
2026-04-19,Paid Search,DE,nonbrand,376.59,5230,259
2026-04-19,Paid Search,IN,brand,356.04,4945,225
2026-04-19,Paid Search,IN,nonbrand,389.22,5406,251
2026-04-19,Paid Search,UK,brand,702.31,9754,444
2026-04-19,Paid Search,UK,nonbrand,536.9,7457,378
2026-04-19,Paid Search,US,brand,845.46,11742,494
2026-04-19,Paid Search,US,nonbrand,859.81,11942,513
2026-04-19,Paid Social,BR,prospecting,308.21,23708,494
2026-04-19,Paid Social,BR,retargeting,277.62,21356,446
2026-04-19,Paid Social,DE,prospecting,330.98,25460,453
2026-04-19,Paid Social,DE,retargeting,369.18,28398,509
2026-04-19,Paid Social,IN,prospecting,289.97,22306,440
2026-04-19,Paid Social,IN,retargeting,289.08,22237,411
2026-04-19,Paid Social,UK,prospecting,504.49,38807,713
2026-04-19,Paid Social,UK,retargeting,501.16,38551,649
2026-04-19,Paid Social,US,prospecting,522.01,40155,698
2026-04-19,Paid Social,US,retargeting,705.76,54289,966
2026-04-19,Referral,BR,affiliates,131.68,2926,160
2026-04-19,Referral,DE,affiliates,150.24,3339,168
2026-04-19,Referral,IN,affiliates,107.71,2393,116
2026-04-19,Referral,UK,affiliates,221.68,4926,244
2026-04-19,Referral,US,affiliates,248.28,5517,257
2026-04-19,SEO,BR,organic,23.48,3354,245
2026-04-19,SEO,DE,organic,33.68,4811,365
2026-04-19,SEO,IN,organic,29.75,4250,296
2026-04-19,SEO,UK,organic,57.2,8172,547
2026-04-19,SEO,US,organic,67.94,9706,681
2026-04-20,Display,BR,prospecting,112.74,22547,181
2026-04-20,Display,BR,retargeting,94.99,18999,144
2026-04-20,Display,DE,prospecting,124.73,24946,217
2026-04-20,Display,DE,retargeting,128.66,25731,204
2026-04-20,Display,IN,prospecting,119.34,23869,195
2026-04-20,Display,IN,retargeting,106.75,21350,175
2026-04-20,Display,UK,prospecting,179.7,35940,274
2026-04-20,Display,UK,retargeting,180.16,36032,276
2026-04-20,Display,US,prospecting,220.45,44091,317
2026-04-20,Display,US,retargeting,282.41,56482,464
2026-04-20,Email,BR,lifecycle,36.39,4043,422
2026-04-20,Email,BR,newsletter,29.17,3241,314
2026-04-20,Email,DE,lifecycle,41.24,4582,420
2026-04-20,Email,DE,newsletter,43.31,4812,395
2026-04-20,Email,IN,lifecycle,32.6,3622,310
2026-04-20,Email,IN,newsletter,28.86,3207,265
2026-04-20,Email,UK,lifecycle,50.35,5594,489
2026-04-20,Email,UK,newsletter,49.04,5449,487
2026-04-20,Email,US,lifecycle,73.05,8116,682
2026-04-20,Email,US,newsletter,73.9,8212,749
2026-04-20,Paid Search,BR,brand,331.3,4601,217
2026-04-20,Paid Search,BR,nonbrand,274.02,3806,176
2026-04-20,Paid Search,DE,brand,387.68,5384,245
2026-04-20,Paid Search,DE,nonbrand,416.15,5780,258
2026-04-20,Paid Search,IN,brand,267.48,3715,173
2026-04-20,Paid Search,IN,nonbrand,307.79,4275,182
2026-04-20,Paid Search,UK,brand,383.74,5330,257
2026-04-20,Paid Search,UK,nonbrand,601.33,8352,383
2026-04-20,Paid Search,US,brand,803.98,11166,513
2026-04-20,Paid Search,US,nonbrand,762.25,10587,429
2026-04-20,Paid Social,BR,prospecting,255.66,19666,358
2026-04-20,Paid Social,BR,retargeting,307.16,23627,504
2026-04-20,Paid Social,DE,prospecting,366.04,28157,528
2026-04-20,Paid Social,DE,retargeting,356.72,27440,460
2026-04-20,Paid Social,IN,prospecting,229.29,17638,326
2026-04-20,Paid Social,IN,retargeting,262.97,20228,383
2026-04-20,Paid Social,UK,prospecting,438.82,33756,632
2026-04-20,Paid Social,UK,retargeting,445.76,34289,639
2026-04-20,Paid Social,US,prospecting,674.37,51875,913
2026-04-20,Paid Social,US,retargeting,705.8,54292,954
2026-04-20,Referral,BR,affiliates,124.72,2772,155
2026-04-20,Referral,DE,affiliates,126.77,2817,159
2026-04-20,Referral,IN,affiliates,120.23,2672,143
2026-04-20,Referral,UK,affiliates,170.51,3789,182
2026-04-20,Referral,US,affiliates,251.35,5585,284
2026-04-20,SEO,BR,organic,24.08,3440,242
2026-04-20,SEO,DE,organic,41.51,5929,446
2026-04-20,SEO,IN,organic,25.72,3675,270
2026-04-20,SEO,UK,organic,43.57,6225,402
2026-04-20,SEO,US,organic,66.39,9484,592
2026-04-21,Display,BR,prospecting,106.33,21266,171
2026-04-21,Display,BR,retargeting,121.6,24320,176
2026-04-21,Display,DE,prospecting,128.03,25607,214
2026-04-21,Display,DE,retargeting,134.91,26982,211
2026-04-21,Display,IN,prospecting,89.03,17805,143
2026-04-21,Display,IN,retargeting,85.07,17015,148
2026-04-21,Display,UK,prospecting,152.77,30553,242
2026-04-21,Display,UK,retargeting,173.72,34744,268
2026-04-21,Display,US,prospecting,210.19,42038,372
2026-04-21,Display,US,retargeting,269.78,53957,465
2026-04-21,Email,BR,lifecycle,31.61,3512,310
2026-04-21,Email,BR,newsletter,31.21,3467,336
2026-04-21,Email,DE,lifecycle,37.34,4148,381
2026-04-21,Email,DE,newsletter,41.44,4604,416
2026-04-21,Email,IN,lifecycle,28.83,3204,280
2026-04-21,Email,IN,newsletter,25.89,2876,263
2026-04-21,Email,UK,lifecycle,55.49,6166,569
2026-04-21,Email,UK,newsletter,69.64,7738,693
2026-04-21,Email,US,lifecycle,80.54,8949,756
2026-04-21,Email,US,newsletter,87.46,9718,894
2026-04-21,Paid Search,BR,brand,329.81,4581,218
2026-04-21,Paid Search,BR,nonbrand,363.31,5046,257
2026-04-21,Paid Search,DE,brand,472.33,6560,309
2026-04-21,Paid Search,DE,nonbrand,429.12,5960,271
2026-04-21,Paid Search,IN,brand,343.35,4769,197
2026-04-21,Paid Search,IN,nonbrand,295.39,4103,195
2026-04-21,Paid Search,UK,brand,540.57,7508,331
2026-04-21,Paid Search,UK,nonbrand,638.97,8875,342
2026-04-21,Paid Search,US,brand,561.12,7793,331
2026-04-21,Paid Search,US,nonbrand,775.94,10777,452
2026-04-21,Paid Social,BR,prospecting,341.14,26242,485
2026-04-21,Paid Social,BR,retargeting,291.82,22447,361
2026-04-21,Paid Social,DE,prospecting,366.6,28200,522
2026-04-21,Paid Social,DE,retargeting,313.18,24090,458
2026-04-21,Paid Social,IN,prospecting,206.98,15922,266
2026-04-21,Paid Social,IN,retargeting,250.76,19289,359
2026-04-21,Paid Social,UK,prospecting,461.16,35474,631
2026-04-21,Paid Social,UK,retargeting,438.0,33692,631
2026-04-21,Paid Social,US,prospecting,583.48,44883,837
2026-04-21,Paid Social,US,retargeting,630.17,48474,940
2026-04-21,Referral,BR,affiliates,86.86,1930,88
2026-04-21,Referral,DE,affiliates,133.42,2965,153
2026-04-21,Referral,IN,affiliates,108.06,2401,119
2026-04-21,Referral,UK,affiliates,199.98,4444,207
2026-04-21,Referral,US,affiliates,312.55,6946,359
2026-04-21,SEO,BR,organic,24.9,3557,229
2026-04-21,SEO,DE,organic,31.64,4520,298
2026-04-21,SEO,IN,organic,29.64,4234,287
2026-04-21,SEO,UK,organic,49.0,7000,463
2026-04-21,SEO,US,organic,69.34,9906,732
2026-04-22,Display,BR,prospecting,92.03,18406,144
2026-04-22,Display,BR,retargeting,111.77,22353,175
2026-04-22,Display,DE,prospecting,119.62,23923,193
2026-04-22,Display,DE,retargeting,156.91,31383,235
2026-04-22,Display,IN,prospecting,90.49,18098,140
2026-04-22,Display,IN,retargeting,97.85,19570,167
2026-04-22,Display,UK,prospecting,218.42,43684,341
2026-04-22,Display,UK,retargeting,179.14,35827,331
2026-04-22,Display,US,prospecting,258.39,51678,359
2026-04-22,Display,US,retargeting,252.08,50417,429
2026-04-22,Email,BR,lifecycle,35.0,3889,325
2026-04-22,Email,BR,newsletter,33.82,3758,381
2026-04-22,Email,DE,lifecycle,42.2,4689,442
2026-04-22,Email,DE,newsletter,37.96,4218,299
2026-04-22,Email,IN,lifecycle,30.42,3380,291
2026-04-22,Email,IN,newsletter,26.46,2940,279
2026-04-22,Email,UK,lifecycle,53.75,5972,537
2026-04-22,Email,UK,newsletter,55.78,6197,567
2026-04-22,Email,US,lifecycle,77.26,8584,732
2026-04-22,Email,US,newsletter,84.0,9333,889
2026-04-22,Paid Search,BR,brand,330.33,4588,205
2026-04-22,Paid Search,BR,nonbrand,334.1,4640,224
2026-04-22,Paid Search,DE,brand,450.25,6253,291
2026-04-22,Paid Search,DE,nonbrand,476.72,6621,319
2026-04-22,Paid Search,IN,brand,324.19,4503,210
2026-04-22,Paid Search,IN,nonbrand,324.74,4510,199
2026-04-22,Paid Search,UK,brand,570.03,7917,320
2026-04-22,Paid Search,UK,nonbrand,554.82,7706,354
2026-04-22,Paid Search,US,brand,720.62,10009,432
2026-04-22,Paid Search,US,nonbrand,873.03,12125,546
2026-04-22,Paid Social,BR,prospecting,284.48,21883,377
2026-04-22,Paid Social,BR,retargeting,220.81,16985,265
2026-04-22,Paid Social,DE,prospecting,329.49,25345,434
2026-04-22,Paid Social,DE,retargeting,416.89,32068,561
2026-04-22,Paid Social,IN,prospecting,193.74,14903,261
2026-04-22,Paid Social,IN,retargeting,245.22,18863,358
2026-04-22,Paid Social,UK,prospecting,392.54,30196,472
2026-04-22,Paid Social,UK,retargeting,344.77,26521,440
2026-04-22,Paid Social,US,prospecting,668.97,51459,874
2026-04-22,Paid Social,US,retargeting,566.43,43572,750
2026-04-22,Referral,BR,affiliates,129.94,2887,143
2026-04-22,Referral,DE,affiliates,159.5,3544,183
2026-04-22,Referral,IN,affiliates,112.37,2497,130
2026-04-22,Referral,UK,affiliates,207.22,4605,223
2026-04-22,Referral,US,affiliates,298.25,6628,333
2026-04-22,SEO,BR,organic,31.76,4537,278
2026-04-22,SEO,DE,organic,37.15,5307,380
2026-04-22,SEO,IN,organic,31.31,4473,300
2026-04-22,SEO,UK,organic,54.55,7792,511
2026-04-22,SEO,US,organic,66.66,9523,655
2026-04-23,Display,BR,prospecting,123.66,24733,192
2026-04-23,Display,BR,retargeting,119.95,23990,190
2026-04-23,Display,DE,prospecting,133.83,26767,220
2026-04-23,Display,DE,retargeting,152.29,30458,224
2026-04-23,Display,IN,prospecting,116.52,23304,189
2026-04-23,Display,IN,retargeting,92.91,18582,155
2026-04-23,Display,UK,prospecting,193.68,38737,299
2026-04-23,Display,UK,retargeting,178.11,35623,281
2026-04-23,Display,US,prospecting,258.92,51784,444
2026-04-23,Display,US,retargeting,267.14,53428,444
2026-04-23,Email,BR,lifecycle,28.33,3148,278
2026-04-23,Email,BR,newsletter,34.74,3860,358
2026-04-23,Email,DE,lifecycle,48.76,5418,446
2026-04-23,Email,DE,newsletter,42.21,4691,420
2026-04-23,Email,IN,lifecycle,32.36,3596,344
2026-04-23,Email,IN,newsletter,36.17,4019,393
2026-04-23,Email,UK,lifecycle,53.9,5989,545
2026-04-23,Email,UK,newsletter,42.84,4760,442
2026-04-23,Email,US,lifecycle,76.01,8445,721
2026-04-23,Email,US,newsletter,84.41,9379,872
2026-04-23,Paid Search,BR,brand,340.33,4727,231
2026-04-23,Paid Search,BR,nonbrand,293.33,4074,199
2026-04-23,Paid Search,DE,brand,506.2,7031,317
2026-04-23,Paid Search,DE,nonbrand,340.12,4724,220
2026-04-23,Paid Search,IN,brand,259.34,3602,182
2026-04-23,Paid Search,IN,nonbrand,286.36,3977,190
2026-04-23,Paid Search,UK,brand,579.91,8054,362
2026-04-23,Paid Search,UK,nonbrand,647.92,8999,406
2026-04-23,Paid Search,US,brand,558.23,7753,380
2026-04-23,Paid Search,US,nonbrand,790.69,10982,470
2026-04-23,Paid Social,BR,prospecting,287.84,22141,423
2026-04-23,Paid Social,BR,retargeting,289.04,22234,400
2026-04-23,Paid Social,DE,prospecting,433.38,33337,588
2026-04-23,Paid Social,DE,retargeting,436.86,33605,615
2026-04-23,Paid Social,IN,prospecting,258.83,19910,392
2026-04-23,Paid Social,IN,retargeting,284.93,21917,432
2026-04-23,Paid Social,UK,prospecting,465.91,35840,585
2026-04-23,Paid Social,UK,retargeting,504.92,38840,687
2026-04-23,Paid Social,US,prospecting,613.48,47191,834
2026-04-23,Paid Social,US,retargeting,619.12,47624,785
2026-04-23,Referral,BR,affiliates,135.42,3009,162
2026-04-23,Referral,DE,affiliates,158.84,3530,168
2026-04-23,Referral,IN,affiliates,122.42,2720,131
2026-04-23,Referral,UK,affiliates,187.39,4164,214
2026-04-23,Referral,US,affiliates,213.45,4743,234
2026-04-23,SEO,BR,organic,28.72,4103,303
2026-04-23,SEO,DE,organic,31.42,4489,308
2026-04-23,SEO,IN,organic,27.41,3916,266
2026-04-23,SEO,UK,organic,47.79,6827,506
2026-04-23,SEO,US,organic,63.82,9117,620
2026-04-24,Display,BR,prospecting,128.36,25672,194
2026-04-24,Display,BR,retargeting,110.67,22134,186
2026-04-24,Display,DE,prospecting,146.15,29231,224
2026-04-24,Display,DE,retargeting,138.3,27660,211
2026-04-24,Display,IN,prospecting,103.34,20668,156
2026-04-24,Display,IN,retargeting,111.37,22274,179
2026-04-24,Display,UK,prospecting,163.7,32741,237
2026-04-24,Display,UK,retargeting,160.53,32106,261
2026-04-24,Display,US,prospecting,254.44,50888,387
2026-04-24,Display,US,retargeting,267.45,53490,455
2026-04-24,Email,BR,lifecycle,36.59,4066,348
2026-04-24,Email,BR,newsletter,29.47,3275,287
2026-04-24,Email,DE,lifecycle,46.68,5186,420
2026-04-24,Email,DE,newsletter,42.76,4751,403
2026-04-24,Email,IN,lifecycle,27.16,3018,267
2026-04-24,Email,IN,newsletter,31.46,3496,284
2026-04-24,Email,UK,lifecycle,62.46,6940,650
2026-04-24,Email,UK,newsletter,45.66,5073,464
2026-04-24,Email,US,lifecycle,78.07,8674,780
2026-04-24,Email,US,newsletter,77.4,8600,774
2026-04-24,Paid Search,BR,brand,371.4,5158,251
2026-04-24,Paid Search,BR,nonbrand,252.77,3511,185
2026-04-24,Paid Search,DE,brand,536.03,7445,319
2026-04-24,Paid Search,DE,nonbrand,422.92,5874,263
2026-04-24,Paid Search,IN,brand,353.81,4914,222
2026-04-24,Paid Search,IN,nonbrand,314.45,4367,183
2026-04-24,Paid Search,UK,brand,536.75,7455,317
2026-04-24,Paid Search,UK,nonbrand,429.01,5958,269
2026-04-24,Paid Search,US,brand,761.74,10580,461
2026-04-24,Paid Search,US,nonbrand,831.18,11544,531
2026-04-24,Paid Social,BR,prospecting,287.56,22120,416
2026-04-24,Paid Social,BR,retargeting,288.01,22155,411
2026-04-24,Paid Social,DE,prospecting,320.15,24627,437
2026-04-24,Paid Social,DE,retargeting,358.08,27545,478
2026-04-24,Paid Social,IN,prospecting,266.71,20516,385
2026-04-24,Paid Social,IN,retargeting,247.11,19008,369
2026-04-24,Paid Social,UK,prospecting,407.36,31335,633
2026-04-24,Paid Social,UK,retargeting,398.91,30685,614
2026-04-24,Paid Social,US,prospecting,650.11,50008,891
2026-04-24,Paid Social,US,retargeting,689.22,53017,1000
2026-04-24,Referral,BR,affiliates,137.47,3055,148
2026-04-24,Referral,DE,affiliates,146.91,3265,159
2026-04-24,Referral,IN,affiliates,111.7,2482,124
2026-04-24,Referral,UK,affiliates,181.07,4024,185
2026-04-24,Referral,US,affiliates,255.55,5679,269
2026-04-24,SEO,BR,organic,28.04,4006,272
2026-04-24,SEO,DE,organic,41.19,5885,427
2026-04-24,SEO,IN,organic,30.41,4345,321
2026-04-24,SEO,UK,organic,54.68,7811,545
2026-04-24,SEO,US,organic,83.23,11890,825
2026-04-25,Display,BR,prospecting,111.82,22364,162
2026-04-25,Display,BR,retargeting,127.31,25461,207
2026-04-25,Display,DE,prospecting,190.8,38160,298
2026-04-25,Display,DE,retargeting,131.37,26275,194
2026-04-25,Display,IN,prospecting,102.61,20521,172
2026-04-25,Display,IN,retargeting,106.62,21324,170
2026-04-25,Display,UK,prospecting,178.16,35631,285
2026-04-25,Display,UK,retargeting,206.92,41383,336
2026-04-25,Display,US,prospecting,297.5,59500,510
2026-04-25,Display,US,retargeting,343.06,68612,551
2026-04-25,Email,BR,lifecycle,34.07,3786,349
2026-04-25,Email,BR,newsletter,37.14,4127,370
2026-04-25,Email,DE,lifecycle,45.49,5055,445
2026-04-25,Email,DE,newsletter,49.57,5508,519
2026-04-25,Email,IN,lifecycle,37.04,4115,398
2026-04-25,Email,IN,newsletter,26.51,2946,275
2026-04-25,Email,UK,lifecycle,63.81,7090,644
2026-04-25,Email,UK,newsletter,66.49,7388,658
2026-04-25,Email,US,lifecycle,77.89,8655,791
2026-04-25,Email,US,newsletter,70.8,7867,619
2026-04-25,Paid Search,BR,brand,425.6,5911,270
2026-04-25,Paid Search,BR,nonbrand,359.24,4989,235
2026-04-25,Paid Search,DE,brand,400.06,5556,251
2026-04-25,Paid Search,DE,nonbrand,397.07,5515,265
2026-04-25,Paid Search,IN,brand,424.54,5896,264
2026-04-25,Paid Search,IN,nonbrand,276.84,3845,166
2026-04-25,Paid Search,UK,brand,480.38,6672,294
2026-04-25,Paid Search,UK,nonbrand,604.65,8398,383
2026-04-25,Paid Search,US,brand,821.29,11407,528
2026-04-25,Paid Search,US,nonbrand,729.1,10126,406
2026-04-25,Paid Social,BR,prospecting,340.98,26229,494
2026-04-25,Paid Social,BR,retargeting,317.63,24433,438
2026-04-25,Paid Social,DE,prospecting,374.99,28845,543
2026-04-25,Paid Social,DE,retargeting,498.71,38362,744
2026-04-25,Paid Social,IN,prospecting,239.42,18417,313
2026-04-25,Paid Social,IN,retargeting,320.21,24631,505
2026-04-25,Paid Social,UK,prospecting,483.18,37168,625
2026-04-25,Paid Social,UK,retargeting,511.1,39316,666
2026-04-25,Paid Social,US,prospecting,621.1,47777,837
2026-04-25,Paid Social,US,retargeting,537.98,41383,681
2026-04-25,Referral,BR,affiliates,115.14,2559,131
2026-04-25,Referral,DE,affiliates,168.55,3746,176
2026-04-25,Referral,IN,affiliates,116.9,2598,137
2026-04-25,Referral,UK,affiliates,202.46,4499,212
2026-04-25,Referral,US,affiliates,245.76,5461,276
2026-04-25,SEO,BR,organic,29.94,4277,307
2026-04-25,SEO,DE,organic,30.76,4394,291
2026-04-25,SEO,IN,organic,34.7,4957,345
2026-04-25,SEO,UK,organic,54.73,7819,583
2026-04-25,SEO,US,organic,71.29,10184,706
2026-04-26,Display,BR,prospecting,110.95,22190,170
2026-04-26,Display,BR,retargeting,138.38,27676,207
2026-04-26,Display,DE,prospecting,156.64,31329,231
2026-04-26,Display,DE,retargeting,133.08,26616,233
2026-04-26,Display,IN,prospecting,119.36,23872,183
2026-04-26,Display,IN,retargeting,110.97,22194,162
2026-04-26,Display,UK,prospecting,203.91,40783,336
2026-04-26,Display,UK,retargeting,188.95,37791,313
2026-04-26,Display,US,prospecting,303.58,60717,422
2026-04-26,Display,US,retargeting,283.13,56627,498
2026-04-26,Email,BR,lifecycle,32.63,3625,294
2026-04-26,Email,BR,newsletter,38.39,4266,381
2026-04-26,Email,DE,lifecycle,57.05,6339,536
2026-04-26,Email,DE,newsletter,42.27,4697,449
2026-04-26,Email,IN,lifecycle,33.65,3739,314
2026-04-26,Email,IN,newsletter,36.95,4105,356
2026-04-26,Email,UK,lifecycle,65.1,7234,676
2026-04-26,Email,UK,newsletter,62.01,6890,590
2026-04-26,Email,US,lifecycle,84.54,9393,857
2026-04-26,Email,US,newsletter,74.82,8313,771
2026-04-26,Paid Search,BR,brand,366.27,5087,218
2026-04-26,Paid Search,BR,nonbrand,430.02,5972,271
2026-04-26,Paid Search,DE,brand,461.83,6414,288
2026-04-26,Paid Search,DE,nonbrand,485.74,6746,350
2026-04-26,Paid Search,IN,brand,376.22,5225,239
2026-04-26,Paid Search,IN,nonbrand,379.65,5273,243
2026-04-26,Paid Search,UK,brand,634.65,8815,395
2026-04-26,Paid Search,UK,nonbrand,607.68,8440,379
2026-04-26,Paid Search,US,brand,927.76,12886,515
2026-04-26,Paid Search,US,nonbrand,715.98,9944,390
2026-04-26,Paid Social,BR,prospecting,326.41,25109,458
2026-04-26,Paid Social,BR,retargeting,326.4,25107,471
2026-04-26,Paid Social,DE,prospecting,410.91,31608,529
2026-04-26,Paid Social,DE,retargeting,350.49,26961,468
2026-04-26,Paid Social,IN,prospecting,315.0,24231,429
2026-04-26,Paid Social,IN,retargeting,244.7,18823,364
2026-04-26,Paid Social,UK,prospecting,565.35,43488,850
2026-04-26,Paid Social,UK,retargeting,459.5,35346,653
2026-04-26,Paid Social,US,prospecting,758.2,58323,1101
2026-04-26,Paid Social,US,retargeting,540.15,41550,661
2026-04-26,Referral,BR,affiliates,129.78,2884,130
2026-04-26,Referral,DE,affiliates,152.27,3384,186
2026-04-26,Referral,IN,affiliates,111.74,2483,118
2026-04-26,Referral,UK,affiliates,191.81,4263,220
2026-04-26,Referral,US,affiliates,291.67,6482,322
2026-04-26,SEO,BR,organic,29.52,4217,291
2026-04-26,SEO,DE,organic,39.22,5603,413
2026-04-26,SEO,IN,organic,26.55,3793,270
2026-04-26,SEO,UK,organic,56.89,8128,570
2026-04-26,SEO,US,organic,67.82,9689,725
2026-04-27,Display,BR,prospecting,130.32,26065,220
2026-04-27,Display,BR,retargeting,110.65,22131,180
2026-04-27,Display,DE,prospecting,140.87,28175,246
2026-04-27,Display,DE,retargeting,154.6,30920,225
2026-04-27,Display,IN,prospecting,98.51,19701,154
2026-04-27,Display,IN,retargeting,101.62,20323,154
2026-04-27,Display,UK,prospecting,210.19,42039,333
2026-04-27,Display,UK,retargeting,204.27,40854,317
2026-04-27,Display,US,prospecting,300.23,60046,474
2026-04-27,Display,US,retargeting,234.36,46872,404
2026-04-27,Email,BR,lifecycle,29.38,3264,296
2026-04-27,Email,BR,newsletter,28.83,3203,281
2026-04-27,Email,DE,lifecycle,56.31,6257,569
2026-04-27,Email,DE,newsletter,47.0,5222,500
2026-04-27,Email,IN,lifecycle,27.07,3008,265
2026-04-27,Email,IN,newsletter,24.5,2723,288
2026-04-27,Email,UK,lifecycle,58.96,6551,560
2026-04-27,Email,UK,newsletter,66.8,7423,643
2026-04-27,Email,US,lifecycle,71.92,7991,688
2026-04-27,Email,US,newsletter,77.12,8569,729
2026-04-27,Paid Search,BR,brand,373.58,5189,256
2026-04-27,Paid Search,BR,nonbrand,408.68,5676,270
2026-04-27,Paid Search,DE,brand,365.33,5074,231
2026-04-27,Paid Search,DE,nonbrand,465.03,6459,296
2026-04-27,Paid Search,IN,brand,365.35,5074,256
2026-04-27,Paid Search,IN,nonbrand,308.02,4278,206
2026-04-27,Paid Search,UK,brand,684.71,9510,384
2026-04-27,Paid Search,UK,nonbrand,517.67,7190,323
2026-04-27,Paid Search,US,brand,874.77,12150,608
2026-04-27,Paid Search,US,nonbrand,913.96,12694,618
2026-04-27,Paid Social,BR,prospecting,298.62,22971,439
2026-04-27,Paid Social,BR,retargeting,334.48,25729,456
2026-04-27,Paid Social,DE,prospecting,392.41,30186,609
2026-04-27,Paid Social,DE,retargeting,301.25,23173,452
2026-04-27,Paid Social,IN,prospecting,264.69,20361,361
2026-04-27,Paid Social,IN,retargeting,304.67,23436,405
2026-04-27,Paid Social,UK,prospecting,487.04,37465,637
2026-04-27,Paid Social,UK,retargeting,450.58,34660,628
2026-04-27,Paid Social,US,prospecting,547.06,42081,787
2026-04-27,Paid Social,US,retargeting,708.35,54489,1034
2026-04-27,Referral,BR,affiliates,113.17,2515,120
2026-04-27,Referral,DE,affiliates,195.28,4340,197
2026-04-27,Referral,IN,affiliates,125.04,2779,143
2026-04-27,Referral,UK,affiliates,222.24,4939,237
2026-04-27,Referral,US,affiliates,301.69,6704,306
2026-04-27,SEO,BR,organic,33.6,4800,335
2026-04-27,SEO,DE,organic,42.08,6011,451
2026-04-27,SEO,IN,organic,32.5,4643,355
2026-04-27,SEO,UK,organic,57.38,8197,606
2026-04-27,SEO,US,organic,74.84,10692,699
2026-04-28,Display,BR,prospecting,105.02,21003,164
2026-04-28,Display,BR,retargeting,117.66,23532,185
2026-04-28,Display,DE,prospecting,156.95,31390,258
2026-04-28,Display,DE,retargeting,120.42,24083,194
2026-04-28,Display,IN,prospecting,93.82,18763,146
2026-04-28,Display,IN,retargeting,85.77,17155,131
2026-04-28,Display,UK,prospecting,163.44,32688,261
2026-04-28,Display,UK,retargeting,201.41,40282,346
2026-04-28,Display,US,prospecting,219.44,43887,382
2026-04-28,Display,US,retargeting,262.1,52420,398
2026-04-28,Email,BR,lifecycle,29.15,3238,303
2026-04-28,Email,BR,newsletter,35.01,3890,358
2026-04-28,Email,DE,lifecycle,40.21,4468,370
2026-04-28,Email,DE,newsletter,37.08,4120,363
2026-04-28,Email,IN,lifecycle,27.13,3014,273
2026-04-28,Email,IN,newsletter,28.19,3132,305
2026-04-28,Email,UK,lifecycle,63.44,7049,588
2026-04-28,Email,UK,newsletter,48.71,5412,512
2026-04-28,Email,US,lifecycle,59.33,6592,629
2026-04-28,Email,US,newsletter,65.73,7304,654
2026-04-28,Paid Search,BR,brand,312.59,4342,195
2026-04-28,Paid Search,BR,nonbrand,355.9,4943,215
2026-04-28,Paid Search,DE,brand,386.86,5373,274
2026-04-28,Paid Search,DE,nonbrand,492.58,6841,310
2026-04-28,Paid Search,IN,brand,316.1,4390,185
2026-04-28,Paid Search,IN,nonbrand,356.4,4950,245
2026-04-28,Paid Search,UK,brand,464.19,6447,262
2026-04-28,Paid Search,UK,nonbrand,731.64,10162,474
2026-04-28,Paid Search,US,brand,786.7,10926,509
2026-04-28,Paid Search,US,nonbrand,777.31,10796,512
2026-04-28,Paid Social,BR,prospecting,309.57,23813,461
2026-04-28,Paid Social,BR,retargeting,298.58,22967,396
2026-04-28,Paid Social,DE,prospecting,410.07,31544,542
2026-04-28,Paid Social,DE,retargeting,325.28,25022,422
2026-04-28,Paid Social,IN,prospecting,302.97,23305,406
2026-04-28,Paid Social,IN,retargeting,275.52,21193,401
2026-04-28,Paid Social,UK,prospecting,389.76,29982,534
2026-04-28,Paid Social,UK,retargeting,539.64,41510,796
2026-04-28,Paid Social,US,prospecting,812.47,62498,1204
2026-04-28,Paid Social,US,retargeting,756.76,58212,1058
2026-04-28,Referral,BR,affiliates,93.47,2077,106
2026-04-28,Referral,DE,affiliates,157.18,3493,184
2026-04-28,Referral,IN,affiliates,106.69,2371,101
2026-04-28,Referral,UK,affiliates,178.4,3964,203
2026-04-28,Referral,US,affiliates,305.04,6779,361
2026-04-28,SEO,BR,organic,30.68,4383,296
2026-04-28,SEO,DE,organic,40.7,5815,384
2026-04-28,SEO,IN,organic,27.69,3956,324
2026-04-28,SEO,UK,organic,49.19,7027,483
2026-04-28,SEO,US,organic,75.2,10743,735
2026-04-29,Display,BR,prospecting,138.49,27698,217
2026-04-29,Display,BR,retargeting,131.24,26248,198
2026-04-29,Display,DE,prospecting,154.58,30915,234
2026-04-29,Display,DE,retargeting,140.64,28127,231
2026-04-29,Display,IN,prospecting,93.75,18750,156
2026-04-29,Display,IN,retargeting,122.26,24452,202
2026-04-29,Display,UK,prospecting,215.62,43125,354
2026-04-29,Display,UK,retargeting,227.32,45463,373
2026-04-29,Display,US,prospecting,303.07,60614,506
2026-04-29,Display,US,retargeting,176.09,35218,287
2026-04-29,Email,BR,lifecycle,32.26,3584,351
2026-04-29,Email,BR,newsletter,31.29,3477,321
2026-04-29,Email,DE,lifecycle,41.53,4615,445
2026-04-29,Email,DE,newsletter,40.21,4468,375
2026-04-29,Email,IN,lifecycle,31.01,3446,325
2026-04-29,Email,IN,newsletter,31.69,3521,349
2026-04-29,Email,UK,lifecycle,65.99,7333,679
2026-04-29,Email,UK,newsletter,57.87,6431,564
2026-04-29,Email,US,lifecycle,87.58,9731,904
2026-04-29,Email,US,newsletter,79.85,8872,816
2026-04-29,Paid Search,BR,brand,373.85,5192,235
2026-04-29,Paid Search,BR,nonbrand,422.99,5875,266
2026-04-29,Paid Search,DE,brand,395.62,5495,239
2026-04-29,Paid Search,DE,nonbrand,400.5,5562,253
2026-04-29,Paid Search,IN,brand,251.27,3490,159
2026-04-29,Paid Search,IN,nonbrand,306.27,4254,192
2026-04-29,Paid Search,UK,brand,629.78,8747,405
2026-04-29,Paid Search,UK,nonbrand,566.1,7862,342
2026-04-29,Paid Search,US,brand,724.1,10057,448
2026-04-29,Paid Search,US,nonbrand,712.74,9899,417
2026-04-29,Paid Social,BR,prospecting,222.85,17142,314
2026-04-29,Paid Social,BR,retargeting,286.1,22008,383
2026-04-29,Paid Social,DE,prospecting,374.98,28845,519
2026-04-29,Paid Social,DE,retargeting,347.25,26712,472
2026-04-29,Paid Social,IN,prospecting,273.17,21013,339
2026-04-29,Paid Social,IN,retargeting,231.14,17780,334
2026-04-29,Paid Social,UK,prospecting,524.12,40317,753
2026-04-29,Paid Social,UK,retargeting,505.86,38913,713
2026-04-29,Paid Social,US,prospecting,814.36,62643,1105
2026-04-29,Paid Social,US,retargeting,544.5,41884,775
2026-04-29,Referral,BR,affiliates,112.67,2504,121
2026-04-29,Referral,DE,affiliates,141.39,3142,163
2026-04-29,Referral,IN,affiliates,110.91,2465,133
2026-04-29,Referral,UK,affiliates,207.49,4611,219
2026-04-29,Referral,US,affiliates,282.71,6283,297
2026-04-29,SEO,BR,organic,34.05,4865,339
2026-04-29,SEO,DE,organic,35.92,5132,361
2026-04-29,SEO,IN,organic,24.62,3517,256
2026-04-29,SEO,UK,organic,41.89,5984,459
2026-04-29,SEO,US,organic,80.08,11440,790
2026-04-30,Display,BR,prospecting,112.97,22594,177
2026-04-30,Display,BR,retargeting,112.64,22528,163
2026-04-30,Display,DE,prospecting,133.17,26634,217
2026-04-30,Display,DE,retargeting,189.12,37825,309
2026-04-30,Display,IN,prospecting,108.98,21796,180
2026-04-30,Display,IN,retargeting,113.27,22654,192
2026-04-30,Display,UK,prospecting,188.69,37737,327
2026-04-30,Display,UK,retargeting,185.94,37188,275
2026-04-30,Display,US,prospecting,315.73,63147,495
2026-04-30,Display,US,retargeting,256.55,51310,372
2026-04-30,Email,BR,lifecycle,40.52,4502,422
2026-04-30,Email,BR,newsletter,34.85,3872,324
2026-04-30,Email,DE,lifecycle,46.5,5166,442
2026-04-30,Email,DE,newsletter,51.68,5742,492
2026-04-30,Email,IN,lifecycle,29.4,3267,314
2026-04-30,Email,IN,newsletter,41.0,4556,430
2026-04-30,Email,UK,lifecycle,55.27,6141,575
2026-04-30,Email,UK,newsletter,57.28,6365,527
2026-04-30,Email,US,lifecycle,72.02,8003,789
2026-04-30,Email,US,newsletter,84.73,9415,915
2026-04-30,Paid Search,BR,brand,312.01,4333,191
2026-04-30,Paid Search,BR,nonbrand,341.64,4745,205
2026-04-30,Paid Search,DE,brand,374.81,5206,240
2026-04-30,Paid Search,DE,nonbrand,477.03,6625,322
2026-04-30,Paid Search,IN,brand,245.13,3405,146
2026-04-30,Paid Search,IN,nonbrand,309.65,4301,215
2026-04-30,Paid Search,UK,brand,549.79,7636,333
2026-04-30,Paid Search,UK,nonbrand,544.35,7560,321
2026-04-30,Paid Search,US,brand,817.66,11356,529
2026-04-30,Paid Search,US,nonbrand,715.06,9931,447
2026-04-30,Paid Social,BR,prospecting,224.81,17293,309
2026-04-30,Paid Social,BR,retargeting,325.6,25046,445
2026-04-30,Paid Social,DE,prospecting,402.83,30987,519
2026-04-30,Paid Social,DE,retargeting,456.97,35151,686
2026-04-30,Paid Social,IN,prospecting,228.76,17597,304
2026-04-30,Paid Social,IN,retargeting,278.35,21412,430
2026-04-30,Paid Social,UK,prospecting,476.55,36658,627
2026-04-30,Paid Social,UK,retargeting,541.64,41664,731
2026-04-30,Paid Social,US,prospecting,770.05,59235,1143
2026-04-30,Paid Social,US,retargeting,651.66,50127,878
2026-04-30,Referral,BR,affiliates,106.22,2360,115
2026-04-30,Referral,DE,affiliates,168.66,3748,169
2026-04-30,Referral,IN,affiliates,115.78,2573,124
2026-04-30,Referral,UK,affiliates,194.36,4319,220
2026-04-30,Referral,US,affiliates,260.72,5794,265
2026-04-30,SEO,BR,organic,22.49,3213,233
2026-04-30,SEO,DE,organic,34.96,4994,375
2026-04-30,SEO,IN,organic,28.98,4141,299
2026-04-30,SEO,UK,organic,49.25,7036,506
2026-04-30,SEO,US,organic,84.57,12082,792
2026-05-01,Display,BR,prospecting,109.49,21897,188
2026-05-01,Display,BR,retargeting,99.31,19861,165
2026-05-01,Display,DE,prospecting,183.16,36632,313
2026-05-01,Display,DE,retargeting,151.43,30286,249
2026-05-01,Display,IN,prospecting,107.84,21569,145
2026-05-01,Display,IN,retargeting,95.8,19161,160
2026-05-01,Display,UK,prospecting,169.99,33998,265
2026-05-01,Display,UK,retargeting,172.91,34581,275
2026-05-01,Display,US,prospecting,246.97,49394,349
2026-05-01,Display,US,retargeting,292.21,58441,510
2026-05-01,Email,BR,lifecycle,31.78,3532,345
2026-05-01,Email,BR,newsletter,37.43,4159,399
2026-05-01,Email,DE,lifecycle,38.34,4260,420
2026-05-01,Email,DE,newsletter,37.76,4196,384
2026-05-01,Email,IN,lifecycle,34.43,3826,333
2026-05-01,Email,IN,newsletter,34.66,3852,355
2026-05-01,Email,UK,lifecycle,63.05,7006,650
2026-05-01,Email,UK,newsletter,56.42,6269,603
2026-05-01,Email,US,lifecycle,78.81,8757,828
2026-05-01,Email,US,newsletter,82.57,9174,917
2026-05-01,Paid Search,BR,brand,389.51,5410,230
2026-05-01,Paid Search,BR,nonbrand,383.83,5331,246
2026-05-01,Paid Search,DE,brand,376.19,5225,250
2026-05-01,Paid Search,DE,nonbrand,500.85,6956,302
2026-05-01,Paid Search,IN,brand,325.39,4519,197
2026-05-01,Paid Search,IN,nonbrand,269.8,3747,166
2026-05-01,Paid Search,UK,brand,569.83,7914,301
2026-05-01,Paid Search,UK,nonbrand,575.84,7998,425
2026-05-01,Paid Search,US,brand,725.88,10082,415
2026-05-01,Paid Search,US,nonbrand,714.61,9925,474
2026-05-01,Paid Social,BR,prospecting,284.41,21877,415
2026-05-01,Paid Social,BR,retargeting,364.27,28021,530
2026-05-01,Paid Social,DE,prospecting,330.15,25396,422
2026-05-01,Paid Social,DE,retargeting,346.68,26668,485
2026-05-01,Paid Social,IN,prospecting,277.58,21352,416
2026-05-01,Paid Social,IN,retargeting,242.58,18660,316
2026-05-01,Paid Social,UK,prospecting,447.25,34404,678
2026-05-01,Paid Social,UK,retargeting,497.34,38257,691
2026-05-01,Paid Social,US,prospecting,744.66,57281,947
2026-05-01,Paid Social,US,retargeting,614.85,47296,781
2026-05-01,Referral,BR,affiliates,127.38,2831,129
2026-05-01,Referral,DE,affiliates,175.86,3908,209
2026-05-01,Referral,IN,affiliates,116.07,2579,128
2026-05-01,Referral,UK,affiliates,186.81,4151,198
2026-05-01,Referral,US,affiliates,272.39,6053,292
2026-05-01,SEO,BR,organic,32.57,4653,320
2026-05-01,SEO,DE,organic,37.2,5314,350
2026-05-01,SEO,IN,organic,27.82,3975,258
2026-05-01,SEO,UK,organic,45.97,6567,438
2026-05-01,SEO,US,organic,71.75,10250,724
2026-05-02,Display,BR,prospecting,125.03,25007,189
2026-05-02,Display,BR,retargeting,134.45,26890,221
2026-05-02,Display,DE,prospecting,155.0,30999,263
2026-05-02,Display,DE,retargeting,169.3,33859,286
2026-05-02,Display,IN,prospecting,134.75,26949,219
2026-05-02,Display,IN,retargeting,116.62,23324,200
2026-05-02,Display,UK,prospecting,195.63,39127,291
2026-05-02,Display,UK,retargeting,170.71,34142,270
2026-05-02,Display,US,prospecting,223.79,44757,330
2026-05-02,Display,US,retargeting,300.03,60006,487
2026-05-02,Email,BR,lifecycle,27.42,3046,264
2026-05-02,Email,BR,newsletter,36.52,4058,325
2026-05-02,Email,DE,lifecycle,51.39,5710,530
2026-05-02,Email,DE,newsletter,42.95,4772,387
2026-05-02,Email,IN,lifecycle,33.02,3669,350
2026-05-02,Email,IN,newsletter,32.22,3580,314
2026-05-02,Email,UK,lifecycle,52.51,5834,529
2026-05-02,Email,UK,newsletter,59.33,6592,560
2026-05-02,Email,US,lifecycle,76.28,8476,747
2026-05-02,Email,US,newsletter,89.03,9892,841
2026-05-02,Paid Search,BR,brand,472.05,6556,269
2026-05-02,Paid Search,BR,nonbrand,352.88,4901,212
2026-05-02,Paid Search,DE,brand,458.28,6365,288
2026-05-02,Paid Search,DE,nonbrand,374.39,5200,230
2026-05-02,Paid Search,IN,brand,317.7,4412,198
2026-05-02,Paid Search,IN,nonbrand,373.17,5183,249
2026-05-02,Paid Search,UK,brand,543.24,7545,356
2026-05-02,Paid Search,UK,nonbrand,472.36,6561,283
2026-05-02,Paid Search,US,brand,839.29,11657,562
2026-05-02,Paid Search,US,nonbrand,768.02,10667,492
2026-05-02,Paid Social,BR,prospecting,303.53,23348,397
2026-05-02,Paid Social,BR,retargeting,345.04,26542,464
2026-05-02,Paid Social,DE,prospecting,431.44,33188,566
2026-05-02,Paid Social,DE,retargeting,348.54,26810,548
2026-05-02,Paid Social,IN,prospecting,307.91,23685,417
2026-05-02,Paid Social,IN,retargeting,286.14,22010,409
2026-05-02,Paid Social,UK,prospecting,564.6,43430,785
2026-05-02,Paid Social,UK,retargeting,542.8,41754,755
2026-05-02,Paid Social,US,prospecting,692.43,53264,879
2026-05-02,Paid Social,US,retargeting,677.63,52125,872
2026-05-02,Referral,BR,affiliates,106.68,2371,123
2026-05-02,Referral,DE,affiliates,150.41,3342,165
2026-05-02,Referral,IN,affiliates,136.39,3031,151
2026-05-02,Referral,UK,affiliates,257.47,5721,253
2026-05-02,Referral,US,affiliates,322.94,7176,340
2026-05-02,SEO,BR,organic,31.24,4462,306
2026-05-02,SEO,DE,organic,35.04,5006,336
2026-05-02,SEO,IN,organic,25.27,3610,258
2026-05-02,SEO,UK,organic,41.17,5882,427
2026-05-02,SEO,US,organic,72.04,10291,689
2026-05-03,Display,BR,prospecting,118.93,23787,193
2026-05-03,Display,BR,retargeting,146.2,29239,242
2026-05-03,Display,DE,prospecting,160.32,32065,242
2026-05-03,Display,DE,retargeting,136.05,27210,212
2026-05-03,Display,IN,prospecting,110.35,22070,158
2026-05-03,Display,IN,retargeting,127.69,25538,205
2026-05-03,Display,UK,prospecting,251.49,50297,400
2026-05-03,Display,UK,retargeting,262.58,52516,415
2026-05-03,Display,US,prospecting,234.03,46807,406
2026-05-03,Display,US,retargeting,290.68,58135,503
2026-05-03,Email,BR,lifecycle,39.06,4340,400
2026-05-03,Email,BR,newsletter,41.52,4613,410
2026-05-03,Email,DE,lifecycle,47.34,5260,443
2026-05-03,Email,DE,newsletter,39.74,4415,431
2026-05-03,Email,IN,lifecycle,35.55,3950,320
2026-05-03,Email,IN,newsletter,34.41,3824,332
2026-05-03,Email,UK,lifecycle,45.5,5056,446
2026-05-03,Email,UK,newsletter,59.65,6627,598
2026-05-03,Email,US,lifecycle,76.81,8534,828
2026-05-03,Email,US,newsletter,65.33,7259,602
2026-05-03,Paid Search,BR,brand,368.68,5121,239
2026-05-03,Paid Search,BR,nonbrand,351.06,4876,210
2026-05-03,Paid Search,DE,brand,399.42,5547,285
2026-05-03,Paid Search,DE,nonbrand,502.07,6973,285
2026-05-03,Paid Search,IN,brand,305.34,4241,206
2026-05-03,Paid Search,IN,nonbrand,306.94,4263,181
2026-05-03,Paid Search,UK,brand,598.58,8314,380
2026-05-03,Paid Search,UK,nonbrand,566.74,7871,356
2026-05-03,Paid Search,US,brand,941.49,13076,577
2026-05-03,Paid Search,US,nonbrand,712.24,9892,449
2026-05-03,Paid Social,BR,prospecting,333.5,25654,442
2026-05-03,Paid Social,BR,retargeting,319.52,24578,435
2026-05-03,Paid Social,DE,prospecting,432.07,33236,563
2026-05-03,Paid Social,DE,retargeting,347.73,26749,474
2026-05-03,Paid Social,IN,prospecting,267.04,20541,367
2026-05-03,Paid Social,IN,retargeting,269.13,20702,357
2026-05-03,Paid Social,UK,prospecting,509.24,39173,725
2026-05-03,Paid Social,UK,retargeting,408.6,31431,563
2026-05-03,Paid Social,US,prospecting,799.76,61520,1027
2026-05-03,Paid Social,US,retargeting,727.28,55945,991
2026-05-03,Referral,BR,affiliates,117.4,2609,120
2026-05-03,Referral,DE,affiliates,137.99,3066,141
2026-05-03,Referral,IN,affiliates,120.93,2687,127
2026-05-03,Referral,UK,affiliates,218.25,4850,256
2026-05-03,Referral,US,affiliates,383.65,8525,420
2026-05-03,SEO,BR,organic,32.14,4591,333
2026-05-03,SEO,DE,organic,41.07,5868,427
2026-05-03,SEO,IN,organic,26.46,3780,266
2026-05-03,SEO,UK,organic,54.72,7817,548
2026-05-03,SEO,US,organic,57.75,8250,529
2026-05-04,Display,BR,prospecting,131.47,26293,209
2026-05-04,Display,BR,retargeting,133.72,26745,205
2026-05-04,Display,DE,prospecting,154.35,30869,201
2026-05-04,Display,DE,retargeting,123.45,24689,199
2026-05-04,Display,IN,prospecting,102.25,20450,160
2026-05-04,Display,IN,retargeting,106.87,21375,161
2026-05-04,Display,UK,prospecting,160.87,32174,286
2026-05-04,Display,UK,retargeting,208.36,41672,344
2026-05-04,Display,US,prospecting,246.14,49228,386
2026-05-04,Display,US,retargeting,280.88,56176,446
2026-05-04,Email,BR,lifecycle,30.1,3344,261
2026-05-04,Email,BR,newsletter,38.04,4227,407
2026-05-04,Email,DE,lifecycle,45.37,5041,511
2026-05-04,Email,DE,newsletter,39.12,4347,383
2026-05-04,Email,IN,lifecycle,28.61,3178,301
2026-05-04,Email,IN,newsletter,35.36,3929,337
2026-05-04,Email,UK,lifecycle,70.6,7844,715
2026-05-04,Email,UK,newsletter,59.12,6569,609
2026-05-04,Email,US,lifecycle,68.43,7603,696
2026-05-04,Email,US,newsletter,90.68,10076,925
2026-05-04,Paid Search,BR,brand,256.03,3556,152
2026-05-04,Paid Search,BR,nonbrand,319.19,4433,204
2026-05-04,Paid Search,DE,brand,478.19,6642,292
2026-05-04,Paid Search,DE,nonbrand,484.25,6726,281
2026-05-04,Paid Search,IN,brand,316.09,4390,219
2026-05-04,Paid Search,IN,nonbrand,299.9,4165,192
2026-05-04,Paid Search,UK,brand,669.41,9297,400
2026-05-04,Paid Search,UK,nonbrand,647.39,8992,368
2026-05-04,Paid Search,US,brand,729.42,10131,450
2026-05-04,Paid Search,US,nonbrand,640.99,8903,427
2026-05-04,Paid Social,BR,prospecting,290.23,22325,401
2026-05-04,Paid Social,BR,retargeting,304.56,23428,436
2026-05-04,Paid Social,DE,prospecting,427.62,32894,577
2026-05-04,Paid Social,DE,retargeting,411.43,31648,578
2026-05-04,Paid Social,IN,prospecting,219.48,16883,306
2026-05-04,Paid Social,IN,retargeting,261.17,20090,373
2026-05-04,Paid Social,UK,prospecting,415.06,31927,565
2026-05-04,Paid Social,UK,retargeting,464.17,35705,592
2026-05-04,Paid Social,US,prospecting,643.93,49533,892
2026-05-04,Paid Social,US,retargeting,550.38,42337,704
2026-05-04,Referral,BR,affiliates,115.83,2574,141
2026-05-04,Referral,DE,affiliates,131.8,2929,150
2026-05-04,Referral,IN,affiliates,131.94,2932,137
2026-05-04,Referral,UK,affiliates,189.35,4208,202
2026-05-04,Referral,US,affiliates,238.42,5298,245
2026-05-04,SEO,BR,organic,35.9,5128,373
2026-05-04,SEO,DE,organic,38.22,5460,379
2026-05-04,SEO,IN,organic,33.87,4839,357
2026-05-04,SEO,UK,organic,52.7,7529,521
2026-05-04,SEO,US,organic,61.67,8810,636
2026-05-05,Display,BR,prospecting,128.49,25697,206
2026-05-05,Display,BR,retargeting,126.11,25221,204
2026-05-05,Display,DE,prospecting,151.2,30240,248
2026-05-05,Display,DE,retargeting,159.04,31808,250
2026-05-05,Display,IN,prospecting,124.85,24971,198
2026-05-05,Display,IN,retargeting,126.35,25270,202
2026-05-05,Display,UK,prospecting,176.57,35314,263
2026-05-05,Display,UK,retargeting,177.48,35497,295
2026-05-05,Display,US,prospecting,324.48,64895,517
2026-05-05,Display,US,retargeting,295.91,59183,421
2026-05-05,Email,BR,lifecycle,38.25,4250,380
2026-05-05,Email,BR,newsletter,38.64,4293,400
2026-05-05,Email,DE,lifecycle,40.55,4505,412
2026-05-05,Email,DE,newsletter,44.28,4920,456
2026-05-05,Email,IN,lifecycle,31.85,3539,293
2026-05-05,Email,IN,newsletter,37.39,4154,388
2026-05-05,Email,UK,lifecycle,55.75,6194,570
2026-05-05,Email,UK,newsletter,60.18,6687,602
2026-05-05,Email,US,lifecycle,87.32,9702,915
2026-05-05,Email,US,newsletter,63.65,7072,646
2026-05-05,Paid Search,BR,brand,325.51,4521,241
2026-05-05,Paid Search,BR,nonbrand,262.27,3643,163
2026-05-05,Paid Search,DE,brand,387.56,5383,247
2026-05-05,Paid Search,DE,nonbrand,422.01,5861,256
2026-05-05,Paid Search,IN,brand,342.98,4764,220
2026-05-05,Paid Search,IN,nonbrand,319.43,4437,172
2026-05-05,Paid Search,UK,brand,621.31,8629,358
2026-05-05,Paid Search,UK,nonbrand,536.88,7457,338
2026-05-05,Paid Search,US,brand,859.75,11941,521
2026-05-05,Paid Search,US,nonbrand,765.61,10633,458
2026-05-05,Paid Social,BR,prospecting,310.63,23894,385
2026-05-05,Paid Social,BR,retargeting,299.27,23021,409
2026-05-05,Paid Social,DE,prospecting,290.28,22329,378
2026-05-05,Paid Social,DE,retargeting,406.38,31260,627
2026-05-05,Paid Social,IN,prospecting,269.36,20720,423
2026-05-05,Paid Social,IN,retargeting,296.23,22787,405
2026-05-05,Paid Social,UK,prospecting,591.22,45479,851
2026-05-05,Paid Social,UK,retargeting,470.86,36220,701
2026-05-05,Paid Social,US,prospecting,531.51,40885,789
2026-05-05,Paid Social,US,retargeting,566.49,43576,799
2026-05-05,Referral,BR,affiliates,135.33,3007,144
2026-05-05,Referral,DE,affiliates,142.41,3165,150
2026-05-05,Referral,IN,affiliates,110.17,2448,126
2026-05-05,Referral,UK,affiliates,187.52,4167,205
2026-05-05,Referral,US,affiliates,331.88,7375,379
2026-05-05,SEO,BR,organic,29.52,4217,275
2026-05-05,SEO,DE,organic,36.77,5253,333
2026-05-05,SEO,IN,organic,29.34,4191,286
2026-05-05,SEO,UK,organic,57.94,8277,583
2026-05-05,SEO,US,organic,71.43,10204,781
2026-05-06,Display,BR,prospecting,131.67,26334,214
2026-05-06,Display,BR,retargeting,83.7,16741,123
2026-05-06,Display,DE,prospecting,172.23,34446,261
2026-05-06,Display,DE,retargeting,140.65,28130,243
2026-05-06,Display,IN,prospecting,119.39,23877,187
2026-05-06,Display,IN,retargeting,144.14,28828,221
2026-05-06,Display,UK,prospecting,216.3,43259,360
2026-05-06,Display,UK,retargeting,233.55,46710,385
2026-05-06,Display,US,prospecting,262.58,52517,427
2026-05-06,Display,US,retargeting,306.86,61373,569
2026-05-06,Email,BR,lifecycle,33.17,3686,339
2026-05-06,Email,BR,newsletter,36.63,4070,358
2026-05-06,Email,DE,lifecycle,39.55,4394,399
2026-05-06,Email,DE,newsletter,47.38,5264,423
2026-05-06,Email,IN,lifecycle,37.08,4120,381
2026-05-06,Email,IN,newsletter,31.08,3453,340
2026-05-06,Email,UK,lifecycle,60.0,6666,616
2026-05-06,Email,UK,newsletter,60.0,6666,511
2026-05-06,Email,US,lifecycle,89.84,9982,937
2026-05-06,Email,US,newsletter,77.17,8575,716
2026-05-06,Paid Search,BR,brand,401.05,5570,234
2026-05-06,Paid Search,BR,nonbrand,403.36,5602,223
2026-05-06,Paid Search,DE,brand,583.99,8111,348
2026-05-06,Paid Search,DE,nonbrand,373.29,5185,233
2026-05-06,Paid Search,IN,brand,264.44,3673,162
2026-05-06,Paid Search,IN,nonbrand,324.94,4513,189
2026-05-06,Paid Search,UK,brand,703.38,9769,462
2026-05-06,Paid Search,UK,nonbrand,524.41,7283,309
2026-05-06,Paid Search,US,brand,850.04,11806,513
2026-05-06,Paid Search,US,nonbrand,730.21,10142,457
2026-05-06,Paid Social,BR,prospecting,247.64,19049,360
2026-05-06,Paid Social,BR,retargeting,291.81,22447,431
2026-05-06,Paid Social,DE,prospecting,324.33,24949,468
2026-05-06,Paid Social,DE,retargeting,342.75,26365,431
2026-05-06,Paid Social,IN,prospecting,234.84,18065,325
2026-05-06,Paid Social,IN,retargeting,283.51,21808,404
2026-05-06,Paid Social,UK,prospecting,484.27,37251,734
2026-05-06,Paid Social,UK,retargeting,556.53,42810,820
2026-05-06,Paid Social,US,prospecting,773.29,59484,1032
2026-05-06,Paid Social,US,retargeting,631.43,48572,850
2026-05-06,Referral,BR,affiliates,165.64,3681,193
2026-05-06,Referral,DE,affiliates,154.28,3428,169
2026-05-06,Referral,IN,affiliates,118.94,2643,137
2026-05-06,Referral,UK,affiliates,215.47,4788,229
2026-05-06,Referral,US,affiliates,287.7,6393,346
2026-05-06,SEO,BR,organic,32.89,4699,328
2026-05-06,SEO,DE,organic,43.48,6212,426
2026-05-06,SEO,IN,organic,33.53,4790,339
2026-05-06,SEO,UK,organic,44.69,6384,467
2026-05-06,SEO,US,organic,59.98,8568,602
2026-05-07,Display,BR,prospecting,119.37,23874,192
2026-05-07,Display,BR,retargeting,107.88,21575,162
2026-05-07,Display,DE,prospecting,135.65,27130,225
2026-05-07,Display,DE,retargeting,166.54,33308,300
2026-05-07,Display,IN,prospecting,108.92,21783,180
2026-05-07,Display,IN,retargeting,105.43,21087,175
2026-05-07,Display,UK,prospecting,199.7,39940,342
2026-05-07,Display,UK,retargeting,226.32,45264,369
2026-05-07,Display,US,prospecting,243.31,48661,359
2026-05-07,Display,US,retargeting,276.88,55375,446
2026-05-07,Email,BR,lifecycle,33.88,3765,349
2026-05-07,Email,BR,newsletter,39.66,4407,443
2026-05-07,Email,DE,lifecycle,33.36,3707,332
2026-05-07,Email,DE,newsletter,43.7,4855,413
2026-05-07,Email,IN,lifecycle,31.55,3505,337
2026-05-07,Email,IN,newsletter,31.27,3475,306
2026-05-07,Email,UK,lifecycle,49.81,5534,576
2026-05-07,Email,UK,newsletter,66.84,7427,684
2026-05-07,Email,US,lifecycle,79.08,8786,785
2026-05-07,Email,US,newsletter,84.68,9409,846
2026-05-07,Paid Search,BR,brand,373.61,5189,216
2026-05-07,Paid Search,BR,nonbrand,323.38,4491,184
2026-05-07,Paid Search,DE,brand,414.23,5753,253
2026-05-07,Paid Search,DE,nonbrand,487.5,6771,337
2026-05-07,Paid Search,IN,brand,303.86,4220,218
2026-05-07,Paid Search,IN,nonbrand,255.41,3547,164
2026-05-07,Paid Search,UK,brand,666.43,9256,425
2026-05-07,Paid Search,UK,nonbrand,675.69,9385,411
2026-05-07,Paid Search,US,brand,697.98,9694,454
2026-05-07,Paid Search,US,nonbrand,893.04,12403,558
2026-05-07,Paid Social,BR,prospecting,291.59,22430,380
2026-05-07,Paid Social,BR,retargeting,367.82,28294,481
2026-05-07,Paid Social,DE,prospecting,401.01,30847,529
2026-05-07,Paid Social,DE,retargeting,282.81,21754,353
2026-05-07,Paid Social,IN,prospecting,303.63,23356,448
2026-05-07,Paid Social,IN,retargeting,231.49,17807,293
2026-05-07,Paid Social,UK,prospecting,481.86,37066,662
2026-05-07,Paid Social,UK,retargeting,457.05,35158,593
2026-05-07,Paid Social,US,prospecting,745.91,57377,1003
2026-05-07,Paid Social,US,retargeting,645.46,49651,904
2026-05-07,Referral,BR,affiliates,129.1,2869,149
2026-05-07,Referral,DE,affiliates,125.27,2784,135
2026-05-07,Referral,IN,affiliates,111.67,2482,117
2026-05-07,Referral,UK,affiliates,228.21,5071,262
2026-05-07,Referral,US,affiliates,307.87,6842,344
2026-05-07,SEO,BR,organic,27.34,3906,265
2026-05-07,SEO,DE,organic,33.93,4847,375
2026-05-07,SEO,IN,organic,27.12,3874,281
2026-05-07,SEO,UK,organic,52.46,7494,458
2026-05-07,SEO,US,organic,56.74,8106,564
2026-05-08,Display,BR,prospecting,110.69,22138,186
2026-05-08,Display,BR,retargeting,108.89,21778,175
2026-05-08,Display,DE,prospecting,160.14,32028,271
2026-05-08,Display,DE,retargeting,148.89,29779,221
2026-05-08,Display,IN,prospecting,87.24,17447,146
2026-05-08,Display,IN,retargeting,99.84,19968,156
2026-05-08,Display,UK,prospecting,176.64,35328,243
2026-05-08,Display,UK,retargeting,163.52,32705,263
2026-05-08,Display,US,prospecting,241.81,48362,396
2026-05-08,Display,US,retargeting,253.49,50697,381
2026-05-08,Email,BR,lifecycle,40.18,4464,364
2026-05-08,Email,BR,newsletter,36.75,4084,358
2026-05-08,Email,DE,lifecycle,51.74,5749,532
2026-05-08,Email,DE,newsletter,42.2,4689,374
2026-05-08,Email,IN,lifecycle,30.07,3341,317
2026-05-08,Email,IN,newsletter,29.0,3222,277
2026-05-08,Email,UK,lifecycle,49.62,5513,469
2026-05-08,Email,UK,newsletter,50.11,5568,541
2026-05-08,Email,US,lifecycle,73.95,8217,744
2026-05-08,Email,US,newsletter,82.45,9161,854
2026-05-08,Paid Search,BR,brand,361.8,5025,233
2026-05-08,Paid Search,BR,nonbrand,317.52,4410,185
2026-05-08,Paid Search,DE,brand,442.93,6152,281
2026-05-08,Paid Search,DE,nonbrand,375.93,5221,243
2026-05-08,Paid Search,IN,brand,380.38,5283,232
2026-05-08,Paid Search,IN,nonbrand,313.11,4349,180
2026-05-08,Paid Search,UK,brand,616.37,8561,440
2026-05-08,Paid Search,UK,nonbrand,679.68,9440,451
2026-05-08,Paid Search,US,brand,882.82,12261,560
2026-05-08,Paid Search,US,nonbrand,818.24,11364,503
2026-05-08,Paid Social,BR,prospecting,245.64,18896,331
2026-05-08,Paid Social,BR,retargeting,266.44,20496,344
2026-05-08,Paid Social,DE,prospecting,249.52,19193,327
2026-05-08,Paid Social,DE,retargeting,316.39,24337,417
2026-05-08,Paid Social,IN,prospecting,255.25,19634,341
2026-05-08,Paid Social,IN,retargeting,233.96,17997,339
2026-05-08,Paid Social,UK,prospecting,464.21,35708,709
2026-05-08,Paid Social,UK,retargeting,503.44,38726,684
2026-05-08,Paid Social,US,prospecting,656.23,50479,897
2026-05-08,Paid Social,US,retargeting,569.7,43823,796
2026-05-08,Referral,BR,affiliates,109.44,2432,114
2026-05-08,Referral,DE,affiliates,148.3,3296,156
2026-05-08,Referral,IN,affiliates,143.26,3184,164
2026-05-08,Referral,UK,affiliates,239.93,5332,272
2026-05-08,Referral,US,affiliates,287.29,6384,292
2026-05-08,SEO,BR,organic,31.36,4480,314
2026-05-08,SEO,DE,organic,31.05,4436,349
2026-05-08,SEO,IN,organic,25.87,3696,288
2026-05-08,SEO,UK,organic,59.09,8442,578
2026-05-08,SEO,US,organic,70.82,10117,703
2026-05-09,Display,BR,prospecting,126.67,25334,202
2026-05-09,Display,BR,retargeting,127.49,25498,207
2026-05-09,Display,DE,prospecting,161.64,32328,276
2026-05-09,Display,DE,retargeting,226.16,45232,318
2026-05-09,Display,IN,prospecting,104.92,20983,160
2026-05-09,Display,IN,retargeting,102.44,20488,163
2026-05-09,Display,UK,prospecting,235.82,47164,387
2026-05-09,Display,UK,retargeting,192.24,38448,268
2026-05-09,Display,US,prospecting,240.03,48007,374
2026-05-09,Display,US,retargeting,206.11,41222,352
2026-05-09,Email,BR,lifecycle,40.86,4540,399
2026-05-09,Email,BR,newsletter,30.43,3381,268
2026-05-09,Email,DE,lifecycle,52.93,5881,546
2026-05-09,Email,DE,newsletter,40.46,4496,429
2026-05-09,Email,IN,lifecycle,31.26,3473,282
2026-05-09,Email,IN,newsletter,37.66,4184,343
2026-05-09,Email,UK,lifecycle,57.98,6442,692
2026-05-09,Email,UK,newsletter,49.62,5513,520
2026-05-09,Email,US,lifecycle,68.21,7578,677
2026-05-09,Email,US,newsletter,72.47,8052,671
2026-05-09,Paid Search,BR,brand,426.48,5923,291
2026-05-09,Paid Search,BR,nonbrand,326.56,4536,193
2026-05-09,Paid Search,DE,brand,401.62,5578,264
2026-05-09,Paid Search,DE,nonbrand,465.36,6463,275
2026-05-09,Paid Search,IN,brand,303.73,4218,183
2026-05-09,Paid Search,IN,nonbrand,382.0,5306,245
2026-05-09,Paid Search,UK,brand,766.74,10649,491
2026-05-09,Paid Search,UK,nonbrand,673.38,9353,433
2026-05-09,Paid Search,US,brand,927.72,12885,602
2026-05-09,Paid Search,US,nonbrand,883.22,12267,539
2026-05-09,Paid Social,BR,prospecting,331.74,25519,453
2026-05-09,Paid Social,BR,retargeting,360.96,27766,509
2026-05-09,Paid Social,DE,prospecting,419.68,32283,567
2026-05-09,Paid Social,DE,retargeting,478.13,36779,694
2026-05-09,Paid Social,IN,prospecting,350.75,26980,478
2026-05-09,Paid Social,IN,retargeting,300.05,23081,421
2026-05-09,Paid Social,UK,prospecting,603.19,46399,805
2026-05-09,Paid Social,UK,retargeting,542.69,41745,741
2026-05-09,Paid Social,US,prospecting,608.43,46802,871
2026-05-09,Paid Social,US,retargeting,780.89,60069,1106
2026-05-09,Referral,BR,affiliates,124.24,2761,133
2026-05-09,Referral,DE,affiliates,164.86,3664,170
2026-05-09,Referral,IN,affiliates,118.77,2639,136
2026-05-09,Referral,UK,affiliates,220.9,4909,253
2026-05-09,Referral,US,affiliates,355.63,7903,373
2026-05-09,SEO,BR,organic,27.36,3908,297
2026-05-09,SEO,DE,organic,39.61,5658,381
2026-05-09,SEO,IN,organic,24.74,3534,271
2026-05-09,SEO,UK,organic,52.47,7496,546
2026-05-09,SEO,US,organic,83.18,11883,806
2026-05-10,Display,BR,prospecting,120.65,24130,213
2026-05-10,Display,BR,retargeting,152.9,30580,221
2026-05-10,Display,DE,prospecting,177.67,35534,314
2026-05-10,Display,DE,retargeting,149.92,29984,248
2026-05-10,Display,IN,prospecting,101.81,20361,155
2026-05-10,Display,IN,retargeting,85.59,17118,143
2026-05-10,Display,UK,prospecting,237.65,47529,394
2026-05-10,Display,UK,retargeting,208.54,41708,349
2026-05-10,Display,US,prospecting,316.1,63219,515
2026-05-10,Display,US,retargeting,319.65,63931,574
2026-05-10,Email,BR,lifecycle,32.44,3604,320
2026-05-10,Email,BR,newsletter,34.52,3835,355
2026-05-10,Email,DE,lifecycle,51.53,5726,489
2026-05-10,Email,DE,newsletter,43.52,4835,431
2026-05-10,Email,IN,lifecycle,34.89,3876,339
2026-05-10,Email,IN,newsletter,39.27,4363,398
2026-05-10,Email,UK,lifecycle,68.48,7608,633
2026-05-10,Email,UK,newsletter,71.33,7926,622
2026-05-10,Email,US,lifecycle,94.01,10446,892
2026-05-10,Email,US,newsletter,74.51,8279,701
2026-05-10,Paid Search,BR,brand,403.61,5606,253
2026-05-10,Paid Search,BR,nonbrand,372.08,5168,238
2026-05-10,Paid Search,DE,brand,574.4,7978,366
2026-05-10,Paid Search,DE,nonbrand,474.49,6590,284
2026-05-10,Paid Search,IN,brand,386.14,5363,216
2026-05-10,Paid Search,IN,nonbrand,333.77,4636,220
2026-05-10,Paid Search,UK,brand,669.21,9295,428
2026-05-10,Paid Search,UK,nonbrand,601.0,8347,388
2026-05-10,Paid Search,US,brand,868.72,12066,543
2026-05-10,Paid Search,US,nonbrand,781.69,10857,491
2026-05-10,Paid Social,BR,prospecting,246.22,18940,342
2026-05-10,Paid Social,BR,retargeting,313.06,24081,444
2026-05-10,Paid Social,DE,prospecting,447.85,34450,657
2026-05-10,Paid Social,DE,retargeting,430.17,33090,538
2026-05-10,Paid Social,IN,prospecting,217.1,16700,301
2026-05-10,Paid Social,IN,retargeting,303.37,23336,424
2026-05-10,Paid Social,UK,prospecting,496.4,38184,719
2026-05-10,Paid Social,UK,retargeting,603.36,46412,777
2026-05-10,Paid Social,US,prospecting,664.87,51144,894
2026-05-10,Paid Social,US,retargeting,679.35,52257,969
2026-05-10,Referral,BR,affiliates,146.33,3252,158
2026-05-10,Referral,DE,affiliates,176.13,3914,205
2026-05-10,Referral,IN,affiliates,120.44,2676,131
2026-05-10,Referral,UK,affiliates,219.86,4886,236
2026-05-10,Referral,US,affiliates,317.22,7049,357
2026-05-10,SEO,BR,organic,33.67,4810,344
2026-05-10,SEO,DE,organic,43.01,6145,407
2026-05-10,SEO,IN,organic,34.69,4956,373
2026-05-10,SEO,UK,organic,60.14,8592,610
2026-05-10,SEO,US,organic,74.03,10576,792
2026-05-11,Display,BR,prospecting,138.8,27761,223
2026-05-11,Display,BR,retargeting,102.73,20545,154
2026-05-11,Display,DE,prospecting,143.73,28747,247
2026-05-11,Display,DE,retargeting,154.43,30886,263
2026-05-11,Display,IN,prospecting,108.67,21734,173
2026-05-11,Display,IN,retargeting,124.4,24880,190
2026-05-11,Display,UK,prospecting,204.54,40908,322
2026-05-11,Display,UK,retargeting,171.46,34292,282
2026-05-11,Display,US,prospecting,262.64,52527,406
2026-05-11,Display,US,retargeting,281.99,56398,446
2026-05-11,Email,BR,lifecycle,30.74,3415,299
2026-05-11,Email,BR,newsletter,34.51,3835,308
2026-05-11,Email,DE,lifecycle,46.11,5124,455
2026-05-11,Email,DE,newsletter,36.05,4006,373
2026-05-11,Email,IN,lifecycle,37.95,4216,396
2026-05-11,Email,IN,newsletter,24.91,2767,267
2026-05-11,Email,UK,lifecycle,55.36,6151,566
2026-05-11,Email,UK,newsletter,52.33,5815,590
2026-05-11,Email,US,lifecycle,73.2,8134,638
2026-05-11,Email,US,newsletter,82.42,9157,792
2026-05-11,Paid Search,BR,brand,405.84,5637,262
2026-05-11,Paid Search,BR,nonbrand,429.03,5959,272
2026-05-11,Paid Search,DE,brand,502.08,6973,338
2026-05-11,Paid Search,DE,nonbrand,480.62,6675,325
2026-05-11,Paid Search,IN,brand,305.71,4246,207
2026-05-11,Paid Search,IN,nonbrand,315.83,4387,191
2026-05-11,Paid Search,UK,brand,648.79,9011,401
2026-05-11,Paid Search,UK,nonbrand,573.2,7961,320
2026-05-11,Paid Search,US,brand,723.83,10053,466
2026-05-11,Paid Search,US,nonbrand,785.14,10905,492
2026-05-11,Paid Social,BR,prospecting,307.41,23647,417
2026-05-11,Paid Social,BR,retargeting,242.66,18666,319
2026-05-11,Paid Social,DE,prospecting,343.34,26410,482
2026-05-11,Paid Social,DE,retargeting,371.75,28596,533
2026-05-11,Paid Social,IN,prospecting,274.86,21143,363
2026-05-11,Paid Social,IN,retargeting,248.6,19123,384
2026-05-11,Paid Social,UK,prospecting,400.62,30817,571
2026-05-11,Paid Social,UK,retargeting,483.9,37223,595
2026-05-11,Paid Social,US,prospecting,518.83,39910,695
2026-05-11,Paid Social,US,retargeting,630.32,48486,855
2026-05-11,Referral,BR,affiliates,105.56,2346,115
2026-05-11,Referral,DE,affiliates,168.93,3754,191
2026-05-11,Referral,IN,affiliates,117.0,2600,120
2026-05-11,Referral,UK,affiliates,213.13,4736,236
2026-05-11,Referral,US,affiliates,261.22,5805,256
2026-05-11,SEO,BR,organic,32.93,4704,372
2026-05-11,SEO,DE,organic,38.84,5549,378
2026-05-11,SEO,IN,organic,30.27,4325,316
2026-05-11,SEO,UK,organic,62.52,8931,583
2026-05-11,SEO,US,organic,78.44,11206,789
2026-05-12,Display,BR,prospecting,132.57,26513,190
2026-05-12,Display,BR,retargeting,150.17,30034,235
2026-05-12,Display,DE,prospecting,141.7,28339,251
2026-05-12,Display,DE,retargeting,133.82,26764,239
2026-05-12,Display,IN,prospecting,101.86,20371,148
2026-05-12,Display,IN,retargeting,103.87,20774,176
2026-05-12,Display,UK,prospecting,182.73,36546,281
2026-05-12,Display,UK,retargeting,194.94,38987,293
2026-05-12,Display,US,prospecting,333.34,66668,483
2026-05-12,Display,US,retargeting,271.13,54225,431
2026-05-12,Email,BR,lifecycle,27.9,3100,291
2026-05-12,Email,BR,newsletter,35.13,3903,334
2026-05-12,Email,DE,lifecycle,32.1,3567,323
2026-05-12,Email,DE,newsletter,48.3,5366,485
2026-05-12,Email,IN,lifecycle,27.22,3024,283
2026-05-12,Email,IN,newsletter,30.99,3444,334
2026-05-12,Email,UK,lifecycle,56.78,6309,527
2026-05-12,Email,UK,newsletter,56.47,6275,520
2026-05-12,Email,US,lifecycle,69.17,7685,663
2026-05-12,Email,US,newsletter,84.77,9419,837
2026-05-12,Paid Search,BR,brand,394.17,5475,219
2026-05-12,Paid Search,BR,nonbrand,444.19,6169,295
2026-05-12,Paid Search,DE,brand,459.56,6383,286
2026-05-12,Paid Search,DE,nonbrand,410.38,5700,274
2026-05-12,Paid Search,IN,brand,346.73,4816,229
2026-05-12,Paid Search,IN,nonbrand,331.76,4608,195
2026-05-12,Paid Search,UK,brand,570.61,7925,374
2026-05-12,Paid Search,UK,nonbrand,534.57,7425,371
2026-05-12,Paid Search,US,brand,716.39,9950,436
2026-05-12,Paid Search,US,nonbrand,833.35,11574,488
2026-05-12,Paid Social,BR,prospecting,243.68,18745,336
2026-05-12,Paid Social,BR,retargeting,289.15,22242,433
2026-05-12,Paid Social,DE,prospecting,350.7,26977,483
2026-05-12,Paid Social,DE,retargeting,452.72,34825,647
2026-05-12,Paid Social,IN,prospecting,317.69,24438,435
2026-05-12,Paid Social,IN,retargeting,322.96,24843,437
2026-05-12,Paid Social,UK,prospecting,452.9,34838,587
2026-05-12,Paid Social,UK,retargeting,542.03,41695,720
2026-05-12,Paid Social,US,prospecting,741.11,57009,943
2026-05-12,Paid Social,US,retargeting,688.2,52938,963
2026-05-12,Referral,BR,affiliates,142.83,3174,146
2026-05-12,Referral,DE,affiliates,165.38,3675,187
2026-05-12,Referral,IN,affiliates,112.0,2489,124
2026-05-12,Referral,UK,affiliates,214.59,4769,244
2026-05-12,Referral,US,affiliates,299.34,6652,308
2026-05-12,SEO,BR,organic,35.74,5106,362
2026-05-12,SEO,DE,organic,38.73,5533,429
2026-05-12,SEO,IN,organic,27.51,3930,268
2026-05-12,SEO,UK,organic,40.84,5834,350
2026-05-12,SEO,US,organic,76.25,10893,663
2026-05-13,Display,BR,prospecting,117.33,23466,195
2026-05-13,Display,BR,retargeting,113.19,22638,192
2026-05-13,Display,DE,prospecting,161.32,32263,279
2026-05-13,Display,DE,retargeting,168.43,33687,281
2026-05-13,Display,IN,prospecting,129.66,25932,202
2026-05-13,Display,IN,retargeting,120.17,24034,177
2026-05-13,Display,UK,prospecting,186.84,37369,288
2026-05-13,Display,UK,retargeting,214.61,42922,349
2026-05-13,Display,US,prospecting,287.04,57408,447
2026-05-13,Display,US,retargeting,244.88,48976,397
2026-05-13,Email,BR,lifecycle,46.71,5190,461
2026-05-13,Email,BR,newsletter,37.12,4124,385
2026-05-13,Email,DE,lifecycle,40.48,4497,419
2026-05-13,Email,DE,newsletter,48.79,5421,502
2026-05-13,Email,IN,lifecycle,32.43,3603,330
2026-05-13,Email,IN,newsletter,27.87,3097,302
2026-05-13,Email,UK,lifecycle,54.02,6002,550
2026-05-13,Email,UK,newsletter,54.96,6107,514
2026-05-13,Email,US,lifecycle,80.36,8929,813
2026-05-13,Email,US,newsletter,69.44,7715,723
2026-05-13,Paid Search,BR,brand,420.88,5846,252
2026-05-13,Paid Search,BR,nonbrand,284.96,3958,186
2026-05-13,Paid Search,DE,brand,372.97,5180,228
2026-05-13,Paid Search,DE,nonbrand,408.32,5671,256
2026-05-13,Paid Search,IN,brand,369.19,5128,264
2026-05-13,Paid Search,IN,nonbrand,321.3,4463,195
2026-05-13,Paid Search,UK,brand,597.89,8304,388
2026-05-13,Paid Search,UK,nonbrand,522.35,7255,303
2026-05-13,Paid Search,US,brand,749.09,10404,531
2026-05-13,Paid Search,US,nonbrand,869.58,12077,570
2026-05-13,Paid Social,BR,prospecting,282.93,21764,390
2026-05-13,Paid Social,BR,retargeting,277.12,21317,428
2026-05-13,Paid Social,DE,prospecting,322.94,24841,409
2026-05-13,Paid Social,DE,retargeting,457.84,35218,711
2026-05-13,Paid Social,IN,prospecting,242.82,18678,354
2026-05-13,Paid Social,IN,retargeting,298.4,22954,422
2026-05-13,Paid Social,UK,prospecting,572.99,44076,804
2026-05-13,Paid Social,UK,retargeting,393.17,30244,533
2026-05-13,Paid Social,US,prospecting,538.91,41455,721
2026-05-13,Paid Social,US,retargeting,656.98,50537,923
2026-05-13,Referral,BR,affiliates,130.69,2904,150
2026-05-13,Referral,DE,affiliates,192.19,4271,209
2026-05-13,Referral,IN,affiliates,120.37,2675,137
2026-05-13,Referral,UK,affiliates,191.36,4252,232
2026-05-13,Referral,US,affiliates,323.21,7182,324
2026-05-13,SEO,BR,organic,28.53,4076,282
2026-05-13,SEO,DE,organic,34.2,4886,359
2026-05-13,SEO,IN,organic,26.24,3749,274
2026-05-13,SEO,UK,organic,54.45,7779,600
2026-05-13,SEO,US,organic,80.99,11571,868
2026-05-14,Display,BR,prospecting,105.7,21141,173
2026-05-14,Display,BR,retargeting,107.98,21596,164
2026-05-14,Display,DE,prospecting,155.04,31008,270
2026-05-14,Display,DE,retargeting,158.3,31660,274
2026-05-14,Display,IN,prospecting,88.46,17691,153
2026-05-14,Display,IN,retargeting,123.1,24619,201
2026-05-14,Display,UK,prospecting,204.98,40996,321
2026-05-14,Display,UK,retargeting,165.54,33109,275
2026-05-14,Display,US,prospecting,294.23,58846,489
2026-05-14,Display,US,retargeting,298.57,59714,446
2026-05-14,Email,BR,lifecycle,31.98,3554,322
2026-05-14,Email,BR,newsletter,32.22,3580,313
2026-05-14,Email,DE,lifecycle,43.23,4803,448
2026-05-14,Email,DE,newsletter,44.38,4931,435
2026-05-14,Email,IN,lifecycle,25.98,2886,225
2026-05-14,Email,IN,newsletter,33.3,3700,341
2026-05-14,Email,UK,lifecycle,67.78,7531,718
2026-05-14,Email,UK,newsletter,54.94,6105,575
2026-05-14,Email,US,lifecycle,77.06,8562,821
2026-05-14,Email,US,newsletter,84.06,9340,824
2026-05-14,Paid Search,BR,brand,372.13,5169,218
2026-05-14,Paid Search,BR,nonbrand,341.6,4744,227
2026-05-14,Paid Search,DE,brand,457.24,6351,332
2026-05-14,Paid Search,DE,nonbrand,451.26,6268,275
2026-05-14,Paid Search,IN,brand,356.13,4946,204
2026-05-14,Paid Search,IN,nonbrand,286.6,3981,169
2026-05-14,Paid Search,UK,brand,544.86,7567,366
2026-05-14,Paid Search,UK,nonbrand,520.1,7224,355
2026-05-14,Paid Search,US,brand,855.01,11875,484
2026-05-14,Paid Search,US,nonbrand,793.7,11024,467
2026-05-14,Paid Social,BR,prospecting,329.24,25326,444
2026-05-14,Paid Social,BR,retargeting,317.92,24455,424
2026-05-14,Paid Social,DE,prospecting,348.38,26798,449
2026-05-14,Paid Social,DE,retargeting,370.04,28464,544
2026-05-14,Paid Social,IN,prospecting,267.33,20564,352
2026-05-14,Paid Social,IN,retargeting,252.08,19390,351
2026-05-14,Paid Social,UK,prospecting,545.0,41923,755
2026-05-14,Paid Social,UK,retargeting,399.55,30734,505
2026-05-14,Paid Social,US,prospecting,691.98,53229,1026
2026-05-14,Paid Social,US,retargeting,736.18,56629,871
2026-05-14,Referral,BR,affiliates,124.95,2777,133
2026-05-14,Referral,DE,affiliates,179.38,3986,200
2026-05-14,Referral,IN,affiliates,133.43,2965,148
2026-05-14,Referral,UK,affiliates,248.52,5523,281
2026-05-14,Referral,US,affiliates,285.43,6343,319
2026-05-14,SEO,BR,organic,29.7,4243,297
2026-05-14,SEO,DE,organic,34.97,4995,380
2026-05-14,SEO,IN,organic,33.0,4714,315
2026-05-14,SEO,UK,organic,60.23,8604,596
2026-05-14,SEO,US,organic,89.96,12852,951
2026-05-15,Display,BR,prospecting,141.26,28251,226
2026-05-15,Display,BR,retargeting,131.31,26261,212
2026-05-15,Display,DE,prospecting,134.35,26870,214
2026-05-15,Display,DE,retargeting,133.62,26724,235
2026-05-15,Display,IN,prospecting,94.05,18810,137
2026-05-15,Display,IN,retargeting,95.1,19021,151
2026-05-15,Display,UK,prospecting,167.41,33482,263
2026-05-15,Display,UK,retargeting,205.68,41135,352
2026-05-15,Display,US,prospecting,260.44,52088,427
2026-05-15,Display,US,retargeting,259.95,51990,399
2026-05-15,Email,BR,lifecycle,40.78,4532,396
2026-05-15,Email,BR,newsletter,44.39,4932,459
2026-05-15,Email,DE,lifecycle,38.9,4323,393
2026-05-15,Email,DE,newsletter,47.07,5230,465
2026-05-15,Email,IN,lifecycle,31.17,3463,334
2026-05-15,Email,IN,newsletter,27.91,3102,281
2026-05-15,Email,UK,lifecycle,65.82,7313,659
2026-05-15,Email,UK,newsletter,49.18,5464,505
2026-05-15,Email,US,lifecycle,65.81,7312,690
2026-05-15,Email,US,newsletter,65.84,7315,661
2026-05-15,Paid Search,BR,brand,396.49,5507,220
2026-05-15,Paid Search,BR,nonbrand,313.25,4351,203
2026-05-15,Paid Search,DE,brand,386.89,5374,248
2026-05-15,Paid Search,DE,nonbrand,501.04,6959,334
2026-05-15,Paid Search,IN,brand,363.61,5050,247
2026-05-15,Paid Search,IN,nonbrand,326.41,4533,203
2026-05-15,Paid Search,UK,brand,666.85,9262,404
2026-05-15,Paid Search,UK,nonbrand,551.86,7665,366
2026-05-15,Paid Search,US,brand,712.42,9895,479
2026-05-15,Paid Search,US,nonbrand,908.9,12624,561
2026-05-15,Paid Social,BR,prospecting,306.17,23551,404
2026-05-15,Paid Social,BR,retargeting,301.3,23177,454
2026-05-15,Paid Social,DE,prospecting,350.52,26963,448
2026-05-15,Paid Social,DE,retargeting,371.76,28597,526
2026-05-15,Paid Social,IN,prospecting,259.99,19999,360
2026-05-15,Paid Social,IN,retargeting,249.52,19194,350
2026-05-15,Paid Social,UK,prospecting,481.52,37040,633
2026-05-15,Paid Social,UK,retargeting,360.62,27740,505
2026-05-15,Paid Social,US,prospecting,602.69,46361,839
2026-05-15,Paid Social,US,retargeting,595.47,45805,856
2026-05-15,Referral,BR,affiliates,101.45,2254,112
2026-05-15,Referral,DE,affiliates,163.19,3626,173
2026-05-15,Referral,IN,affiliates,118.63,2636,127
2026-05-15,Referral,UK,affiliates,212.5,4722,222
2026-05-15,Referral,US,affiliates,214.9,4776,270
2026-05-15,SEO,BR,organic,29.33,4190,296
2026-05-15,SEO,DE,organic,37.41,5344,397
2026-05-15,SEO,IN,organic,28.52,4074,282
2026-05-15,SEO,UK,organic,50.75,7251,554
2026-05-15,SEO,US,organic,93.97,13424,974
2026-05-16,Display,BR,prospecting,131.18,26235,207
2026-05-16,Display,BR,retargeting,143.37,28675,233
2026-05-16,Display,DE,prospecting,187.37,37475,277
2026-05-16,Display,DE,retargeting,157.12,31424,273
2026-05-16,Display,IN,prospecting,121.78,24355,191
2026-05-16,Display,IN,retargeting,105.09,21018,176
2026-05-16,Display,UK,prospecting,249.37,49874,387
2026-05-16,Display,UK,retargeting,245.26,49052,404
2026-05-16,Display,US,prospecting,252.37,50473,405
2026-05-16,Display,US,retargeting,289.18,57837,512
2026-05-16,Email,BR,lifecycle,36.24,4027,386
2026-05-16,Email,BR,newsletter,38.24,4249,356
2026-05-16,Email,DE,lifecycle,38.56,4285,373
2026-05-16,Email,DE,newsletter,53.49,5943,532
2026-05-16,Email,IN,lifecycle,36.61,4068,396
2026-05-16,Email,IN,newsletter,29.87,3319,322
2026-05-16,Email,UK,lifecycle,60.78,6753,643
2026-05-16,Email,UK,newsletter,60.12,6680,604
2026-05-16,Email,US,lifecycle,72.68,8076,715
2026-05-16,Email,US,newsletter,93.64,10405,1063
2026-05-16,Paid Search,BR,brand,372.91,5179,235
2026-05-16,Paid Search,BR,nonbrand,433.1,6015,274
2026-05-16,Paid Search,DE,brand,568.9,7901,340
2026-05-16,Paid Search,DE,nonbrand,616.82,8567,363
2026-05-16,Paid Search,IN,brand,305.87,4248,192
2026-05-16,Paid Search,IN,nonbrand,397.25,5517,250
2026-05-16,Paid Search,UK,brand,554.05,7695,337
2026-05-16,Paid Search,UK,nonbrand,565.17,7850,365
2026-05-16,Paid Search,US,brand,916.89,12735,620
2026-05-16,Paid Search,US,nonbrand,871.99,12111,535
2026-05-16,Paid Social,BR,prospecting,258.93,19918,382
2026-05-16,Paid Social,BR,retargeting,283.08,21775,336
2026-05-16,Paid Social,DE,prospecting,370.26,28482,553
2026-05-16,Paid Social,DE,retargeting,375.14,28857,562
2026-05-16,Paid Social,IN,prospecting,271.49,20884,392
2026-05-16,Paid Social,IN,retargeting,287.68,22129,451
2026-05-16,Paid Social,UK,prospecting,626.36,48182,886
2026-05-16,Paid Social,UK,retargeting,588.47,45267,872
2026-05-16,Paid Social,US,prospecting,601.67,46282,796
2026-05-16,Paid Social,US,retargeting,604.23,46479,844
2026-05-16,Referral,BR,affiliates,152.87,3397,180
2026-05-16,Referral,DE,affiliates,152.04,3379,161
2026-05-16,Referral,IN,affiliates,128.98,2866,147
2026-05-16,Referral,UK,affiliates,244.16,5426,276
2026-05-16,Referral,US,affiliates,305.47,6788,314
2026-05-16,SEO,BR,organic,33.37,4767,340
2026-05-16,SEO,DE,organic,40.09,5727,369
2026-05-16,SEO,IN,organic,30.92,4417,342
2026-05-16,SEO,UK,organic,66.91,9558,701
2026-05-16,SEO,US,organic,84.23,12034,703
2026-05-17,Display,BR,prospecting,127.34,25468,178
2026-05-17,Display,BR,retargeting,139.45,27891,220
2026-05-17,Display,DE,prospecting,175.92,35184,323
2026-05-17,Display,DE,retargeting,190.26,38053,321
2026-05-17,Display,IN,prospecting,126.0,25201,194
2026-05-17,Display,IN,retargeting,143.41,28682,211
2026-05-17,Display,UK,prospecting,259.59,51919,407
2026-05-17,Display,UK,retargeting,225.96,45192,369
2026-05-17,Display,US,prospecting,260.55,52111,439
2026-05-17,Display,US,retargeting,289.11,57822,459
2026-05-17,Email,BR,lifecycle,33.78,3753,361
2026-05-17,Email,BR,newsletter,38.77,4308,408
2026-05-17,Email,DE,lifecycle,42.82,4758,413
2026-05-17,Email,DE,newsletter,49.1,5456,503
2026-05-17,Email,IN,lifecycle,28.83,3203,291
2026-05-17,Email,IN,newsletter,40.37,4486,377
2026-05-17,Email,UK,lifecycle,69.99,7777,682
2026-05-17,Email,UK,newsletter,69.72,7747,673
2026-05-17,Email,US,lifecycle,90.85,10094,871
2026-05-17,Email,US,newsletter,78.06,8673,736
2026-05-17,Paid Search,BR,brand,360.08,5001,195
2026-05-17,Paid Search,BR,nonbrand,401.44,5575,267
2026-05-17,Paid Search,DE,brand,532.22,7392,319
2026-05-17,Paid Search,DE,nonbrand,397.36,5519,254
2026-05-17,Paid Search,IN,brand,403.29,5601,264
2026-05-17,Paid Search,IN,nonbrand,310.87,4318,191
2026-05-17,Paid Search,UK,brand,707.54,9827,430
2026-05-17,Paid Search,UK,nonbrand,525.44,7298,312
2026-05-17,Paid Search,US,brand,743.08,10321,441
2026-05-17,Paid Search,US,nonbrand,956.28,13282,611
2026-05-17,Paid Social,BR,prospecting,297.31,22870,360
2026-05-17,Paid Social,BR,retargeting,380.5,29269,561
2026-05-17,Paid Social,DE,prospecting,368.47,28344,526
2026-05-17,Paid Social,DE,retargeting,390.45,30035,558
2026-05-17,Paid Social,IN,prospecting,305.16,23474,402
2026-05-17,Paid Social,IN,retargeting,284.65,21896,396
2026-05-17,Paid Social,UK,prospecting,587.39,45184,820
2026-05-17,Paid Social,UK,retargeting,582.59,44814,847
2026-05-17,Paid Social,US,prospecting,748.48,57575,1113
2026-05-17,Paid Social,US,retargeting,700.62,53894,1003
2026-05-17,Referral,BR,affiliates,125.38,2786,144
2026-05-17,Referral,DE,affiliates,158.5,3522,194
2026-05-17,Referral,IN,affiliates,123.01,2734,147
2026-05-17,Referral,UK,affiliates,241.69,5371,266
2026-05-17,Referral,US,affiliates,314.12,6981,366
2026-05-17,SEO,BR,organic,30.51,4358,287
2026-05-17,SEO,DE,organic,48.8,6972,460
2026-05-17,SEO,IN,organic,29.34,4192,303
2026-05-17,SEO,UK,organic,61.87,8839,589
2026-05-17,SEO,US,organic,73.33,10476,733
2026-05-18,Display,BR,prospecting,142.38,28477,201
2026-05-18,Display,BR,retargeting,108.97,21794,177
2026-05-18,Display,DE,prospecting,148.74,29747,239
2026-05-18,Display,DE,retargeting,174.41,34883,258
2026-05-18,Display,IN,prospecting,75.89,15177,136
2026-05-18,Display,IN,retargeting,109.13,21825,159
2026-05-18,Display,UK,prospecting,194.43,38886,333
2026-05-18,Display,UK,retargeting,198.28,39656,335
2026-05-18,Display,US,prospecting,225.74,45149,357
2026-05-18,Display,US,retargeting,284.71,56942,433
2026-05-18,Email,BR,lifecycle,36.11,4012,354
2026-05-18,Email,BR,newsletter,33.12,3680,298
2026-05-18,Email,DE,lifecycle,45.29,5032,420
2026-05-18,Email,DE,newsletter,52.55,5839,539
2026-05-18,Email,IN,lifecycle,31.25,3473,317
2026-05-18,Email,IN,newsletter,32.36,3596,315
2026-05-18,Email,UK,lifecycle,58.26,6474,511
2026-05-18,Email,UK,newsletter,60.0,6667,648
2026-05-18,Email,US,lifecycle,74.66,8296,739
2026-05-18,Email,US,newsletter,81.82,9091,786
2026-05-18,Paid Search,BR,brand,433.94,6027,250
2026-05-18,Paid Search,BR,nonbrand,332.66,4620,219
2026-05-18,Paid Search,DE,brand,455.37,6325,269
2026-05-18,Paid Search,DE,nonbrand,467.25,6490,332
2026-05-18,Paid Search,IN,brand,296.38,4116,167
2026-05-18,Paid Search,IN,nonbrand,315.32,4379,217
2026-05-18,Paid Search,UK,brand,586.55,8147,384
2026-05-18,Paid Search,UK,nonbrand,616.09,8557,389
2026-05-18,Paid Search,US,brand,790.54,10980,560
2026-05-18,Paid Search,US,nonbrand,762.75,10594,416
2026-05-18,Paid Social,BR,prospecting,246.07,18928,337
2026-05-18,Paid Social,BR,retargeting,339.41,26108,446
2026-05-18,Paid Social,DE,prospecting,362.98,27921,477
2026-05-18,Paid Social,DE,retargeting,308.26,23713,415
2026-05-18,Paid Social,IN,prospecting,232.36,17874,343
2026-05-18,Paid Social,IN,retargeting,316.6,24354,423
2026-05-18,Paid Social,UK,prospecting,484.24,37249,668
2026-05-18,Paid Social,UK,retargeting,554.07,42621,761
2026-05-18,Paid Social,US,prospecting,648.27,49867,866
2026-05-18,Paid Social,US,retargeting,680.2,52323,869
2026-05-18,Referral,BR,affiliates,130.42,2898,140
2026-05-18,Referral,DE,affiliates,132.63,2947,155
2026-05-18,Referral,IN,affiliates,110.27,2451,117
2026-05-18,Referral,UK,affiliates,223.78,4973,219
2026-05-18,Referral,US,affiliates,286.58,6369,308
2026-05-18,SEO,BR,organic,23.73,3390,234
2026-05-18,SEO,DE,organic,41.29,5898,396
2026-05-18,SEO,IN,organic,27.91,3987,283
2026-05-18,SEO,UK,organic,64.69,9241,550
2026-05-18,SEO,US,organic,72.57,10367,765
2026-05-19,Display,BR,prospecting,112.97,22593,199
2026-05-19,Display,BR,retargeting,127.58,25516,188
2026-05-19,Display,DE,prospecting,141.96,28392,244
2026-05-19,Display,DE,retargeting,126.69,25338,203
2026-05-19,Display,IN,prospecting,87.33,17466,135
2026-05-19,Display,IN,retargeting,101.56,20313,170
2026-05-19,Display,UK,prospecting,209.12,41824,310
2026-05-19,Display,UK,retargeting,184.47,36894,290
2026-05-19,Display,US,prospecting,300.32,60064,482
2026-05-19,Display,US,retargeting,233.42,46685,363
2026-05-19,Email,BR,lifecycle,34.68,3854,406
2026-05-19,Email,BR,newsletter,31.75,3528,343
2026-05-19,Email,DE,lifecycle,45.39,5043,470
2026-05-19,Email,DE,newsletter,39.58,4398,463
2026-05-19,Email,IN,lifecycle,34.24,3805,353
2026-05-19,Email,IN,newsletter,32.85,3650,362
2026-05-19,Email,UK,lifecycle,57.73,6414,599
2026-05-19,Email,UK,newsletter,63.81,7090,637
2026-05-19,Email,US,lifecycle,86.2,9577,812
2026-05-19,Email,US,newsletter,80.37,8930,836
2026-05-19,Paid Search,BR,brand,370.36,5144,224
2026-05-19,Paid Search,BR,nonbrand,364.13,5057,233
2026-05-19,Paid Search,DE,brand,319.31,4435,211
2026-05-19,Paid Search,DE,nonbrand,392.4,5450,248
2026-05-19,Paid Search,IN,brand,341.21,4739,232
2026-05-19,Paid Search,IN,nonbrand,276.04,3834,165
2026-05-19,Paid Search,UK,brand,686.21,9531,467
2026-05-19,Paid Search,UK,nonbrand,618.59,8591,376
2026-05-19,Paid Search,US,brand,822.91,11429,545
2026-05-19,Paid Search,US,nonbrand,635.56,8827,418
2026-05-19,Paid Social,BR,prospecting,239.65,18434,322
2026-05-19,Paid Social,BR,retargeting,358.08,27545,525
2026-05-19,Paid Social,DE,prospecting,363.26,27943,486
2026-05-19,Paid Social,DE,retargeting,308.78,23752,398
2026-05-19,Paid Social,IN,prospecting,272.08,20930,378
2026-05-19,Paid Social,IN,retargeting,308.33,23718,475
2026-05-19,Paid Social,UK,prospecting,491.39,37799,678
2026-05-19,Paid Social,UK,retargeting,460.62,35432,567
2026-05-19,Paid Social,US,prospecting,744.94,57303,1119
2026-05-19,Paid Social,US,retargeting,576.08,44314,783
2026-05-19,Referral,BR,affiliates,125.93,2798,149
2026-05-19,Referral,DE,affiliates,163.39,3631,175
2026-05-19,Referral,IN,affiliates,119.02,2645,130
2026-05-19,Referral,UK,affiliates,188.14,4181,186
2026-05-19,Referral,US,affiliates,271.62,6036,278
2026-05-19,SEO,BR,organic,28.07,4010,269
2026-05-19,SEO,DE,organic,37.55,5364,364
2026-05-19,SEO,IN,organic,31.36,4479,320
2026-05-19,SEO,UK,organic,57.22,8174,556
2026-05-19,SEO,US,organic,85.83,12261,878
2026-05-20,Display,BR,prospecting,115.98,23196,179
2026-05-20,Display,BR,retargeting,105.64,21128,162
2026-05-20,Display,DE,prospecting,157.33,31467,243
2026-05-20,Display,DE,retargeting,144.13,28825,235
2026-05-20,Display,IN,prospecting,107.05,21410,166
2026-05-20,Display,IN,retargeting,96.68,19337,151
2026-05-20,Display,UK,prospecting,229.6,45919,329
2026-05-20,Display,UK,retargeting,221.04,44207,362
2026-05-20,Display,US,prospecting,258.81,51762,402
2026-05-20,Display,US,retargeting,289.66,57933,493
2026-05-20,Email,BR,lifecycle,39.66,4407,378
2026-05-20,Email,BR,newsletter,35.63,3959,346
2026-05-20,Email,DE,lifecycle,50.15,5572,483
2026-05-20,Email,DE,newsletter,43.33,4815,477
2026-05-20,Email,IN,lifecycle,33.69,3743,366
2026-05-20,Email,IN,newsletter,34.88,3876,326
2026-05-20,Email,UK,lifecycle,59.94,6660,600
2026-05-20,Email,UK,newsletter,56.71,6301,514
2026-05-20,Email,US,lifecycle,82.83,9204,723
2026-05-20,Email,US,newsletter,92.74,10305,982
2026-05-20,Paid Search,BR,brand,396.74,5510,236
2026-05-20,Paid Search,BR,nonbrand,341.07,4737,229
2026-05-20,Paid Search,DE,brand,398.87,5540,244
2026-05-20,Paid Search,DE,nonbrand,507.53,7049,302
2026-05-20,Paid Search,IN,brand,341.92,4749,224
2026-05-20,Paid Search,IN,nonbrand,369.11,5127,250
2026-05-20,Paid Search,UK,brand,657.32,9129,400
2026-05-20,Paid Search,UK,nonbrand,726.06,10084,455
2026-05-20,Paid Search,US,brand,1052.89,14623,696
2026-05-20,Paid Search,US,nonbrand,840.25,11670,504
2026-05-20,Paid Social,BR,prospecting,305.75,23519,434
2026-05-20,Paid Social,BR,retargeting,310.07,23851,405
2026-05-20,Paid Social,DE,prospecting,461.62,35510,608
2026-05-20,Paid Social,DE,retargeting,298.96,22997,400
2026-05-20,Paid Social,IN,prospecting,293.48,22576,402
2026-05-20,Paid Social,IN,retargeting,277.53,21349,377
2026-05-20,Paid Social,UK,prospecting,522.35,40181,719
2026-05-20,Paid Social,UK,retargeting,468.51,36039,677
2026-05-20,Paid Social,US,prospecting,575.18,44244,863
2026-05-20,Paid Social,US,retargeting,565.39,43492,732
2026-05-20,Referral,BR,affiliates,104.19,2315,120
2026-05-20,Referral,DE,affiliates,167.19,3715,169
2026-05-20,Referral,IN,affiliates,118.03,2623,153
2026-05-20,Referral,UK,affiliates,214.23,4761,237
2026-05-20,Referral,US,affiliates,335.39,7453,408
2026-05-20,SEO,BR,organic,31.97,4567,339
2026-05-20,SEO,DE,organic,45.48,6497,436
2026-05-20,SEO,IN,organic,24.47,3496,243
2026-05-20,SEO,UK,organic,65.51,9359,654
2026-05-20,SEO,US,organic,64.6,9229,654
2026-05-21,Display,BR,prospecting,117.51,23503,199
2026-05-21,Display,BR,retargeting,109.3,21860,190
2026-05-21,Display,DE,prospecting,163.05,32610,276
2026-05-21,Display,DE,retargeting,185.91,37182,296
2026-05-21,Display,IN,prospecting,128.82,25764,193
2026-05-21,Display,IN,retargeting,108.91,21782,173
2026-05-21,Display,UK,prospecting,248.71,49741,427
2026-05-21,Display,UK,retargeting,172.99,34597,266
2026-05-21,Display,US,prospecting,303.02,60604,513
2026-05-21,Display,US,retargeting,248.41,49683,350
2026-05-21,Email,BR,lifecycle,39.8,4422,422
2026-05-21,Email,BR,newsletter,36.38,4042,397
2026-05-21,Email,DE,lifecycle,56.54,6283,559
2026-05-21,Email,DE,newsletter,42.78,4753,382
2026-05-21,Email,IN,lifecycle,34.59,3843,351
2026-05-21,Email,IN,newsletter,37.11,4123,370
2026-05-21,Email,UK,lifecycle,65.1,7233,632
2026-05-21,Email,UK,newsletter,66.98,7442,719
2026-05-21,Email,US,lifecycle,91.84,10204,833
2026-05-21,Email,US,newsletter,83.95,9328,860
2026-05-21,Paid Search,BR,brand,367.97,5111,235
2026-05-21,Paid Search,BR,nonbrand,432.82,6011,232
2026-05-21,Paid Search,DE,brand,490.64,6814,309
2026-05-21,Paid Search,DE,nonbrand,402.18,5586,258
2026-05-21,Paid Search,IN,brand,351.72,4885,219
2026-05-21,Paid Search,IN,nonbrand,328.68,4565,193
2026-05-21,Paid Search,UK,brand,736.33,10227,448
2026-05-21,Paid Search,UK,nonbrand,555.84,7720,342
2026-05-21,Paid Search,US,brand,680.98,9458,426
2026-05-21,Paid Search,US,nonbrand,886.82,12317,595
2026-05-21,Paid Social,BR,prospecting,322.47,24805,408
2026-05-21,Paid Social,BR,retargeting,300.86,23143,415
2026-05-21,Paid Social,DE,prospecting,359.83,27679,472
2026-05-21,Paid Social,DE,retargeting,426.84,32834,590
2026-05-21,Paid Social,IN,prospecting,269.82,20756,329
2026-05-21,Paid Social,IN,retargeting,299.51,23039,375
2026-05-21,Paid Social,UK,prospecting,453.32,34871,614
2026-05-21,Paid Social,UK,retargeting,496.27,38175,693
2026-05-21,Paid Social,US,prospecting,618.06,47543,859
2026-05-21,Paid Social,US,retargeting,694.72,53440,1005
2026-05-21,Referral,BR,affiliates,125.35,2786,133
2026-05-21,Referral,DE,affiliates,178.42,3965,178
2026-05-21,Referral,IN,affiliates,134.81,2996,152
2026-05-21,Referral,UK,affiliates,273.67,6082,304
2026-05-21,Referral,US,affiliates,207.47,4610,260
2026-05-21,SEO,BR,organic,31.66,4522,280
2026-05-21,SEO,DE,organic,42.44,6064,410
2026-05-21,SEO,IN,organic,29.83,4261,260
2026-05-21,SEO,UK,organic,55.65,7950,572
2026-05-21,SEO,US,organic,85.11,12159,897
2026-05-22,Display,BR,prospecting,101.98,20397,147
2026-05-22,Display,BR,retargeting,119.74,23948,209
2026-05-22,Display,DE,prospecting,122.44,24488,167
2026-05-22,Display,DE,retargeting,150.18,30036,240
2026-05-22,Display,IN,prospecting,136.18,27236,218
2026-05-22,Display,IN,retargeting,131.12,26223,201
2026-05-22,Display,UK,prospecting,239.58,47917,379
2026-05-22,Display,UK,retargeting,207.75,41550,355
2026-05-22,Display,US,prospecting,276.97,55393,451
2026-05-22,Display,US,retargeting,250.09,50019,406
2026-05-22,Email,BR,lifecycle,33.76,3751,318
2026-05-22,Email,BR,newsletter,35.96,3995,341
2026-05-22,Email,DE,lifecycle,49.16,5462,499
2026-05-22,Email,DE,newsletter,48.95,5439,485
2026-05-22,Email,IN,lifecycle,29.41,3268,291
2026-05-22,Email,IN,newsletter,31.63,3515,328
2026-05-22,Email,UK,lifecycle,54.08,6008,527
2026-05-22,Email,UK,newsletter,56.87,6318,576
2026-05-22,Email,US,lifecycle,73.59,8177,797
2026-05-22,Email,US,newsletter,75.88,8431,841
2026-05-22,Paid Search,BR,brand,337.79,4691,215
2026-05-22,Paid Search,BR,nonbrand,387.21,5378,238
2026-05-22,Paid Search,DE,brand,520.31,7227,324
2026-05-22,Paid Search,DE,nonbrand,417.43,5798,254
2026-05-22,Paid Search,IN,brand,346.55,4813,225
2026-05-22,Paid Search,IN,nonbrand,299.1,4154,188
2026-05-22,Paid Search,UK,brand,658.71,9149,419
2026-05-22,Paid Search,UK,nonbrand,627.12,8710,344
2026-05-22,Paid Search,US,brand,961.98,13361,593
2026-05-22,Paid Search,US,nonbrand,874.01,12139,531
2026-05-22,Paid Social,BR,prospecting,318.81,24524,428
2026-05-22,Paid Social,BR,retargeting,328.37,25259,433
2026-05-22,Paid Social,DE,prospecting,394.13,30318,561
2026-05-22,Paid Social,DE,retargeting,307.58,23660,430
2026-05-22,Paid Social,IN,prospecting,244.25,18789,331
2026-05-22,Paid Social,IN,retargeting,304.98,23460,404
2026-05-22,Paid Social,UK,prospecting,504.94,38842,705
2026-05-22,Paid Social,UK,retargeting,592.1,45546,841
2026-05-22,Paid Social,US,prospecting,486.1,37392,613
2026-05-22,Paid Social,US,retargeting,619.35,47642,785
2026-05-22,Referral,BR,affiliates,110.43,2454,119
2026-05-22,Referral,DE,affiliates,166.67,3704,178
2026-05-22,Referral,IN,affiliates,104.8,2329,108
2026-05-22,Referral,UK,affiliates,256.34,5696,280
2026-05-22,Referral,US,affiliates,293.97,6533,335
2026-05-22,SEO,BR,organic,34.44,4920,348
2026-05-22,SEO,DE,organic,33.8,4828,351
2026-05-22,SEO,IN,organic,33.0,4715,305
2026-05-22,SEO,UK,organic,45.0,6428,420
2026-05-22,SEO,US,organic,71.19,10170,718
2026-05-23,Display,BR,prospecting,136.05,27210,204
2026-05-23,Display,BR,retargeting,118.19,23637,199
2026-05-23,Display,DE,prospecting,171.24,34248,267
2026-05-23,Display,DE,retargeting,169.43,33886,297
2026-05-23,Display,IN,prospecting,114.18,22837,186
2026-05-23,Display,IN,retargeting,130.04,26009,219
2026-05-23,Display,UK,prospecting,172.97,34595,270
2026-05-23,Display,UK,retargeting,219.14,43829,317
2026-05-23,Display,US,prospecting,284.58,56915,440
2026-05-23,Display,US,retargeting,326.27,65254,599
2026-05-23,Email,BR,lifecycle,32.53,3614,340
2026-05-23,Email,BR,newsletter,47.14,5237,526
2026-05-23,Email,DE,lifecycle,48.12,5347,481
2026-05-23,Email,DE,newsletter,40.7,4522,397
2026-05-23,Email,IN,lifecycle,37.3,4145,382
2026-05-23,Email,IN,newsletter,34.33,3815,345
2026-05-23,Email,UK,lifecycle,69.49,7722,712
2026-05-23,Email,UK,newsletter,48.96,5440,522
2026-05-23,Email,US,lifecycle,90.95,10106,1011
2026-05-23,Email,US,newsletter,92.3,10256,941
2026-05-23,Paid Search,BR,brand,393.77,5469,259
2026-05-23,Paid Search,BR,nonbrand,424.86,5901,261
2026-05-23,Paid Search,DE,brand,556.99,7736,363
2026-05-23,Paid Search,DE,nonbrand,456.81,6345,262
2026-05-23,Paid Search,IN,brand,323.98,4500,193
2026-05-23,Paid Search,IN,nonbrand,364.47,5062,244
2026-05-23,Paid Search,UK,brand,531.78,7386,327
2026-05-23,Paid Search,UK,nonbrand,680.02,9445,454
2026-05-23,Paid Search,US,brand,900.73,12510,556
2026-05-23,Paid Search,US,nonbrand,929.65,12912,579
2026-05-23,Paid Social,BR,prospecting,351.41,27032,484
2026-05-23,Paid Social,BR,retargeting,305.0,23462,417
2026-05-23,Paid Social,DE,prospecting,381.28,29329,519
2026-05-23,Paid Social,DE,retargeting,505.49,38884,610
2026-05-23,Paid Social,IN,prospecting,337.54,25964,478
2026-05-23,Paid Social,IN,retargeting,302.5,23269,388
2026-05-23,Paid Social,UK,prospecting,566.41,43570,754
2026-05-23,Paid Social,UK,retargeting,657.2,50554,1016
2026-05-23,Paid Social,US,prospecting,544.07,41852,857
2026-05-23,Paid Social,US,retargeting,608.83,46833,796
2026-05-23,Referral,BR,affiliates,128.88,2864,152
2026-05-23,Referral,DE,affiliates,196.89,4375,220
2026-05-23,Referral,IN,affiliates,150.54,3345,162
2026-05-23,Referral,UK,affiliates,237.43,5276,278
2026-05-23,Referral,US,affiliates,318.68,7082,362
2026-05-23,SEO,BR,organic,38.49,5498,350
2026-05-23,SEO,DE,organic,26.7,3814,269
2026-05-23,SEO,IN,organic,31.72,4531,329
2026-05-23,SEO,UK,organic,53.85,7693,544
2026-05-23,SEO,US,organic,80.79,11542,866
2026-05-24,Display,BR,prospecting,119.34,23868,199
2026-05-24,Display,BR,retargeting,147.95,29590,252
2026-05-24,Display,DE,prospecting,177.05,35410,282
2026-05-24,Display,DE,retargeting,186.4,37279,285
2026-05-24,Display,IN,prospecting,117.94,23588,179
2026-05-24,Display,IN,retargeting,123.03,24607,200
2026-05-24,Display,UK,prospecting,210.63,42127,335
2026-05-24,Display,UK,retargeting,248.49,49699,417
2026-05-24,Display,US,prospecting,254.07,50813,370
2026-05-24,Display,US,retargeting,260.26,52051,467
2026-05-24,Email,BR,lifecycle,33.75,3749,352
2026-05-24,Email,BR,newsletter,38.81,4312,366
2026-05-24,Email,DE,lifecycle,59.9,6655,599
2026-05-24,Email,DE,newsletter,57.82,6424,623
2026-05-24,Email,IN,lifecycle,33.52,3725,335
2026-05-24,Email,IN,newsletter,34.42,3825,368
2026-05-24,Email,UK,lifecycle,85.36,9485,812
2026-05-24,Email,UK,newsletter,68.17,7575,705
2026-05-24,Email,US,lifecycle,95.46,10606,998
2026-05-24,Email,US,newsletter,111.46,12384,982
2026-05-24,Paid Search,BR,brand,461.97,6416,302
2026-05-24,Paid Search,BR,nonbrand,267.95,3722,179
2026-05-24,Paid Search,DE,brand,398.47,5534,236
2026-05-24,Paid Search,DE,nonbrand,488.07,6779,318
2026-05-24,Paid Search,IN,brand,302.71,4204,183
2026-05-24,Paid Search,IN,nonbrand,309.05,4292,206
2026-05-24,Paid Search,UK,brand,651.49,9049,430
2026-05-24,Paid Search,UK,nonbrand,636.76,8844,396
2026-05-24,Paid Search,US,brand,930.39,12922,595
2026-05-24,Paid Search,US,nonbrand,849.55,11799,592
2026-05-24,Paid Social,BR,prospecting,327.92,25224,483
2026-05-24,Paid Social,BR,retargeting,333.51,25655,512
2026-05-24,Paid Social,DE,prospecting,381.44,29341,594
2026-05-24,Paid Social,DE,retargeting,374.5,28808,512
2026-05-24,Paid Social,IN,prospecting,327.4,25184,501
2026-05-24,Paid Social,IN,retargeting,315.56,24274,390
2026-05-24,Paid Social,UK,prospecting,436.51,33578,701
2026-05-24,Paid Social,UK,retargeting,599.44,46111,789
2026-05-24,Paid Social,US,prospecting,898.3,69100,1273
2026-05-24,Paid Social,US,retargeting,824.46,63420,1178
2026-05-24,Referral,BR,affiliates,147.39,3275,171
2026-05-24,Referral,DE,affiliates,197.72,4394,221
2026-05-24,Referral,IN,affiliates,126.17,2804,134
2026-05-24,Referral,UK,affiliates,223.24,4961,234
2026-05-24,Referral,US,affiliates,394.5,8767,440
2026-05-24,SEO,BR,organic,33.14,4734,340
2026-05-24,SEO,DE,organic,36.82,5259,395
2026-05-24,SEO,IN,organic,36.17,5167,342
2026-05-24,SEO,UK,organic,65.51,9359,662
2026-05-24,SEO,US,organic,71.17,10168,719
2026-05-25,Display,BR,prospecting,113.52,22705,181
2026-05-25,Display,BR,retargeting,113.41,22683,162
2026-05-25,Display,DE,prospecting,109.33,21867,180
2026-05-25,Display,DE,retargeting,129.81,25962,218
2026-05-25,Display,IN,prospecting,100.49,20099,170
2026-05-25,Display,IN,retargeting,133.01,26602,216
2026-05-25,Display,UK,prospecting,215.32,43064,349
2026-05-25,Display,UK,retargeting,188.91,37782,303
2026-05-25,Display,US,prospecting,284.13,56826,485
2026-05-25,Display,US,retargeting,303.27,60655,502
2026-05-25,Email,BR,lifecycle,26.55,2950,249
2026-05-25,Email,BR,newsletter,36.18,4020,323
2026-05-25,Email,DE,lifecycle,37.03,4114,350
2026-05-25,Email,DE,newsletter,48.78,5420,479
2026-05-25,Email,IN,lifecycle,36.39,4043,364
2026-05-25,Email,IN,newsletter,37.86,4207,413
2026-05-25,Email,UK,lifecycle,62.27,6919,637
2026-05-25,Email,UK,newsletter,66.55,7394,761
2026-05-25,Email,US,lifecycle,76.08,8453,758
2026-05-25,Email,US,newsletter,89.57,9952,901
2026-05-25,Paid Search,BR,brand,389.97,5416,260
2026-05-25,Paid Search,BR,nonbrand,362.68,5037,248
2026-05-25,Paid Search,DE,brand,473.55,6577,277
2026-05-25,Paid Search,DE,nonbrand,474.73,6594,317
2026-05-25,Paid Search,IN,brand,370.22,5142,225
2026-05-25,Paid Search,IN,nonbrand,293.58,4077,179
2026-05-25,Paid Search,UK,brand,523.65,7273,283
2026-05-25,Paid Search,UK,nonbrand,663.77,9219,403
2026-05-25,Paid Search,US,brand,834.3,11587,565
2026-05-25,Paid Search,US,nonbrand,742.98,10319,457
2026-05-25,Paid Social,BR,prospecting,294.68,22667,416
2026-05-25,Paid Social,BR,retargeting,298.25,22942,410
2026-05-25,Paid Social,DE,prospecting,302.95,23304,451
2026-05-25,Paid Social,DE,retargeting,460.24,35403,638
2026-05-25,Paid Social,IN,prospecting,244.39,18799,350
2026-05-25,Paid Social,IN,retargeting,299.2,23015,405
2026-05-25,Paid Social,UK,prospecting,496.25,38173,629
2026-05-25,Paid Social,UK,retargeting,527.96,40612,605
2026-05-25,Paid Social,US,prospecting,856.91,65916,1163
2026-05-25,Paid Social,US,retargeting,633.54,48734,844
2026-05-25,Referral,BR,affiliates,140.95,3132,142
2026-05-25,Referral,DE,affiliates,142.45,3165,160
2026-05-25,Referral,IN,affiliates,121.28,2695,138
2026-05-25,Referral,UK,affiliates,159.0,3533,162
2026-05-25,Referral,US,affiliates,291.98,6488,322
2026-05-25,SEO,BR,organic,26.31,3759,257
2026-05-25,SEO,DE,organic,43.52,6218,442
2026-05-25,SEO,IN,organic,34.58,4940,344
2026-05-25,SEO,UK,organic,60.66,8665,642
2026-05-25,SEO,US,organic,61.51,8787,618
2026-05-26,Display,BR,prospecting,111.79,22357,185
2026-05-26,Display,BR,retargeting,118.88,23776,179
2026-05-26,Display,DE,prospecting,156.23,31246,266
2026-05-26,Display,DE,retargeting,137.26,27451,224
2026-05-26,Display,IN,prospecting,120.44,24088,196
2026-05-26,Display,IN,retargeting,130.68,26136,194
2026-05-26,Display,UK,prospecting,191.45,38289,297
2026-05-26,Display,UK,retargeting,191.36,38272,324
2026-05-26,Display,US,prospecting,267.54,53507,409
2026-05-26,Display,US,retargeting,278.09,55617,480
2026-05-26,Email,BR,lifecycle,35.43,3936,351
2026-05-26,Email,BR,newsletter,40.22,4469,403
2026-05-26,Email,DE,lifecycle,34.37,3819,349
2026-05-26,Email,DE,newsletter,55.41,6157,570
2026-05-26,Email,IN,lifecycle,24.27,2697,217
2026-05-26,Email,IN,newsletter,33.31,3701,343
2026-05-26,Email,UK,lifecycle,61.32,6813,657
2026-05-26,Email,UK,newsletter,56.96,6329,559
2026-05-26,Email,US,lifecycle,93.57,10397,858
2026-05-26,Email,US,newsletter,81.84,9093,790
2026-05-26,Paid Search,BR,brand,291.09,4043,182
2026-05-26,Paid Search,BR,nonbrand,457.9,6360,261
2026-05-26,Paid Search,DE,brand,513.71,7135,325
2026-05-26,Paid Search,DE,nonbrand,484.49,6729,297
2026-05-26,Paid Search,IN,brand,343.29,4768,191
2026-05-26,Paid Search,IN,nonbrand,276.96,3847,179
2026-05-26,Paid Search,UK,brand,572.57,7952,340
2026-05-26,Paid Search,UK,nonbrand,667.34,9269,403
2026-05-26,Paid Search,US,brand,868.22,12059,549
2026-05-26,Paid Search,US,nonbrand,878.81,12206,590
2026-05-26,Paid Social,BR,prospecting,265.96,20459,342
2026-05-26,Paid Social,BR,retargeting,251.75,19365,393
2026-05-26,Paid Social,DE,prospecting,309.64,23818,462
2026-05-26,Paid Social,DE,retargeting,364.87,28067,522
2026-05-26,Paid Social,IN,prospecting,236.38,18183,349
2026-05-26,Paid Social,IN,retargeting,296.21,22785,408
2026-05-26,Paid Social,UK,prospecting,490.28,37714,655
2026-05-26,Paid Social,UK,retargeting,590.32,45409,766
2026-05-26,Paid Social,US,prospecting,694.51,53424,1017
2026-05-26,Paid Social,US,retargeting,781.63,60126,1022
2026-05-26,Referral,BR,affiliates,129.96,2888,136
2026-05-26,Referral,DE,affiliates,152.69,3393,173
2026-05-26,Referral,IN,affiliates,104.14,2314,118
2026-05-26,Referral,UK,affiliates,204.13,4536,216
2026-05-26,Referral,US,affiliates,308.73,6861,350
2026-05-26,SEO,BR,organic,34.14,4877,304
2026-05-26,SEO,DE,organic,45.06,6437,432
2026-05-26,SEO,IN,organic,33.09,4726,306
2026-05-26,SEO,UK,organic,52.25,7464,513
2026-05-26,SEO,US,organic,70.81,10116,746
2026-05-27,Display,BR,prospecting,113.73,22745,182
2026-05-27,Display,BR,retargeting,109.42,21884,172
2026-05-27,Display,DE,prospecting,165.68,33135,248
2026-05-27,Display,DE,retargeting,148.83,29765,226
2026-05-27,Display,IN,prospecting,132.72,26544,223
2026-05-27,Display,IN,retargeting,116.65,23329,192
2026-05-27,Display,UK,prospecting,247.53,49506,408
2026-05-27,Display,UK,retargeting,173.52,34704,265
2026-05-27,Display,US,prospecting,305.08,61015,490
2026-05-27,Display,US,retargeting,220.83,44165,381
2026-05-27,Email,BR,lifecycle,36.65,4072,408
2026-05-27,Email,BR,newsletter,35.95,3994,386
2026-05-27,Email,DE,lifecycle,41.0,4555,402
2026-05-27,Email,DE,newsletter,45.66,5073,393
2026-05-27,Email,IN,lifecycle,32.48,3608,335
2026-05-27,Email,IN,newsletter,32.47,3608,352
2026-05-27,Email,UK,lifecycle,60.55,6728,680
2026-05-27,Email,UK,newsletter,69.98,7775,700
2026-05-27,Email,US,lifecycle,66.07,7341,654
2026-05-27,Email,US,newsletter,74.32,8258,805
2026-05-27,Paid Search,BR,brand,357.55,4966,228
2026-05-27,Paid Search,BR,nonbrand,425.44,5909,288
2026-05-27,Paid Search,DE,brand,367.49,5104,238
2026-05-27,Paid Search,DE,nonbrand,458.47,6368,280
2026-05-27,Paid Search,IN,brand,382.85,5317,252
2026-05-27,Paid Search,IN,nonbrand,293.38,4075,188
2026-05-27,Paid Search,UK,brand,722.66,10037,430
2026-05-27,Paid Search,UK,nonbrand,635.76,8830,406
2026-05-27,Paid Search,US,brand,810.59,11258,479
2026-05-27,Paid Search,US,nonbrand,868.08,12057,544
2026-05-27,Paid Social,BR,prospecting,289.71,22285,389
2026-05-27,Paid Social,BR,retargeting,310.54,23888,420
2026-05-27,Paid Social,DE,prospecting,326.95,25150,471
2026-05-27,Paid Social,DE,retargeting,310.47,23882,472
2026-05-27,Paid Social,IN,prospecting,248.34,19103,319
2026-05-27,Paid Social,IN,retargeting,254.17,19552,377
2026-05-27,Paid Social,UK,prospecting,572.66,44051,769
2026-05-27,Paid Social,UK,retargeting,494.12,38009,704
2026-05-27,Paid Social,US,prospecting,620.15,47704,895
2026-05-27,Paid Social,US,retargeting,690.54,53118,1008
2026-05-27,Referral,BR,affiliates,116.66,2592,135
2026-05-27,Referral,DE,affiliates,162.91,3620,170
2026-05-27,Referral,IN,affiliates,127.69,2838,136
2026-05-27,Referral,UK,affiliates,215.45,4788,231
2026-05-27,Referral,US,affiliates,298.03,6623,345
2026-05-27,SEO,BR,organic,32.59,4655,344
2026-05-27,SEO,DE,organic,32.66,4665,330
2026-05-27,SEO,IN,organic,27.98,3997,268
2026-05-27,SEO,UK,organic,66.15,9450,679
2026-05-27,SEO,US,organic,84.88,12126,829
2026-05-28,Display,BR,prospecting,110.23,22047,174
2026-05-28,Display,BR,retargeting,137.84,27567,253
2026-05-28,Display,DE,prospecting,163.9,32780,273
2026-05-28,Display,DE,retargeting,177.21,35441,265
2026-05-28,Display,IN,prospecting,129.3,25859,203
2026-05-28,Display,IN,retargeting,149.79,29958,225
2026-05-28,Display,UK,prospecting,244.23,48847,368
2026-05-28,Display,UK,retargeting,215.01,43002,346
2026-05-28,Display,US,prospecting,252.12,50423,460
2026-05-28,Display,US,retargeting,320.95,64190,510
2026-05-28,Email,BR,lifecycle,31.73,3525,302
2026-05-28,Email,BR,newsletter,39.15,4350,410
2026-05-28,Email,DE,lifecycle,50.45,5605,502
2026-05-28,Email,DE,newsletter,42.93,4770,390
2026-05-28,Email,IN,lifecycle,34.11,3790,365
2026-05-28,Email,IN,newsletter,35.29,3921,333
2026-05-28,Email,UK,lifecycle,64.8,7200,703
2026-05-28,Email,UK,newsletter,55.03,6115,574
2026-05-28,Email,US,lifecycle,74.47,8274,772
2026-05-28,Email,US,newsletter,76.62,8513,811
2026-05-28,Paid Search,BR,brand,446.37,6200,288
2026-05-28,Paid Search,BR,nonbrand,286.22,3975,166
2026-05-28,Paid Search,DE,brand,459.22,6378,293
2026-05-28,Paid Search,DE,nonbrand,386.3,5365,228
2026-05-28,Paid Search,IN,brand,335.27,4657,225
2026-05-28,Paid Search,IN,nonbrand,391.98,5444,237
2026-05-28,Paid Search,UK,brand,659.76,9163,355
2026-05-28,Paid Search,UK,nonbrand,594.07,8251,351
2026-05-28,Paid Search,US,brand,971.74,13496,637
2026-05-28,Paid Search,US,nonbrand,771.69,10718,494
2026-05-28,Paid Social,BR,prospecting,257.85,19834,376
2026-05-28,Paid Social,BR,retargeting,290.22,22325,438
2026-05-28,Paid Social,DE,prospecting,391.49,30115,528
2026-05-28,Paid Social,DE,retargeting,442.05,34004,619
2026-05-28,Paid Social,IN,prospecting,299.28,23022,411
2026-05-28,Paid Social,IN,retargeting,258.06,19850,371
2026-05-28,Paid Social,UK,prospecting,397.68,30591,618
2026-05-28,Paid Social,UK,retargeting,486.77,37444,675
2026-05-28,Paid Social,US,prospecting,664.79,51138,993
2026-05-28,Paid Social,US,retargeting,713.87,54913,1045
2026-05-28,Referral,BR,affiliates,120.59,2680,125
2026-05-28,Referral,DE,affiliates,149.59,3324,181
2026-05-28,Referral,IN,affiliates,106.04,2356,131
2026-05-28,Referral,UK,affiliates,209.61,4658,232
2026-05-28,Referral,US,affiliates,297.51,6611,364
2026-05-28,SEO,BR,organic,31.67,4525,269
2026-05-28,SEO,DE,organic,44.09,6298,401
2026-05-28,SEO,IN,organic,29.84,4262,298
2026-05-28,SEO,UK,organic,52.16,7452,531
2026-05-28,SEO,US,organic,67.35,9621,629
2026-05-29,Display,BR,prospecting,126.44,25289,194
2026-05-29,Display,BR,retargeting,112.98,22597,177
2026-05-29,Display,DE,prospecting,168.28,33656,289
2026-05-29,Display,DE,retargeting,174.13,34825,250
2026-05-29,Display,IN,prospecting,112.17,22435,182
2026-05-29,Display,IN,retargeting,109.22,21845,168
2026-05-29,Display,UK,prospecting,184.63,36925,290
2026-05-29,Display,UK,retargeting,194.26,38851,312
2026-05-29,Display,US,prospecting,296.73,59345,498
2026-05-29,Display,US,retargeting,286.59,57317,484
2026-05-29,Email,BR,lifecycle,31.25,3473,320
2026-05-29,Email,BR,newsletter,31.19,3465,334
2026-05-29,Email,DE,lifecycle,46.98,5220,502
2026-05-29,Email,DE,newsletter,49.68,5520,559
2026-05-29,Email,IN,lifecycle,39.24,4360,416
2026-05-29,Email,IN,newsletter,41.19,4577,408
2026-05-29,Email,UK,lifecycle,49.53,5504,500
2026-05-29,Email,UK,newsletter,66.34,7371,651
2026-05-29,Email,US,lifecycle,65.94,7327,692
2026-05-29,Email,US,newsletter,89.65,9962,811
2026-05-29,Paid Search,BR,brand,358.95,4985,226
2026-05-29,Paid Search,BR,nonbrand,354.54,4924,206
2026-05-29,Paid Search,DE,brand,475.63,6606,283
2026-05-29,Paid Search,DE,nonbrand,500.72,6954,310
2026-05-29,Paid Search,IN,brand,280.76,3899,168
2026-05-29,Paid Search,IN,nonbrand,307.99,4278,200
2026-05-29,Paid Search,UK,brand,562.5,7813,331
2026-05-29,Paid Search,UK,nonbrand,587.66,8162,318
2026-05-29,Paid Search,US,brand,783.49,10882,517
2026-05-29,Paid Search,US,nonbrand,939.25,13045,589
2026-05-29,Paid Social,BR,prospecting,275.86,21220,354
2026-05-29,Paid Social,BR,retargeting,298.06,22928,372
2026-05-29,Paid Social,DE,prospecting,433.31,33331,621
2026-05-29,Paid Social,DE,retargeting,448.31,34485,587
2026-05-29,Paid Social,IN,prospecting,290.72,22363,432
2026-05-29,Paid Social,IN,retargeting,271.67,20898,389
2026-05-29,Paid Social,UK,prospecting,488.24,37557,622
2026-05-29,Paid Social,UK,retargeting,503.74,38750,647
2026-05-29,Paid Social,US,prospecting,763.16,58705,1015
2026-05-29,Paid Social,US,retargeting,673.22,51786,973
2026-05-29,Referral,BR,affiliates,120.54,2679,140
2026-05-29,Referral,DE,affiliates,158.95,3532,175
2026-05-29,Referral,IN,affiliates,125.45,2788,140
2026-05-29,Referral,UK,affiliates,211.82,4707,224
2026-05-29,Referral,US,affiliates,357.07,7935,384
2026-05-29,SEO,BR,organic,37.54,5363,375
2026-05-29,SEO,DE,organic,43.98,6283,379
2026-05-29,SEO,IN,organic,31.26,4466,330
2026-05-29,SEO,UK,organic,57.6,8229,606
2026-05-29,SEO,US,organic,87.94,12562,880
2026-05-30,Display,BR,prospecting,130.38,26076,194
2026-05-30,Display,BR,retargeting,151.07,30214,253
2026-05-30,Display,DE,prospecting,159.55,31910,291
2026-05-30,Display,DE,retargeting,182.41,36483,300
2026-05-30,Display,IN,prospecting,109.53,21907,173
2026-05-30,Display,IN,retargeting,137.84,27567,202
2026-05-30,Display,UK,prospecting,217.12,43424,301
2026-05-30,Display,UK,retargeting,198.53,39706,326
2026-05-30,Display,US,prospecting,357.8,71560,628
2026-05-30,Display,US,retargeting,313.08,62615,555
2026-05-30,Email,BR,lifecycle,39.78,4420,406
2026-05-30,Email,BR,newsletter,33.78,3753,354
2026-05-30,Email,DE,lifecycle,43.08,4786,444
2026-05-30,Email,DE,newsletter,55.98,6221,562
2026-05-30,Email,IN,lifecycle,36.92,4102,390
2026-05-30,Email,IN,newsletter,36.86,4096,422
2026-05-30,Email,UK,lifecycle,79.99,8888,812
2026-05-30,Email,UK,newsletter,80.34,8927,842
2026-05-30,Email,US,lifecycle,81.76,9085,851
2026-05-30,Email,US,newsletter,80.15,8905,866
2026-05-30,Paid Search,BR,brand,312.47,4340,191
2026-05-30,Paid Search,BR,nonbrand,341.12,4738,210
2026-05-30,Paid Search,DE,brand,480.25,6670,312
2026-05-30,Paid Search,DE,nonbrand,495.07,6876,299
2026-05-30,Paid Search,IN,brand,407.73,5663,260
2026-05-30,Paid Search,IN,nonbrand,385.81,5358,268
2026-05-30,Paid Search,UK,brand,583.5,8104,345
2026-05-30,Paid Search,UK,nonbrand,555.28,7712,356
2026-05-30,Paid Search,US,brand,1018.67,14148,662
2026-05-30,Paid Search,US,nonbrand,801.8,11136,527
2026-05-30,Paid Social,BR,prospecting,335.7,25823,463
2026-05-30,Paid Social,BR,retargeting,346.65,26666,472
2026-05-30,Paid Social,DE,prospecting,326.18,25090,442
2026-05-30,Paid Social,DE,retargeting,370.05,28465,456
2026-05-30,Paid Social,IN,prospecting,333.34,25642,437
2026-05-30,Paid Social,IN,retargeting,278.66,21435,365
2026-05-30,Paid Social,UK,prospecting,521.59,40122,741
2026-05-30,Paid Social,UK,retargeting,488.57,37583,619
2026-05-30,Paid Social,US,prospecting,701.22,53940,989
2026-05-30,Paid Social,US,retargeting,509.23,39171,741
2026-05-30,Referral,BR,affiliates,105.38,2342,131
2026-05-30,Referral,DE,affiliates,183.55,4079,208
2026-05-30,Referral,IN,affiliates,134.21,2982,145
2026-05-30,Referral,UK,affiliates,253.84,5641,246
2026-05-30,Referral,US,affiliates,276.33,6141,309
2026-05-30,SEO,BR,organic,37.35,5335,389
2026-05-30,SEO,DE,organic,51.7,7386,537
2026-05-30,SEO,IN,organic,30.65,4378,327
2026-05-30,SEO,UK,organic,62.13,8875,591
2026-05-30,SEO,US,organic,74.24,10605,769
2026-05-31,Display,BR,prospecting,133.86,26772,232
2026-05-31,Display,BR,retargeting,150.16,30032,246
2026-05-31,Display,DE,prospecting,145.61,29121,243
2026-05-31,Display,DE,retargeting,165.59,33117,264
2026-05-31,Display,IN,prospecting,122.12,24425,212
2026-05-31,Display,IN,retargeting,116.25,23250,184
2026-05-31,Display,UK,prospecting,201.87,40374,346
2026-05-31,Display,UK,retargeting,201.41,40282,302
2026-05-31,Display,US,prospecting,309.26,61851,479
2026-05-31,Display,US,retargeting,335.66,67132,496
2026-05-31,Email,BR,lifecycle,36.9,4100,368
2026-05-31,Email,BR,newsletter,40.51,4501,385
2026-05-31,Email,DE,lifecycle,45.56,5062,440
2026-05-31,Email,DE,newsletter,45.63,5070,429
2026-05-31,Email,IN,lifecycle,37.43,4159,373
2026-05-31,Email,IN,newsletter,35.42,3935,395
2026-05-31,Email,UK,lifecycle,74.38,8265,726
2026-05-31,Email,UK,newsletter,66.84,7427,550
2026-05-31,Email,US,lifecycle,88.17,9797,946
2026-05-31,Email,US,newsletter,89.87,9985,949
2026-05-31,Paid Search,BR,brand,489.99,6805,300
2026-05-31,Paid Search,BR,nonbrand,481.27,6684,295
2026-05-31,Paid Search,DE,brand,388.17,5391,232
2026-05-31,Paid Search,DE,nonbrand,568.68,7898,334
2026-05-31,Paid Search,IN,brand,349.74,4858,215
2026-05-31,Paid Search,IN,nonbrand,329.28,4573,212
2026-05-31,Paid Search,UK,brand,668.09,9279,413
2026-05-31,Paid Search,UK,nonbrand,601.11,8349,387
2026-05-31,Paid Search,US,brand,828.92,11513,541
2026-05-31,Paid Search,US,nonbrand,835.48,11604,501
2026-05-31,Paid Social,BR,prospecting,328.03,25233,454
2026-05-31,Paid Social,BR,retargeting,383.55,29504,514
2026-05-31,Paid Social,DE,prospecting,388.52,29886,591
2026-05-31,Paid Social,DE,retargeting,399.37,30721,576
2026-05-31,Paid Social,IN,prospecting,293.07,22544,429
2026-05-31,Paid Social,IN,retargeting,251.09,19315,366
2026-05-31,Paid Social,UK,prospecting,618.45,47573,869
2026-05-31,Paid Social,UK,retargeting,542.91,41763,736
2026-05-31,Paid Social,US,prospecting,770.0,59231,990
2026-05-31,Paid Social,US,retargeting,646.53,49733,883
2026-05-31,Referral,BR,affiliates,143.22,3183,163
2026-05-31,Referral,DE,affiliates,174.84,3885,187
2026-05-31,Referral,IN,affiliates,125.05,2779,129
2026-05-31,Referral,UK,affiliates,208.21,4627,196
2026-05-31,Referral,US,affiliates,293.85,6530,325
2026-05-31,SEO,BR,organic,36.02,5145,390
2026-05-31,SEO,DE,organic,49.42,7061,524
2026-05-31,SEO,IN,organic,30.57,4367,292
2026-05-31,SEO,UK,organic,49.71,7101,405
2026-05-31,SEO,US,organic,69.62,9946,735
2026-06-01,Display,BR,prospecting,158.31,31663,277
2026-06-01,Display,BR,retargeting,116.84,23368,191
2026-06-01,Display,DE,prospecting,120.98,24196,188
2026-06-01,Display,DE,retargeting,177.07,35415,269
2026-06-01,Display,IN,prospecting,131.91,26382,213
2026-06-01,Display,IN,retargeting,125.42,25084,213
2026-06-01,Display,UK,prospecting,200.93,40185,318
2026-06-01,Display,UK,retargeting,219.0,43801,364
2026-06-01,Display,US,prospecting,303.93,60785,518
2026-06-01,Display,US,retargeting,327.72,65544,542
2026-06-01,Email,BR,lifecycle,36.09,4010,323
2026-06-01,Email,BR,newsletter,36.0,4000,377
2026-06-01,Email,DE,lifecycle,39.4,4377,390
2026-06-01,Email,DE,newsletter,35.2,3911,357
2026-06-01,Email,IN,lifecycle,35.48,3942,358
2026-06-01,Email,IN,newsletter,41.86,4651,387
2026-06-01,Email,UK,lifecycle,56.95,6328,554
2026-06-01,Email,UK,newsletter,60.05,6672,598
2026-06-01,Email,US,lifecycle,91.64,10182,1023
2026-06-01,Email,US,newsletter,97.7,10856,958
2026-06-01,Paid Search,BR,brand,400.66,5565,238
2026-06-01,Paid Search,BR,nonbrand,381.19,5294,216
2026-06-01,Paid Search,DE,brand,444.83,6178,269
2026-06-01,Paid Search,DE,nonbrand,423.61,5883,295
2026-06-01,Paid Search,IN,brand,353.41,4908,225
2026-06-01,Paid Search,IN,nonbrand,370.42,5145,239
2026-06-01,Paid Search,UK,brand,527.12,7321,351
2026-06-01,Paid Search,UK,nonbrand,571.16,7933,353
2026-06-01,Paid Search,US,brand,827.23,11489,509
2026-06-01,Paid Search,US,nonbrand,996.89,13846,586
2026-06-01,Paid Social,BR,prospecting,422.11,32470,571
2026-06-01,Paid Social,BR,retargeting,277.18,21322,419
2026-06-01,Paid Social,DE,prospecting,322.49,24807,457
2026-06-01,Paid Social,DE,retargeting,343.84,26449,451
2026-06-01,Paid Social,IN,prospecting,251.5,19346,364
2026-06-01,Paid Social,IN,retargeting,305.84,23526,459
2026-06-01,Paid Social,UK,prospecting,511.67,39359,723
2026-06-01,Paid Social,UK,retargeting,445.39,34261,571
2026-06-01,Paid Social,US,prospecting,693.32,53332,998
2026-06-01,Paid Social,US,retargeting,683.91,52608,935
2026-06-01,Referral,BR,affiliates,105.35,2341,111
2026-06-01,Referral,DE,affiliates,164.6,3658,186
2026-06-01,Referral,IN,affiliates,90.79,2018,95
2026-06-01,Referral,UK,affiliates,226.64,5036,254
2026-06-01,Referral,US,affiliates,323.08,7180,381
2026-06-01,SEO,BR,organic,33.57,4795,303
2026-06-01,SEO,DE,organic,47.82,6832,480
2026-06-01,SEO,IN,organic,28.14,4019,287
2026-06-01,SEO,UK,organic,54.14,7734,534
2026-06-01,SEO,US,organic,76.32,10903,806
2026-06-02,Display,BR,prospecting,121.34,24268,182
2026-06-02,Display,BR,retargeting,124.09,24818,198
2026-06-02,Display,DE,prospecting,174.82,34964,258
2026-06-02,Display,DE,retargeting,153.59,30717,218
2026-06-02,Display,IN,prospecting,107.9,21580,173
2026-06-02,Display,IN,retargeting,109.97,21994,178
2026-06-02,Display,UK,prospecting,200.51,40102,334
2026-06-02,Display,UK,retargeting,178.81,35762,254
2026-06-02,Display,US,prospecting,297.31,59461,476
2026-06-02,Display,US,retargeting,284.93,56985,466
2026-06-02,Email,BR,lifecycle,35.46,3940,372
2026-06-02,Email,BR,newsletter,33.49,3722,337
2026-06-02,Email,DE,lifecycle,39.46,4385,432
2026-06-02,Email,DE,newsletter,36.21,4023,339
2026-06-02,Email,IN,lifecycle,39.12,4346,419
2026-06-02,Email,IN,newsletter,39.43,4381,394
2026-06-02,Email,UK,lifecycle,62.06,6895,653
2026-06-02,Email,UK,newsletter,61.04,6782,607
2026-06-02,Email,US,lifecycle,81.91,9101,799
2026-06-02,Email,US,newsletter,84.97,9441,846
2026-06-02,Paid Search,BR,brand,367.84,5109,236
2026-06-02,Paid Search,BR,nonbrand,336.77,4677,219
2026-06-02,Paid Search,DE,brand,445.48,6187,263
2026-06-02,Paid Search,DE,nonbrand,374.53,5202,241
2026-06-02,Paid Search,IN,brand,313.62,4356,189
2026-06-02,Paid Search,IN,nonbrand,298.17,4141,194
2026-06-02,Paid Search,UK,brand,568.46,7895,350
2026-06-02,Paid Search,UK,nonbrand,534.87,7429,311
2026-06-02,Paid Search,US,brand,727.28,10101,429
2026-06-02,Paid Search,US,nonbrand,921.64,12801,554
2026-06-02,Paid Social,BR,prospecting,259.2,19939,417
2026-06-02,Paid Social,BR,retargeting,296.64,22819,415
2026-06-02,Paid Social,DE,prospecting,374.15,28781,526
2026-06-02,Paid Social,DE,retargeting,380.82,29294,555
2026-06-02,Paid Social,IN,prospecting,314.61,24201,443
2026-06-02,Paid Social,IN,retargeting,295.15,22703,418
2026-06-02,Paid Social,UK,prospecting,626.26,48173,931
2026-06-02,Paid Social,UK,retargeting,578.58,44506,826
2026-06-02,Paid Social,US,prospecting,648.06,49851,896
2026-06-02,Paid Social,US,retargeting,725.98,55844,966
2026-06-02,Referral,BR,affiliates,133.1,2958,149
2026-06-02,Referral,DE,affiliates,146.22,3249,183
2026-06-02,Referral,IN,affiliates,152.25,3383,157
2026-06-02,Referral,UK,affiliates,216.91,4820,225
2026-06-02,Referral,US,affiliates,305.91,6798,389
2026-06-02,SEO,BR,organic,36.34,5191,352
2026-06-02,SEO,DE,organic,43.63,6233,426
2026-06-02,SEO,IN,organic,39.45,5636,361
2026-06-02,SEO,UK,organic,70.65,10093,697
2026-06-02,SEO,US,organic,80.24,11462,799
2026-06-03,Display,BR,prospecting,132.84,26568,198
2026-06-03,Display,BR,retargeting,116.81,23362,173
2026-06-03,Display,DE,prospecting,167.87,33575,298
2026-06-03,Display,DE,retargeting,167.41,33482,275
2026-06-03,Display,IN,prospecting,88.8,17759,138
2026-06-03,Display,IN,retargeting,119.82,23963,187
2026-06-03,Display,UK,prospecting,230.05,46011,379
2026-06-03,Display,UK,retargeting,181.3,36259,278
2026-06-03,Display,US,prospecting,342.14,68427,559
2026-06-03,Display,US,retargeting,299.31,59861,482
2026-06-03,Email,BR,lifecycle,38.26,4252,383
2026-06-03,Email,BR,newsletter,37.7,4189,361
2026-06-03,Email,DE,lifecycle,55.09,6121,541
2026-06-03,Email,DE,newsletter,47.9,5322,471
2026-06-03,Email,IN,lifecycle,32.5,3611,342
2026-06-03,Email,IN,newsletter,38.9,4322,392
2026-06-03,Email,UK,lifecycle,57.78,6420,567
2026-06-03,Email,UK,newsletter,74.03,8225,734
2026-06-03,Email,US,lifecycle,77.63,8625,907
2026-06-03,Email,US,newsletter,72.77,8086,789
2026-06-03,Paid Search,BR,brand,354.99,4930,221
2026-06-03,Paid Search,BR,nonbrand,373.07,5182,243
2026-06-03,Paid Search,DE,brand,456.19,6336,307
2026-06-03,Paid Search,DE,nonbrand,462.54,6424,299
2026-06-03,Paid Search,IN,brand,407.79,5664,241
2026-06-03,Paid Search,IN,nonbrand,342.19,4753,195
2026-06-03,Paid Search,UK,brand,642.44,8923,377
2026-06-03,Paid Search,UK,nonbrand,651.94,9055,410
2026-06-03,Paid Search,US,brand,881.64,12245,522
2026-06-03,Paid Search,US,nonbrand,800.08,11112,503
2026-06-03,Paid Social,BR,prospecting,304.98,23460,412
2026-06-03,Paid Social,BR,retargeting,281.2,21631,341
2026-06-03,Paid Social,DE,prospecting,437.0,33615,610
2026-06-03,Paid Social,DE,retargeting,392.04,30157,588
2026-06-03,Paid Social,IN,prospecting,264.97,20383,360
2026-06-03,Paid Social,IN,retargeting,238.21,18324,338
2026-06-03,Paid Social,UK,prospecting,557.05,42850,828
2026-06-03,Paid Social,UK,retargeting,549.71,42286,742
2026-06-03,Paid Social,US,prospecting,652.67,50205,919
2026-06-03,Paid Social,US,retargeting,547.04,42080,765
2026-06-03,Referral,BR,affiliates,108.97,2422,129
2026-06-03,Referral,DE,affiliates,175.17,3893,183
2026-06-03,Referral,IN,affiliates,105.78,2351,116
2026-06-03,Referral,UK,affiliates,196.87,4375,192
2026-06-03,Referral,US,affiliates,287.14,6381,339
2026-06-03,SEO,BR,organic,30.29,4328,323
2026-06-03,SEO,DE,organic,43.54,6220,400
2026-06-03,SEO,IN,organic,29.29,4184,294
2026-06-03,SEO,UK,organic,48.95,6993,456
2026-06-03,SEO,US,organic,75.99,10855,752
2026-06-04,Display,BR,prospecting,134.74,26949,211
2026-06-04,Display,BR,retargeting,132.17,26434,177
2026-06-04,Display,DE,prospecting,176.8,35360,295
2026-06-04,Display,DE,retargeting,173.89,34777,275
2026-06-04,Display,IN,prospecting,108.8,21759,169
2026-06-04,Display,IN,retargeting,146.32,29264,236
2026-06-04,Display,UK,prospecting,184.7,36940,305
2026-06-04,Display,UK,retargeting,228.98,45796,332
2026-06-04,Display,US,prospecting,291.55,58309,523
2026-06-04,Display,US,retargeting,291.53,58307,467
2026-06-04,Email,BR,lifecycle,34.69,3854,370
2026-06-04,Email,BR,newsletter,38.15,4239,386
2026-06-04,Email,DE,lifecycle,45.72,5080,458
2026-06-04,Email,DE,newsletter,55.11,6124,503
2026-06-04,Email,IN,lifecycle,28.37,3152,309
2026-06-04,Email,IN,newsletter,32.06,3563,329
2026-06-04,Email,UK,lifecycle,64.25,7139,657
2026-06-04,Email,UK,newsletter,65.02,7224,616
2026-06-04,Email,US,lifecycle,68.16,7574,599
2026-06-04,Email,US,newsletter,105.61,11735,931
2026-06-04,Paid Search,BR,brand,420.47,5840,252
2026-06-04,Paid Search,BR,nonbrand,255.7,3551,170
2026-06-04,Paid Search,DE,brand,433.72,6024,281
2026-06-04,Paid Search,DE,nonbrand,537.51,7465,354
2026-06-04,Paid Search,IN,brand,305.24,4239,203
2026-06-04,Paid Search,IN,nonbrand,343.29,4768,220
2026-06-04,Paid Search,UK,brand,706.21,9809,440
2026-06-04,Paid Search,UK,nonbrand,709.29,9851,404
2026-06-04,Paid Search,US,brand,982.51,13646,554
2026-06-04,Paid Search,US,nonbrand,866.18,12030,534
2026-06-04,Paid Social,BR,prospecting,257.13,19779,366
2026-06-04,Paid Social,BR,retargeting,279.22,21478,356
2026-06-04,Paid Social,DE,prospecting,366.85,28219,561
2026-06-04,Paid Social,DE,retargeting,371.3,28561,466
2026-06-04,Paid Social,IN,prospecting,290.63,22356,379
2026-06-04,Paid Social,IN,retargeting,276.05,21235,353
2026-06-04,Paid Social,UK,prospecting,491.41,37801,662
2026-06-04,Paid Social,UK,retargeting,605.52,46578,807
2026-06-04,Paid Social,US,prospecting,722.31,55563,991
2026-06-04,Paid Social,US,retargeting,693.27,53328,930
2026-06-04,Referral,BR,affiliates,113.16,2515,126
2026-06-04,Referral,DE,affiliates,173.99,3867,180
2026-06-04,Referral,IN,affiliates,125.26,2784,132
2026-06-04,Referral,UK,affiliates,264.83,5885,305
2026-06-04,Referral,US,affiliates,295.19,6560,344
2026-06-04,SEO,BR,organic,29.58,4226,316
2026-06-04,SEO,DE,organic,39.67,5668,425
2026-06-04,SEO,IN,organic,34.21,4887,362
2026-06-04,SEO,UK,organic,59.27,8467,539
2026-06-04,SEO,US,organic,75.78,10825,731
2026-06-05,Display,BR,prospecting,123.3,24659,201
2026-06-05,Display,BR,retargeting,121.34,24267,209
2026-06-05,Display,DE,prospecting,141.78,28356,227
2026-06-05,Display,DE,retargeting,188.78,37755,289
2026-06-05,Display,IN,prospecting,110.07,22014,179
2026-06-05,Display,IN,retargeting,126.89,25378,204
2026-06-05,Display,UK,prospecting,142.04,28408,227
2026-06-05,Display,UK,retargeting,202.93,40586,341
2026-06-05,Display,US,prospecting,303.01,60601,477
2026-06-05,Display,US,retargeting,268.03,53605,435
2026-06-05,Email,BR,lifecycle,35.08,3898,356
2026-06-05,Email,BR,newsletter,34.1,3788,340
2026-06-05,Email,DE,lifecycle,56.48,6276,587
2026-06-05,Email,DE,newsletter,39.32,4368,375
2026-06-05,Email,IN,lifecycle,27.63,3070,265
2026-06-05,Email,IN,newsletter,31.71,3523,341
2026-06-05,Email,UK,lifecycle,62.57,6953,590
2026-06-05,Email,UK,newsletter,78.1,8678,823
2026-06-05,Email,US,lifecycle,71.64,7960,683
2026-06-05,Email,US,newsletter,101.59,11288,1043
2026-06-05,Paid Search,BR,brand,348.46,4840,209
2026-06-05,Paid Search,BR,nonbrand,324.18,4502,197
2026-06-05,Paid Search,DE,brand,441.11,6127,286
2026-06-05,Paid Search,DE,nonbrand,474.88,6596,311
2026-06-05,Paid Search,IN,brand,327.81,4553,204
2026-06-05,Paid Search,IN,nonbrand,437.08,6071,257
2026-06-05,Paid Search,UK,brand,666.55,9258,443
2026-06-05,Paid Search,UK,nonbrand,553.48,7687,325
2026-06-05,Paid Search,US,brand,830.8,11539,527
2026-06-05,Paid Search,US,nonbrand,854.16,11863,557
2026-06-05,Paid Social,BR,prospecting,296.13,22779,391
2026-06-05,Paid Social,BR,retargeting,288.43,22187,375
2026-06-05,Paid Social,DE,prospecting,386.02,29694,489
2026-06-05,Paid Social,DE,retargeting,303.49,23346,434
2026-06-05,Paid Social,IN,prospecting,231.75,17827,355
2026-06-05,Paid Social,IN,retargeting,278.41,21416,410
2026-06-05,Paid Social,UK,prospecting,532.53,40964,746
2026-06-05,Paid Social,UK,retargeting,416.44,32034,550
2026-06-05,Paid Social,US,prospecting,616.9,47454,841
2026-06-05,Paid Social,US,retargeting,604.71,46516,816
2026-06-05,Referral,BR,affiliates,143.15,3181,164
2026-06-05,Referral,DE,affiliates,150.49,3344,159
2026-06-05,Referral,IN,affiliates,110.84,2463,129
2026-06-05,Referral,UK,affiliates,240.68,5348,292
2026-06-05,Referral,US,affiliates,330.86,7352,388
2026-06-05,SEO,BR,organic,32.2,4600,347
2026-06-05,SEO,DE,organic,45.49,6498,468
2026-06-05,SEO,IN,organic,27.2,3886,271
2026-06-05,SEO,UK,organic,47.57,6795,459
2026-06-05,SEO,US,organic,88.88,12697,902
2026-06-06,Display,BR,prospecting,138.79,27757,220
2026-06-06,Display,BR,retargeting,127.64,25528,197
2026-06-06,Display,DE,prospecting,184.17,36833,266
2026-06-06,Display,DE,retargeting,168.85,33769,255
2026-06-06,Display,IN,prospecting,96.25,19251,162
2026-06-06,Display,IN,retargeting,130.22,26044,209
2026-06-06,Display,UK,prospecting,180.83,36166,296
2026-06-06,Display,UK,retargeting,249.63,49926,409
2026-06-06,Display,US,prospecting,301.02,60204,482
2026-06-06,Display,US,retargeting,244.89,48978,399
2026-06-06,Email,BR,lifecycle,31.21,3468,313
2026-06-06,Email,BR,newsletter,37.8,4200,410
2026-06-06,Email,DE,lifecycle,45.01,5001,456
2026-06-06,Email,DE,newsletter,48.74,5416,475
2026-06-06,Email,IN,lifecycle,39.9,4433,383
2026-06-06,Email,IN,newsletter,28.82,3202,320
2026-06-06,Email,UK,lifecycle,69.03,7670,747
2026-06-06,Email,UK,newsletter,69.44,7715,673
2026-06-06,Email,US,lifecycle,94.08,10453,952
2026-06-06,Email,US,newsletter,96.16,10684,1025
2026-06-06,Paid Search,BR,brand,458.66,6370,266
2026-06-06,Paid Search,BR,nonbrand,404.88,5623,252
2026-06-06,Paid Search,DE,brand,501.49,6965,337
2026-06-06,Paid Search,DE,nonbrand,491.82,6831,300
2026-06-06,Paid Search,IN,brand,374.29,5198,262
2026-06-06,Paid Search,IN,nonbrand,397.48,5521,240
2026-06-06,Paid Search,UK,brand,487.13,6766,287
2026-06-06,Paid Search,UK,nonbrand,694.71,9649,415
2026-06-06,Paid Search,US,brand,885.58,12300,551
2026-06-06,Paid Search,US,nonbrand,608.17,8447,410
2026-06-06,Paid Social,BR,prospecting,321.94,24764,460
2026-06-06,Paid Social,BR,retargeting,328.01,25232,480
2026-06-06,Paid Social,DE,prospecting,493.24,37942,758
2026-06-06,Paid Social,DE,retargeting,390.64,30049,583
2026-06-06,Paid Social,IN,prospecting,286.88,22068,412
2026-06-06,Paid Social,IN,retargeting,314.66,24205,482
2026-06-06,Paid Social,UK,prospecting,536.09,41238,659
2026-06-06,Paid Social,UK,retargeting,687.65,52896,967
2026-06-06,Paid Social,US,prospecting,796.81,61293,1046
2026-06-06,Paid Social,US,retargeting,777.12,59779,1115
2026-06-06,Referral,BR,affiliates,143.75,3195,152
2026-06-06,Referral,DE,affiliates,151.36,3364,165
2026-06-06,Referral,IN,affiliates,147.91,3287,159
2026-06-06,Referral,UK,affiliates,216.34,4808,239
2026-06-06,Referral,US,affiliates,341.27,7584,408
2026-06-06,SEO,BR,organic,30.77,4395,355
2026-06-06,SEO,DE,organic,37.63,5376,383
2026-06-06,SEO,IN,organic,39.55,5651,427
2026-06-06,SEO,UK,organic,53.04,7577,527
2026-06-06,SEO,US,organic,81.54,11649,735
2026-06-07,Display,BR,prospecting,134.9,26980,222
2026-06-07,Display,BR,retargeting,135.31,27062,192
2026-06-07,Display,DE,prospecting,137.87,27575,208
2026-06-07,Display,DE,retargeting,162.91,32581,257
2026-06-07,Display,IN,prospecting,126.79,25357,195
2026-06-07,Display,IN,retargeting,111.88,22377,181
2026-06-07,Display,UK,prospecting,196.6,39320,296
2026-06-07,Display,UK,retargeting,214.6,42921,353
2026-06-07,Display,US,prospecting,274.64,54927,416
2026-06-07,Display,US,retargeting,310.58,62116,530
2026-06-07,Email,BR,lifecycle,40.13,4458,410
2026-06-07,Email,BR,newsletter,41.42,4602,401
2026-06-07,Email,DE,lifecycle,53.44,5937,522
2026-06-07,Email,DE,newsletter,48.35,5372,516
2026-06-07,Email,IN,lifecycle,38.0,4222,372
2026-06-07,Email,IN,newsletter,41.29,4588,414
2026-06-07,Email,UK,lifecycle,58.98,6553,578
2026-06-07,Email,UK,newsletter,62.0,6889,627
2026-06-07,Email,US,lifecycle,100.44,11160,1037
2026-06-07,Email,US,newsletter,104.74,11637,1042
2026-06-07,Paid Search,BR,brand,429.96,5972,285
2026-06-07,Paid Search,BR,nonbrand,444.66,6176,277
2026-06-07,Paid Search,DE,brand,531.41,7381,388
2026-06-07,Paid Search,DE,nonbrand,451.92,6277,287
2026-06-07,Paid Search,IN,brand,321.55,4466,202
2026-06-07,Paid Search,IN,nonbrand,343.72,4774,243
2026-06-07,Paid Search,UK,brand,697.4,9686,412
2026-06-07,Paid Search,UK,nonbrand,589.33,8185,387
2026-06-07,Paid Search,US,brand,786.82,10928,479
2026-06-07,Paid Search,US,nonbrand,809.51,11243,476
2026-06-07,Paid Social,BR,prospecting,370.52,28502,540
2026-06-07,Paid Social,BR,retargeting,360.06,27697,523
2026-06-07,Paid Social,DE,prospecting,443.62,34125,607
2026-06-07,Paid Social,DE,retargeting,456.02,35078,670
2026-06-07,Paid Social,IN,prospecting,345.73,26595,488
2026-06-07,Paid Social,IN,retargeting,268.34,20642,379
2026-06-07,Paid Social,UK,prospecting,618.51,47578,861
2026-06-07,Paid Social,UK,retargeting,454.89,34991,631
2026-06-07,Paid Social,US,prospecting,714.09,54930,1036
2026-06-07,Paid Social,US,retargeting,755.17,58090,1120
2026-06-07,Referral,BR,affiliates,111.07,2468,118
2026-06-07,Referral,DE,affiliates,205.91,4576,222
2026-06-07,Referral,IN,affiliates,125.58,2791,147
2026-06-07,Referral,UK,affiliates,254.08,5646,287
2026-06-07,Referral,US,affiliates,295.33,6563,376
2026-06-07,SEO,BR,organic,35.69,5098,346
2026-06-07,SEO,DE,organic,44.11,6301,441
2026-06-07,SEO,IN,organic,31.4,4486,330
2026-06-07,SEO,UK,organic,49.66,7094,499
2026-06-07,SEO,US,organic,76.18,10883,763
2026-06-08,Display,BR,prospecting,127.8,25561,204
2026-06-08,Display,BR,retargeting,101.08,20216,166
2026-06-08,Display,DE,prospecting,139.69,27938,232
2026-06-08,Display,DE,retargeting,182.07,36415,300
2026-06-08,Display,IN,prospecting,121.32,24264,196
2026-06-08,Display,IN,retargeting,116.96,23391,175
2026-06-08,Display,UK,prospecting,191.59,38318,285
2026-06-08,Display,UK,retargeting,207.92,41585,362
2026-06-08,Display,US,prospecting,240.03,48006,405
2026-06-08,Display,US,retargeting,327.19,65437,538
2026-06-08,Email,BR,lifecycle,37.83,4203,356
2026-06-08,Email,BR,newsletter,32.84,3649,317
2026-06-08,Email,DE,lifecycle,48.06,5340,459
2026-06-08,Email,DE,newsletter,57.57,6397,592
2026-06-08,Email,IN,lifecycle,33.26,3695,314
2026-06-08,Email,IN,newsletter,34.63,3848,370
2026-06-08,Email,UK,lifecycle,58.78,6531,626
2026-06-08,Email,UK,newsletter,58.02,6446,579
2026-06-08,Email,US,lifecycle,79.98,8887,791
2026-06-08,Email,US,newsletter,81.52,9058,847
2026-06-08,Paid Search,BR,brand,385.3,5351,242
2026-06-08,Paid Search,BR,nonbrand,287.11,3988,198
2026-06-08,Paid Search,DE,brand,450.8,6261,253
2026-06-08,Paid Search,DE,nonbrand,566.58,7869,348
2026-06-08,Paid Search,IN,brand,356.73,4955,211
2026-06-08,Paid Search,IN,nonbrand,371.33,5157,229
2026-06-08,Paid Search,UK,brand,629.24,8740,406
2026-06-08,Paid Search,UK,nonbrand,601.02,8348,367
2026-06-08,Paid Search,US,brand,819.03,11375,421
2026-06-08,Paid Search,US,nonbrand,837.06,11626,500
2026-06-08,Paid Social,BR,prospecting,295.09,22700,394
2026-06-08,Paid Social,BR,retargeting,323.92,24917,440
2026-06-08,Paid Social,DE,prospecting,354.34,27257,449
2026-06-08,Paid Social,DE,retargeting,380.13,29241,460
2026-06-08,Paid Social,IN,prospecting,261.36,20104,353
2026-06-08,Paid Social,IN,retargeting,239.47,18421,320
2026-06-08,Paid Social,UK,prospecting,436.77,33597,576
2026-06-08,Paid Social,UK,retargeting,445.12,34240,624
2026-06-08,Paid Social,US,prospecting,712.56,54812,1075
2026-06-08,Paid Social,US,retargeting,764.45,58804,1084
2026-06-08,Referral,BR,affiliates,124.16,2759,145
2026-06-08,Referral,DE,affiliates,201.26,4472,210
2026-06-08,Referral,IN,affiliates,110.99,2466,127
2026-06-08,Referral,UK,affiliates,184.83,4107,209
2026-06-08,Referral,US,affiliates,307.99,6844,308
2026-06-08,SEO,BR,organic,33.66,4808,344
2026-06-08,SEO,DE,organic,44.28,6326,430
2026-06-08,SEO,IN,organic,30.69,4385,311
2026-06-08,SEO,UK,organic,61.72,8817,533
2026-06-08,SEO,US,organic,64.68,9241,757
2026-06-09,Display,BR,prospecting,116.14,23229,185
2026-06-09,Display,BR,retargeting,123.8,24760,203
2026-06-09,Display,DE,prospecting,158.53,31707,259
2026-06-09,Display,DE,retargeting,183.76,36751,288
2026-06-09,Display,IN,prospecting,140.09,28018,227
2026-06-09,Display,IN,retargeting,100.67,20135,162
2026-06-09,Display,UK,prospecting,212.91,42582,339
2026-06-09,Display,UK,retargeting,212.14,42427,333
2026-06-09,Display,US,prospecting,323.85,64770,501
2026-06-09,Display,US,retargeting,300.79,60158,476
2026-06-09,Email,BR,lifecycle,36.68,4076,401
2026-06-09,Email,BR,newsletter,34.76,3863,333
2026-06-09,Email,DE,lifecycle,51.8,5755,518
2026-06-09,Email,DE,newsletter,59.55,6617,618
2026-06-09,Email,IN,lifecycle,31.94,3549,294
2026-06-09,Email,IN,newsletter,26.93,2993,280
2026-06-09,Email,UK,lifecycle,71.06,7896,681
2026-06-09,Email,UK,newsletter,62.93,6992,648
2026-06-09,Email,US,lifecycle,96.59,10732,937
2026-06-09,Email,US,newsletter,91.66,10185,922
2026-06-09,Paid Search,BR,brand,381.36,5297,226
2026-06-09,Paid Search,BR,nonbrand,357.67,4968,186
2026-06-09,Paid Search,DE,brand,445.49,6187,266
2026-06-09,Paid Search,DE,nonbrand,410.63,5703,263
2026-06-09,Paid Search,IN,brand,410.04,5695,275
2026-06-09,Paid Search,IN,nonbrand,431.74,5996,258
2026-06-09,Paid Search,UK,brand,655.72,9107,404
2026-06-09,Paid Search,UK,nonbrand,572.94,7958,348
2026-06-09,Paid Search,US,brand,682.14,9474,394
2026-06-09,Paid Search,US,nonbrand,807.24,11212,461
2026-06-09,Paid Social,BR,prospecting,305.17,23475,421
2026-06-09,Paid Social,BR,retargeting,272.73,20979,365
2026-06-09,Paid Social,DE,prospecting,397.88,30606,526
2026-06-09,Paid Social,DE,retargeting,375.09,28853,493
2026-06-09,Paid Social,IN,prospecting,314.3,24177,436
2026-06-09,Paid Social,IN,retargeting,304.17,23398,417
2026-06-09,Paid Social,UK,prospecting,469.12,36086,642
2026-06-09,Paid Social,UK,retargeting,481.79,37061,674
2026-06-09,Paid Social,US,prospecting,819.49,63038,1097
2026-06-09,Paid Social,US,retargeting,792.75,60981,1216
2026-06-09,Referral,BR,affiliates,137.46,3055,146
2026-06-09,Referral,DE,affiliates,171.28,3806,190
2026-06-09,Referral,IN,affiliates,130.89,2909,151
2026-06-09,Referral,UK,affiliates,204.43,4543,196
2026-06-09,Referral,US,affiliates,298.06,6624,343
2026-06-09,SEO,BR,organic,33.04,4720,324
2026-06-09,SEO,DE,organic,48.68,6955,454
2026-06-09,SEO,IN,organic,23.82,3403,235
2026-06-09,SEO,UK,organic,49.72,7103,445
2026-06-09,SEO,US,organic,86.42,12346,786
2026-06-10,Display,BR,prospecting,117.68,23536,216
2026-06-10,Display,BR,retargeting,134.85,26971,226
2026-06-10,Display,DE,prospecting,168.82,33764,239
2026-06-10,Display,DE,retargeting,148.06,29611,220
2026-06-10,Display,IN,prospecting,96.34,19268,157
2026-06-10,Display,IN,retargeting,126.88,25376,182
2026-06-10,Display,UK,prospecting,181.48,36297,279
2026-06-10,Display,UK,retargeting,243.21,48642,403
2026-06-10,Display,US,prospecting,247.42,49483,420
2026-06-10,Display,US,retargeting,245.42,49084,373
2026-06-10,Email,BR,lifecycle,46.14,5127,451
2026-06-10,Email,BR,newsletter,39.93,4437,445
2026-06-10,Email,DE,lifecycle,48.35,5372,503
2026-06-10,Email,DE,newsletter,49.3,5478,492
2026-06-10,Email,IN,lifecycle,35.15,3905,361
2026-06-10,Email,IN,newsletter,39.36,4374,393
2026-06-10,Email,UK,lifecycle,58.54,6505,559
2026-06-10,Email,UK,newsletter,47.23,5248,513
2026-06-10,Email,US,lifecycle,74.82,8313,847
2026-06-10,Email,US,newsletter,80.15,8906,764
2026-06-10,Paid Search,BR,brand,367.42,5103,241
2026-06-10,Paid Search,BR,nonbrand,420.77,5844,248
2026-06-10,Paid Search,DE,brand,474.33,6588,285
2026-06-10,Paid Search,DE,nonbrand,428.29,5948,273
2026-06-10,Paid Search,IN,brand,323.78,4497,210
2026-06-10,Paid Search,IN,nonbrand,276.75,3844,185
2026-06-10,Paid Search,UK,brand,746.82,10372,485
2026-06-10,Paid Search,UK,nonbrand,670.68,9315,468
2026-06-10,Paid Search,US,brand,751.93,10443,502
2026-06-10,Paid Search,US,nonbrand,869.47,12076,610
2026-06-10,Paid Social,BR,prospecting,296.6,22816,389
2026-06-10,Paid Social,BR,retargeting,361.32,27794,522
2026-06-10,Paid Social,DE,prospecting,352.12,27086,439
2026-06-10,Paid Social,DE,retargeting,347.27,26713,444
2026-06-10,Paid Social,IN,prospecting,206.5,15884,289
2026-06-10,Paid Social,IN,retargeting,233.92,17994,316
2026-06-10,Paid Social,UK,prospecting,549.76,42289,684
2026-06-10,Paid Social,UK,retargeting,603.05,46389,831
2026-06-10,Paid Social,US,prospecting,689.49,53038,986
2026-06-10,Paid Social,US,retargeting,742.45,57112,984
2026-06-10,Referral,BR,affiliates,123.52,2745,116
2026-06-10,Referral,DE,affiliates,159.56,3546,194
2026-06-10,Referral,IN,affiliates,103.65,2303,121
2026-06-10,Referral,UK,affiliates,257.83,5730,302
2026-06-10,Referral,US,affiliates,317.19,7049,298
2026-06-10,SEO,BR,organic,31.91,4559,281
2026-06-10,SEO,DE,organic,39.31,5616,399
2026-06-10,SEO,IN,organic,34.68,4954,336
2026-06-10,SEO,UK,organic,64.06,9151,684
2026-06-10,SEO,US,organic,71.23,10175,719
2026-06-11,Display,BR,prospecting,125.51,25102,194
2026-06-11,Display,BR,retargeting,127.33,25467,217
2026-06-11,Display,DE,prospecting,188.12,37624,312
2026-06-11,Display,DE,retargeting,137.69,27538,220
2026-06-11,Display,IN,prospecting,124.88,24977,179
2026-06-11,Display,IN,retargeting,126.69,25339,210
2026-06-11,Display,UK,prospecting,178.42,35685,310
2026-06-11,Display,UK,retargeting,241.48,48295,388
2026-06-11,Display,US,prospecting,307.05,61411,443
2026-06-11,Display,US,retargeting,318.95,63789,496
2026-06-11,Email,BR,lifecycle,38.31,4257,375
2026-06-11,Email,BR,newsletter,37.47,4163,360
2026-06-11,Email,DE,lifecycle,52.52,5836,567
2026-06-11,Email,DE,newsletter,52.03,5781,546
2026-06-11,Email,IN,lifecycle,35.31,3924,362
2026-06-11,Email,IN,newsletter,33.05,3672,297
2026-06-11,Email,UK,lifecycle,42.76,4751,462
2026-06-11,Email,UK,newsletter,59.06,6562,598
2026-06-11,Email,US,lifecycle,80.59,8954,780
2026-06-11,Email,US,newsletter,70.8,7866,674
2026-06-11,Paid Search,BR,brand,422.92,5874,255
2026-06-11,Paid Search,BR,nonbrand,310.32,4310,194
2026-06-11,Paid Search,DE,brand,361.44,5020,214
2026-06-11,Paid Search,DE,nonbrand,501.85,6970,306
2026-06-11,Paid Search,IN,brand,360.79,5011,235
2026-06-11,Paid Search,IN,nonbrand,309.63,4300,183
2026-06-11,Paid Search,UK,brand,471.23,6545,294
2026-06-11,Paid Search,UK,nonbrand,575.27,7990,367
2026-06-11,Paid Search,US,brand,868.5,12062,521
2026-06-11,Paid Search,US,nonbrand,960.08,13335,611
2026-06-11,Paid Social,BR,prospecting,260.5,20038,336
2026-06-11,Paid Social,BR,retargeting,348.63,26818,450
2026-06-11,Paid Social,DE,prospecting,411.18,31629,592
2026-06-11,Paid Social,DE,retargeting,362.77,27906,518
2026-06-11,Paid Social,IN,prospecting,267.78,20598,380
2026-06-11,Paid Social,IN,retargeting,279.03,21464,378
2026-06-11,Paid Social,UK,prospecting,598.67,46052,849
2026-06-11,Paid Social,UK,retargeting,536.03,41233,696
2026-06-11,Paid Social,US,prospecting,782.34,60180,1111
2026-06-11,Paid Social,US,retargeting,777.32,59794,958
2026-06-11,Referral,BR,affiliates,128.11,2847,140
2026-06-11,Referral,DE,affiliates,187.98,4177,207
2026-06-11,Referral,IN,affiliates,116.4,2587,145
2026-06-11,Referral,UK,affiliates,232.07,5157,277
2026-06-11,Referral,US,affiliates,289.04,6423,339
2026-06-11,SEO,BR,organic,40.03,5718,398
2026-06-11,SEO,DE,organic,46.6,6656,451
2026-06-11,SEO,IN,organic,35.52,5074,324
2026-06-11,SEO,UK,organic,52.12,7446,515
2026-06-11,SEO,US,organic,72.2,10314,738
2026-06-12,Display,BR,prospecting,95.73,19147,168
2026-06-12,Display,BR,retargeting,139.73,27946,211
2026-06-12,Display,DE,prospecting,152.25,30449,221
2026-06-12,Display,DE,retargeting,181.57,36315,309
2026-06-12,Display,IN,prospecting,128.3,25659,194
2026-06-12,Display,IN,retargeting,112.48,22496,168
2026-06-12,Display,UK,prospecting,185.7,37141,304
2026-06-12,Display,UK,retargeting,237.94,47588,379
2026-06-12,Display,US,prospecting,296.26,59251,490
2026-06-12,Display,US,retargeting,271.69,54338,442
2026-06-12,Email,BR,lifecycle,36.92,4102,398
2026-06-12,Email,BR,newsletter,35.47,3941,382
2026-06-12,Email,DE,lifecycle,50.16,5573,457
2026-06-12,Email,DE,newsletter,51.94,5771,492
2026-06-12,Email,IN,lifecycle,36.47,4053,370
2026-06-12,Email,IN,newsletter,33.6,3734,357
2026-06-12,Email,UK,lifecycle,61.57,6841,593
2026-06-12,Email,UK,newsletter,59.3,6589,623
2026-06-12,Email,US,lifecycle,81.54,9060,766
2026-06-12,Email,US,newsletter,110.98,12331,1157
2026-06-12,Paid Search,BR,brand,337.16,4683,193
2026-06-12,Paid Search,BR,nonbrand,386.57,5369,226
2026-06-12,Paid Search,DE,brand,497.2,6906,291
2026-06-12,Paid Search,DE,nonbrand,365.54,5077,210
2026-06-12,Paid Search,IN,brand,231.09,3210,155
2026-06-12,Paid Search,IN,nonbrand,335.07,4654,204
2026-06-12,Paid Search,UK,brand,582.57,8091,379
2026-06-12,Paid Search,UK,nonbrand,703.17,9766,448
2026-06-12,Paid Search,US,brand,980.5,13618,626
2026-06-12,Paid Search,US,nonbrand,813.85,11303,523
2026-06-12,Paid Social,BR,prospecting,288.99,22230,425
2026-06-12,Paid Social,BR,retargeting,279.62,21509,398
2026-06-12,Paid Social,DE,prospecting,416.14,32011,540
2026-06-12,Paid Social,DE,retargeting,458.16,35243,650
2026-06-12,Paid Social,IN,prospecting,281.49,21653,407
2026-06-12,Paid Social,IN,retargeting,276.15,21242,397
2026-06-12,Paid Social,UK,prospecting,384.46,29574,478
2026-06-12,Paid Social,UK,retargeting,507.25,39019,672
2026-06-12,Paid Social,US,prospecting,553.73,42594,767
2026-06-12,Paid Social,US,retargeting,675.77,51982,976
2026-06-12,Referral,BR,affiliates,137.69,3060,156
2026-06-12,Referral,DE,affiliates,176.65,3926,195
2026-06-12,Referral,IN,affiliates,132.78,2951,140
2026-06-12,Referral,UK,affiliates,230.2,5116,284
2026-06-12,Referral,US,affiliates,257.34,5719,295
2026-06-12,SEO,BR,organic,37.22,5317,328
2026-06-12,SEO,DE,organic,40.81,5831,398
2026-06-12,SEO,IN,organic,26.29,3755,242
2026-06-12,SEO,UK,organic,56.59,8085,566
2026-06-12,SEO,US,organic,84.74,12106,873
2026-06-13,Display,BR,prospecting,159.94,31989,278
2026-06-13,Display,BR,retargeting,129.46,25892,196
2026-06-13,Display,DE,prospecting,151.89,30378,263
2026-06-13,Display,DE,retargeting,138.14,27628,222
2026-06-13,Display,IN,prospecting,132.05,26410,194
2026-06-13,Display,IN,retargeting,149.11,29822,255
2026-06-13,Display,UK,prospecting,195.74,39148,300
2026-06-13,Display,UK,retargeting,208.95,41789,361
2026-06-13,Display,US,prospecting,338.7,67740,521
2026-06-13,Display,US,retargeting,228.51,45701,350
2026-06-13,Email,BR,lifecycle,43.12,4791,438
2026-06-13,Email,BR,newsletter,36.27,4030,340
2026-06-13,Email,DE,lifecycle,44.19,4910,489
2026-06-13,Email,DE,newsletter,43.04,4782,411
2026-06-13,Email,IN,lifecycle,32.33,3592,330
2026-06-13,Email,IN,newsletter,30.52,3391,316
2026-06-13,Email,UK,lifecycle,87.42,9713,792
2026-06-13,Email,UK,newsletter,69.75,7750,704
2026-06-13,Email,US,lifecycle,108.33,12036,1193
2026-06-13,Email,US,newsletter,76.08,8453,732
2026-06-13,Paid Search,BR,brand,327.62,4550,217
2026-06-13,Paid Search,BR,nonbrand,410.02,5695,252
2026-06-13,Paid Search,DE,brand,508.46,7062,312
2026-06-13,Paid Search,DE,nonbrand,586.27,8143,370
2026-06-13,Paid Search,IN,brand,371.16,5155,223
2026-06-13,Paid Search,IN,nonbrand,354.23,4920,238
2026-06-13,Paid Search,UK,brand,726.07,10084,426
2026-06-13,Paid Search,UK,nonbrand,658.0,9139,402
2026-06-13,Paid Search,US,brand,1223.85,16998,701
2026-06-13,Paid Search,US,nonbrand,799.13,11099,459
2026-06-13,Paid Social,BR,prospecting,323.46,24882,433
2026-06-13,Paid Social,BR,retargeting,388.79,29907,550
2026-06-13,Paid Social,DE,prospecting,354.23,27248,495
2026-06-13,Paid Social,DE,retargeting,365.79,28138,424
2026-06-13,Paid Social,IN,prospecting,375.73,28902,496
2026-06-13,Paid Social,IN,retargeting,306.15,23550,431
2026-06-13,Paid Social,UK,prospecting,658.19,50630,919
2026-06-13,Paid Social,UK,retargeting,511.26,39327,691
2026-06-13,Paid Social,US,prospecting,719.69,55361,905
2026-06-13,Paid Social,US,retargeting,1021.14,78550,1348
2026-06-13,Referral,BR,affiliates,145.42,3231,172
2026-06-13,Referral,DE,affiliates,176.23,3916,200
2026-06-13,Referral,IN,affiliates,156.56,3479,183
2026-06-13,Referral,UK,affiliates,269.62,5991,292
2026-06-13,Referral,US,affiliates,351.7,7815,378
2026-06-13,SEO,BR,organic,35.74,5105,346
2026-06-13,SEO,DE,organic,50.55,7222,558
2026-06-13,SEO,IN,organic,37.82,5403,401
2026-06-13,SEO,UK,organic,63.24,9034,582
2026-06-13,SEO,US,organic,101.41,14488,955
2026-06-14,Display,BR,prospecting,170.95,34190,282
2026-06-14,Display,BR,retargeting,128.27,25654,201
2026-06-14,Display,DE,prospecting,151.01,30203,245
2026-06-14,Display,DE,retargeting,137.25,27451,221
2026-06-14,Display,IN,prospecting,109.4,21881,175
2026-06-14,Display,IN,retargeting,147.18,29436,201
2026-06-14,Display,UK,prospecting,211.2,42239,332
2026-06-14,Display,UK,retargeting,199.46,39892,359
2026-06-14,Display,US,prospecting,286.57,57315,479
2026-06-14,Display,US,retargeting,342.75,68550,580
2026-06-14,Email,BR,lifecycle,51.05,5672,503
2026-06-14,Email,BR,newsletter,35.77,3975,369
2026-06-14,Email,DE,lifecycle,55.38,6154,544
2026-06-14,Email,DE,newsletter,55.17,6130,565
2026-06-14,Email,IN,lifecycle,29.43,3270,268
2026-06-14,Email,IN,newsletter,39.54,4393,405
2026-06-14,Email,UK,lifecycle,74.79,8310,701
2026-06-14,Email,UK,newsletter,83.69,9299,812
2026-06-14,Email,US,lifecycle,93.1,10345,978
2026-06-14,Email,US,newsletter,94.9,10545,862
2026-06-14,Paid Search,BR,brand,437.28,6073,264
2026-06-14,Paid Search,BR,nonbrand,491.03,6820,305
2026-06-14,Paid Search,DE,brand,511.49,7104,296
2026-06-14,Paid Search,DE,nonbrand,547.2,7600,338
2026-06-14,Paid Search,IN,brand,359.29,4990,223
2026-06-14,Paid Search,IN,nonbrand,358.41,4978,225
2026-06-14,Paid Search,UK,brand,549.93,7638,343
2026-06-14,Paid Search,UK,nonbrand,625.84,8692,377
2026-06-14,Paid Search,US,brand,851.82,11831,578
2026-06-14,Paid Search,US,nonbrand,952.04,13223,595
2026-06-14,Paid Social,BR,prospecting,342.38,26337,405
2026-06-14,Paid Social,BR,retargeting,352.69,27130,480
2026-06-14,Paid Social,DE,prospecting,433.14,33318,641
2026-06-14,Paid Social,DE,retargeting,460.92,35455,627
2026-06-14,Paid Social,IN,prospecting,267.45,20573,338
2026-06-14,Paid Social,IN,retargeting,320.53,24656,471
2026-06-14,Paid Social,UK,prospecting,556.12,42778,713
2026-06-14,Paid Social,UK,retargeting,472.24,36326,735
2026-06-14,Paid Social,US,prospecting,766.14,58933,978
2026-06-14,Paid Social,US,retargeting,651.92,50147,888
2026-06-14,Referral,BR,affiliates,127.56,2835,156
2026-06-14,Referral,DE,affiliates,202.03,4490,233
2026-06-14,Referral,IN,affiliates,117.4,2609,134
2026-06-14,Referral,UK,affiliates,259.04,5756,268
2026-06-14,Referral,US,affiliates,347.25,7717,324
2026-06-14,SEO,BR,organic,36.6,5229,334
2026-06-14,SEO,DE,organic,40.9,5843,408
2026-06-14,SEO,IN,organic,27.86,3980,304
2026-06-14,SEO,UK,organic,48.63,6947,486
2026-06-14,SEO,US,organic,83.91,11987,865
2026-06-15,Display,BR,prospecting,128.4,25680,182
2026-06-15,Display,BR,retargeting,108.96,21792,183
2026-06-15,Display,DE,prospecting,144.3,28861,224
2026-06-15,Display,DE,retargeting,154.11,30822,242
2026-06-15,Display,IN,prospecting,100.6,20121,152
2026-06-15,Display,IN,retargeting,117.42,23483,207
2026-06-15,Display,UK,prospecting,194.69,38937,314
2026-06-15,Display,UK,retargeting,228.86,45773,357
2026-06-15,Display,US,prospecting,256.25,51251,410
2026-06-15,Display,US,retargeting,251.0,50200,412
2026-06-15,Email,BR,lifecycle,38.89,4322,399
2026-06-15,Email,BR,newsletter,37.15,4128,377
2026-06-15,Email,DE,lifecycle,46.6,5178,492
2026-06-15,Email,DE,newsletter,41.41,4601,407
2026-06-15,Email,IN,lifecycle,30.81,3423,299
2026-06-15,Email,IN,newsletter,36.69,4076,345
2026-06-15,Email,UK,lifecycle,58.5,6501,615
2026-06-15,Email,UK,newsletter,63.33,7037,628
2026-06-15,Email,US,lifecycle,66.61,7401,710
2026-06-15,Email,US,newsletter,87.85,9761,885
2026-06-15,Paid Search,BR,brand,406.08,5640,248
2026-06-15,Paid Search,BR,nonbrand,367.06,5098,220
2026-06-15,Paid Search,DE,brand,526.26,7309,336
2026-06-15,Paid Search,DE,nonbrand,522.78,7261,290
2026-06-15,Paid Search,IN,brand,312.05,4334,193
2026-06-15,Paid Search,IN,nonbrand,291.88,4054,165
2026-06-15,Paid Search,UK,brand,740.58,10286,457
2026-06-15,Paid Search,UK,nonbrand,534.53,7424,290
2026-06-15,Paid Search,US,brand,995.64,13828,617
2026-06-15,Paid Search,US,nonbrand,816.06,11334,526
2026-06-15,Paid Social,BR,prospecting,335.67,25821,514
2026-06-15,Paid Social,BR,retargeting,308.67,23744,438
2026-06-15,Paid Social,DE,prospecting,387.67,29821,515
2026-06-15,Paid Social,DE,retargeting,395.44,30418,574
2026-06-15,Paid Social,IN,prospecting,311.58,23968,434
2026-06-15,Paid Social,IN,retargeting,343.68,26437,486
2026-06-15,Paid Social,UK,prospecting,405.77,31213,533
2026-06-15,Paid Social,UK,retargeting,595.55,45812,758
2026-06-15,Paid Social,US,prospecting,871.15,67012,1150
2026-06-15,Paid Social,US,retargeting,662.97,50998,820
2026-06-15,Referral,BR,affiliates,134.58,2991,150
2026-06-15,Referral,DE,affiliates,151.47,3366,182
2026-06-15,Referral,IN,affiliates,114.0,2533,135
2026-06-15,Referral,UK,affiliates,216.56,4812,260
2026-06-15,Referral,US,affiliates,353.28,7851,392
2026-06-15,SEO,BR,organic,39.1,5585,401
2026-06-15,SEO,DE,organic,45.6,6514,389
2026-06-15,SEO,IN,organic,33.09,4727,309
2026-06-15,SEO,UK,organic,57.29,8184,560
2026-06-15,SEO,US,organic,74.26,10608,719
2026-06-16,Display,BR,prospecting,136.02,27204,218
2026-06-16,Display,BR,retargeting,119.83,23965,168
2026-06-16,Display,DE,prospecting,199.41,39882,338
2026-06-16,Display,DE,retargeting,159.38,31877,241
2026-06-16,Display,IN,prospecting,116.81,23362,181
2026-06-16,Display,IN,retargeting,123.3,24660,178
2026-06-16,Display,UK,prospecting,227.29,45458,362
2026-06-16,Display,UK,retargeting,244.61,48923,411
2026-06-16,Display,US,prospecting,296.28,59255,459
2026-06-16,Display,US,retargeting,343.97,68794,588
2026-06-16,Email,BR,lifecycle,27.71,3078,287
2026-06-16,Email,BR,newsletter,46.97,5219,504
2026-06-16,Email,DE,lifecycle,42.83,4759,409
2026-06-16,Email,DE,newsletter,46.26,5140,462
2026-06-16,Email,IN,lifecycle,29.02,3225,285
2026-06-16,Email,IN,newsletter,34.44,3827,385
2026-06-16,Email,UK,lifecycle,62.6,6955,655
2026-06-16,Email,UK,newsletter,48.45,5383,476
2026-06-16,Email,US,lifecycle,94.73,10526,958
2026-06-16,Email,US,newsletter,90.29,10032,875
2026-06-16,Paid Search,BR,brand,399.65,5551,250
2026-06-16,Paid Search,BR,nonbrand,370.1,5140,232
2026-06-16,Paid Search,DE,brand,361.66,5023,227
2026-06-16,Paid Search,DE,nonbrand,503.98,7000,325
2026-06-16,Paid Search,IN,brand,391.34,5435,226
2026-06-16,Paid Search,IN,nonbrand,404.74,5621,261
2026-06-16,Paid Search,UK,brand,657.63,9134,381
2026-06-16,Paid Search,UK,nonbrand,648.93,9013,429
2026-06-16,Paid Search,US,brand,875.09,12154,556
2026-06-16,Paid Search,US,nonbrand,834.3,11588,514
2026-06-16,Paid Social,BR,prospecting,306.03,23541,403
2026-06-16,Paid Social,BR,retargeting,328.43,25264,458
2026-06-16,Paid Social,DE,prospecting,419.35,32258,571
2026-06-16,Paid Social,DE,retargeting,405.19,31168,566
2026-06-16,Paid Social,IN,prospecting,325.27,25021,403
2026-06-16,Paid Social,IN,retargeting,233.25,17942,306
2026-06-16,Paid Social,UK,prospecting,335.78,25829,497
2026-06-16,Paid Social,UK,retargeting,575.13,44241,776
2026-06-16,Paid Social,US,prospecting,541.88,41683,654
2026-06-16,Paid Social,US,retargeting,785.15,60397,1028
2026-06-16,Referral,BR,affiliates,129.72,2883,150
2026-06-16,Referral,DE,affiliates,154.02,3423,174
2026-06-16,Referral,IN,affiliates,128.36,2853,144
2026-06-16,Referral,UK,affiliates,249.09,5535,285
2026-06-16,Referral,US,affiliates,254.55,5657,287
2026-06-16,SEO,BR,organic,31.23,4462,298
2026-06-16,SEO,DE,organic,41.51,5929,402
2026-06-16,SEO,IN,organic,29.73,4247,298
2026-06-16,SEO,UK,organic,58.33,8333,562
2026-06-16,SEO,US,organic,75.52,10789,691
2026-06-17,Display,BR,prospecting,142.44,28488,221
2026-06-17,Display,BR,retargeting,155.83,31165,251
2026-06-17,Display,DE,prospecting,171.92,34383,281
2026-06-17,Display,DE,retargeting,137.56,27511,208
2026-06-17,Display,IN,prospecting,116.83,23365,174
2026-06-17,Display,IN,retargeting,107.41,21483,159
2026-06-17,Display,UK,prospecting,185.18,37037,301
2026-06-17,Display,UK,retargeting,239.46,47892,390
2026-06-17,Display,US,prospecting,273.73,54747,428
2026-06-17,Display,US,retargeting,322.76,64552,497
2026-06-17,Email,BR,lifecycle,39.79,4421,395
2026-06-17,Email,BR,newsletter,40.39,4488,430
2026-06-17,Email,DE,lifecycle,51.22,5691,463
2026-06-17,Email,DE,newsletter,53.75,5972,532
2026-06-17,Email,IN,lifecycle,28.84,3204,289
2026-06-17,Email,IN,newsletter,32.93,3659,332
2026-06-17,Email,UK,lifecycle,68.18,7576,651
2026-06-17,Email,UK,newsletter,56.13,6236,580
2026-06-17,Email,US,lifecycle,103.96,11551,954
2026-06-17,Email,US,newsletter,84.19,9354,781
2026-06-17,Paid Search,BR,brand,396.75,5510,265
2026-06-17,Paid Search,BR,nonbrand,417.05,5792,270
2026-06-17,Paid Search,DE,brand,360.82,5011,232
2026-06-17,Paid Search,DE,nonbrand,463.67,6440,307
2026-06-17,Paid Search,IN,brand,333.15,4627,205
2026-06-17,Paid Search,IN,nonbrand,287.54,3994,175
2026-06-17,Paid Search,UK,brand,694.46,9645,393
2026-06-17,Paid Search,UK,nonbrand,698.13,9696,448
2026-06-17,Paid Search,US,brand,835.61,11606,595
2026-06-17,Paid Search,US,nonbrand,821.26,11406,546
2026-06-17,Paid Social,BR,prospecting,305.67,23513,417
2026-06-17,Paid Social,BR,retargeting,314.23,24172,448
2026-06-17,Paid Social,DE,prospecting,433.31,33332,553
2026-06-17,Paid Social,DE,retargeting,359.38,27645,502
2026-06-17,Paid Social,IN,prospecting,263.92,20302,358
2026-06-17,Paid Social,IN,retargeting,319.33,24564,429
2026-06-17,Paid Social,UK,prospecting,428.93,32995,615
2026-06-17,Paid Social,UK,retargeting,610.6,46969,850
2026-06-17,Paid Social,US,prospecting,701.03,53925,1053
2026-06-17,Paid Social,US,retargeting,773.27,59483,974
2026-06-17,Referral,BR,affiliates,162.31,3607,182
2026-06-17,Referral,DE,affiliates,175.45,3899,195
2026-06-17,Referral,IN,affiliates,93.73,2083,111
2026-06-17,Referral,UK,affiliates,178.72,3972,209
2026-06-17,Referral,US,affiliates,300.04,6668,332
2026-06-17,SEO,BR,organic,29.73,4247,265
2026-06-17,SEO,DE,organic,36.05,5150,339
2026-06-17,SEO,IN,organic,35.76,5109,324
2026-06-17,SEO,UK,organic,63.7,9100,581
2026-06-17,SEO,US,organic,71.51,10216,756
2026-06-18,Display,BR,prospecting,106.14,21228,170
2026-06-18,Display,BR,retargeting,130.37,26075,220
2026-06-18,Display,DE,prospecting,178.81,35762,309
2026-06-18,Display,DE,retargeting,161.95,32390,233
2026-06-18,Display,IN,prospecting,107.92,21583,168
2026-06-18,Display,IN,retargeting,111.91,22381,182
2026-06-18,Display,UK,prospecting,201.31,40262,323
2026-06-18,Display,UK,retargeting,210.66,42133,344
2026-06-18,Display,US,prospecting,242.0,48401,367
2026-06-18,Display,US,retargeting,276.19,55238,420
2026-06-18,Email,BR,lifecycle,33.87,3763,357
2026-06-18,Email,BR,newsletter,31.8,3534,320
2026-06-18,Email,DE,lifecycle,52.56,5840,484
2026-06-18,Email,DE,newsletter,47.78,5309,514
2026-06-18,Email,IN,lifecycle,41.24,4582,376
2026-06-18,Email,IN,newsletter,45.64,5071,425
2026-06-18,Email,UK,lifecycle,49.8,5534,479
2026-06-18,Email,UK,newsletter,65.09,7232,655
2026-06-18,Email,US,lifecycle,82.63,9181,831
2026-06-18,Email,US,newsletter,84.38,9375,847
2026-06-18,Paid Search,BR,brand,364.04,5056,228
2026-06-18,Paid Search,BR,nonbrand,318.34,4421,196
2026-06-18,Paid Search,DE,brand,488.8,6789,315
2026-06-18,Paid Search,DE,nonbrand,412.87,5734,297
2026-06-18,Paid Search,IN,brand,339.66,4717,229
2026-06-18,Paid Search,IN,nonbrand,338.71,4704,231
2026-06-18,Paid Search,UK,brand,587.77,8163,382
2026-06-18,Paid Search,UK,nonbrand,651.7,9051,403
2026-06-18,Paid Search,US,brand,896.07,12445,611
2026-06-18,Paid Search,US,nonbrand,1081.02,15014,769
2026-06-18,Paid Social,BR,prospecting,250.35,19258,381
2026-06-18,Paid Social,BR,retargeting,336.14,25857,428
2026-06-18,Paid Social,DE,prospecting,416.97,32075,564
2026-06-18,Paid Social,DE,retargeting,377.73,29056,512
2026-06-18,Paid Social,IN,prospecting,276.25,21250,371
2026-06-18,Paid Social,IN,retargeting,202.02,15540,270
2026-06-18,Paid Social,UK,prospecting,524.59,40353,776
2026-06-18,Paid Social,UK,retargeting,550.87,42375,749
2026-06-18,Paid Social,US,prospecting,833.96,64151,1180
2026-06-18,Paid Social,US,retargeting,751.39,57800,1013
2026-06-18,Referral,BR,affiliates,132.95,2954,151
2026-06-18,Referral,DE,affiliates,170.57,3791,178
2026-06-18,Referral,IN,affiliates,143.5,3189,147
2026-06-18,Referral,UK,affiliates,206.39,4586,220
2026-06-18,Referral,US,affiliates,294.51,6545,315
2026-06-18,SEO,BR,organic,34.57,4939,364
2026-06-18,SEO,DE,organic,41.29,5899,409
2026-06-18,SEO,IN,organic,31.77,4539,299
2026-06-18,SEO,UK,organic,49.63,7090,470
2026-06-18,SEO,US,organic,72.49,10355,754
2026-06-19,Display,BR,prospecting,140.38,28077,210
2026-06-19,Display,BR,retargeting,117.44,23487,198
2026-06-19,Display,DE,prospecting,153.36,30672,247
2026-06-19,Display,DE,retargeting,162.94,32588,279
2026-06-19,Display,IN,prospecting,133.73,26747,200
2026-06-19,Display,IN,retargeting,100.81,20162,167
2026-06-19,Display,UK,prospecting,196.75,39350,289
2026-06-19,Display,UK,retargeting,228.91,45781,372
2026-06-19,Display,US,prospecting,350.31,70063,589
2026-06-19,Display,US,retargeting,299.87,59974,512
2026-06-19,Email,BR,lifecycle,29.15,3239,269
2026-06-19,Email,BR,newsletter,41.11,4568,398
2026-06-19,Email,DE,lifecycle,44.62,4958,437
2026-06-19,Email,DE,newsletter,53.63,5959,578
2026-06-19,Email,IN,lifecycle,25.29,2810,239
2026-06-19,Email,IN,newsletter,29.72,3302,274
2026-06-19,Email,UK,lifecycle,56.67,6296,590
2026-06-19,Email,UK,newsletter,63.86,7096,608
2026-06-19,Email,US,lifecycle,76.08,8454,692
2026-06-19,Email,US,newsletter,86.68,9631,907
2026-06-19,Paid Search,BR,brand,414.75,5760,241
2026-06-19,Paid Search,BR,nonbrand,368.89,5124,224
2026-06-19,Paid Search,DE,brand,473.27,6573,306
2026-06-19,Paid Search,DE,nonbrand,465.71,6468,284
2026-06-19,Paid Search,IN,brand,331.64,4606,210
2026-06-19,Paid Search,IN,nonbrand,390.95,5430,235
2026-06-19,Paid Search,UK,brand,693.23,9628,424
2026-06-19,Paid Search,UK,nonbrand,801.24,11128,497
2026-06-19,Paid Search,US,brand,858.94,11930,527
2026-06-19,Paid Search,US,nonbrand,623.35,8658,367
2026-06-19,Paid Social,BR,prospecting,336.23,25864,462
2026-06-19,Paid Social,BR,retargeting,322.88,24837,464
2026-06-19,Paid Social,DE,prospecting,380.36,29259,608
2026-06-19,Paid Social,DE,retargeting,394.45,30343,511
2026-06-19,Paid Social,IN,prospecting,294.39,22645,420
2026-06-19,Paid Social,IN,retargeting,337.88,25991,463
2026-06-19,Paid Social,UK,prospecting,522.14,40165,791
2026-06-19,Paid Social,UK,retargeting,359.44,27649,530
2026-06-19,Paid Social,US,prospecting,643.58,49506,890
2026-06-19,Paid Social,US,retargeting,768.08,59083,1038
2026-06-19,Referral,BR,affiliates,136.92,3043,150
2026-06-19,Referral,DE,affiliates,181.3,4029,210
2026-06-19,Referral,IN,affiliates,108.69,2415,113
2026-06-19,Referral,UK,affiliates,221.94,4932,251
2026-06-19,Referral,US,affiliates,288.74,6416,304
2026-06-19,SEO,BR,organic,35.36,5051,341
2026-06-19,SEO,DE,organic,48.78,6969,446
2026-06-19,SEO,IN,organic,34.33,4904,349
2026-06-19,SEO,UK,organic,50.63,7234,566
2026-06-19,SEO,US,organic,72.6,10371,684
2026-06-20,Display,BR,prospecting,129.55,25909,217
2026-06-20,Display,BR,retargeting,120.05,24010,200
2026-06-20,Display,DE,prospecting,170.63,34126,275
2026-06-20,Display,DE,retargeting,160.83,32165,264
2026-06-20,Display,IN,prospecting,119.14,23827,199
2026-06-20,Display,IN,retargeting,117.97,23594,186
2026-06-20,Display,UK,prospecting,249.64,49928,348
2026-06-20,Display,UK,retargeting,247.91,49581,389
2026-06-20,Display,US,prospecting,278.02,55605,417
2026-06-20,Display,US,retargeting,396.55,79310,639
2026-06-20,Email,BR,lifecycle,49.3,5478,501
2026-06-20,Email,BR,newsletter,37.23,4137,409
2026-06-20,Email,DE,lifecycle,49.05,5450,506
2026-06-20,Email,DE,newsletter,59.18,6576,570
2026-06-20,Email,IN,lifecycle,39.66,4407,386
2026-06-20,Email,IN,newsletter,34.3,3811,357
2026-06-20,Email,UK,lifecycle,71.53,7948,772
2026-06-20,Email,UK,newsletter,81.57,9064,805
2026-06-20,Email,US,lifecycle,101.72,11302,1032
2026-06-20,Email,US,newsletter,97.47,10830,976
2026-06-20,Paid Search,BR,brand,407.36,5658,263
2026-06-20,Paid Search,BR,nonbrand,387.2,5378,240
2026-06-20,Paid Search,DE,brand,522.45,7256,319
2026-06-20,Paid Search,DE,nonbrand,452.08,6279,273
2026-06-20,Paid Search,IN,brand,289.1,4015,166
2026-06-20,Paid Search,IN,nonbrand,374.1,5196,249
2026-06-20,Paid Search,UK,brand,770.19,10697,452
2026-06-20,Paid Search,UK,nonbrand,799.79,11108,522
2026-06-20,Paid Search,US,brand,933.8,12969,563
2026-06-20,Paid Search,US,nonbrand,878.65,12203,515
2026-06-20,Paid Social,BR,prospecting,312.83,24064,429
2026-06-20,Paid Social,BR,retargeting,327.51,25193,481
2026-06-20,Paid Social,DE,prospecting,474.45,36496,688
2026-06-20,Paid Social,DE,retargeting,400.01,30770,553
2026-06-20,Paid Social,IN,prospecting,257.26,19789,399
2026-06-20,Paid Social,IN,retargeting,236.18,18168,362
2026-06-20,Paid Social,UK,prospecting,612.11,47085,808
2026-06-20,Paid Social,UK,retargeting,483.92,37225,658
2026-06-20,Paid Social,US,prospecting,748.38,57568,900
2026-06-20,Paid Social,US,retargeting,575.97,44306,802
2026-06-20,Referral,BR,affiliates,150.17,3337,171
2026-06-20,Referral,DE,affiliates,208.11,4625,220
2026-06-20,Referral,IN,affiliates,126.49,2811,136
2026-06-20,Referral,UK,affiliates,258.68,5748,269
2026-06-20,Referral,US,affiliates,267.08,5935,296
2026-06-20,SEO,BR,organic,38.54,5506,375
2026-06-20,SEO,DE,organic,39.94,5706,410
2026-06-20,SEO,IN,organic,38.33,5476,371
2026-06-20,SEO,UK,organic,65.48,9355,641
2026-06-20,SEO,US,organic,90.87,12982,879
2026-06-21,Display,BR,prospecting,174.2,34840,295
2026-06-21,Display,BR,retargeting,110.43,22086,188
2026-06-21,Display,DE,prospecting,185.13,37027,291
2026-06-21,Display,DE,retargeting,212.48,42496,342
2026-06-21,Display,IN,prospecting,96.79,19358,159
2026-06-21,Display,IN,retargeting,123.69,24737,208
2026-06-21,Display,UK,prospecting,223.52,44704,350
2026-06-21,Display,UK,retargeting,231.81,46361,291
2026-06-21,Display,US,prospecting,270.78,54157,426
2026-06-21,Display,US,retargeting,344.34,68867,544
2026-06-21,Email,BR,lifecycle,48.28,5364,506
2026-06-21,Email,BR,newsletter,40.97,4552,394
2026-06-21,Email,DE,lifecycle,42.71,4746,428
2026-06-21,Email,DE,newsletter,40.44,4493,362
2026-06-21,Email,IN,lifecycle,41.67,4630,443
2026-06-21,Email,IN,newsletter,40.77,4530,425
2026-06-21,Email,UK,lifecycle,81.39,9044,811
2026-06-21,Email,UK,newsletter,76.19,8466,692
2026-06-21,Email,US,lifecycle,113.97,12664,1184
2026-06-21,Email,US,newsletter,92.21,10246,863
2026-06-21,Paid Search,BR,brand,385.96,5361,234
2026-06-21,Paid Search,BR,nonbrand,403.09,5598,252
2026-06-21,Paid Search,DE,brand,483.99,6722,341
2026-06-21,Paid Search,DE,nonbrand,542.3,7532,316
2026-06-21,Paid Search,IN,brand,324.72,4510,184
2026-06-21,Paid Search,IN,nonbrand,331.6,4606,229
2026-06-21,Paid Search,UK,brand,702.3,9754,436
2026-06-21,Paid Search,UK,nonbrand,657.99,9139,373
2026-06-21,Paid Search,US,brand,877.13,12182,537
2026-06-21,Paid Search,US,nonbrand,921.92,12804,546
2026-06-21,Paid Social,BR,prospecting,372.23,28633,477
2026-06-21,Paid Social,BR,retargeting,258.56,19889,365
2026-06-21,Paid Social,DE,prospecting,382.27,29405,521
2026-06-21,Paid Social,DE,retargeting,443.99,34153,617
2026-06-21,Paid Social,IN,prospecting,296.03,22772,362
2026-06-21,Paid Social,IN,retargeting,404.69,31130,626
2026-06-21,Paid Social,UK,prospecting,531.8,40907,803
2026-06-21,Paid Social,UK,retargeting,601.1,46238,821
2026-06-21,Paid Social,US,prospecting,799.2,61477,985
2026-06-21,Paid Social,US,retargeting,915.19,70399,1361
2026-06-21,Referral,BR,affiliates,140.11,3114,149
2026-06-21,Referral,DE,affiliates,148.25,3294,156
2026-06-21,Referral,IN,affiliates,137.79,3062,152
2026-06-21,Referral,UK,affiliates,233.44,5188,259
2026-06-21,Referral,US,affiliates,285.98,6355,302
2026-06-21,SEO,BR,organic,40.06,5722,377
2026-06-21,SEO,DE,organic,37.43,5348,368
2026-06-21,SEO,IN,organic,32.23,4605,285
2026-06-21,SEO,UK,organic,71.02,10146,744
2026-06-21,SEO,US,organic,81.12,11588,783
2026-06-22,Display,BR,prospecting,123.75,24751,212
2026-06-22,Display,BR,retargeting,114.0,22800,152
2026-06-22,Display,DE,prospecting,148.66,29732,242
2026-06-22,Display,DE,retargeting,166.43,33286,271
2026-06-22,Display,IN,prospecting,112.94,22589,182
2026-06-22,Display,IN,retargeting,92.94,18588,142
2026-06-22,Display,UK,prospecting,237.63,47526,393
2026-06-22,Display,UK,retargeting,215.9,43179,377
2026-06-22,Display,US,prospecting,276.6,55321,452
2026-06-22,Display,US,retargeting,293.03,58605,488
2026-06-22,Email,BR,lifecycle,33.86,3762,351
2026-06-22,Email,BR,newsletter,35.3,3922,305
2026-06-22,Email,DE,lifecycle,37.2,4133,366
2026-06-22,Email,DE,newsletter,35.07,3897,336
2026-06-22,Email,IN,lifecycle,38.94,4327,396
2026-06-22,Email,IN,newsletter,30.58,3398,297
2026-06-22,Email,UK,lifecycle,59.97,6663,620
2026-06-22,Email,UK,newsletter,70.37,7819,696
2026-06-22,Email,US,lifecycle,94.17,10463,1002
2026-06-22,Email,US,newsletter,84.76,9418,872
2026-06-22,Paid Search,BR,brand,365.63,5078,254
2026-06-22,Paid Search,BR,nonbrand,418.51,5813,234
2026-06-22,Paid Search,DE,brand,512.66,7120,325
2026-06-22,Paid Search,DE,nonbrand,520.77,7233,330
2026-06-22,Paid Search,IN,brand,388.35,5394,267
2026-06-22,Paid Search,IN,nonbrand,291.84,4053,173
2026-06-22,Paid Search,UK,brand,650.88,9040,434
2026-06-22,Paid Search,UK,nonbrand,608.91,8457,367
2026-06-22,Paid Search,US,brand,711.26,9879,458
2026-06-22,Paid Search,US,nonbrand,774.53,10757,531
2026-06-22,Paid Social,BR,prospecting,366.54,28195,458
2026-06-22,Paid Social,BR,retargeting,336.56,25889,483
2026-06-22,Paid Social,DE,prospecting,332.97,25613,444
2026-06-22,Paid Social,DE,retargeting,417.39,32107,599
2026-06-22,Paid Social,IN,prospecting,334.59,25738,526
2026-06-22,Paid Social,IN,retargeting,276.59,21276,402
2026-06-22,Paid Social,UK,prospecting,457.41,35186,578
2026-06-22,Paid Social,UK,retargeting,504.15,38781,732
2026-06-22,Paid Social,US,prospecting,727.97,55998,1008
2026-06-22,Paid Social,US,retargeting,694.78,53445,1001
2026-06-22,Referral,BR,affiliates,123.39,2742,153
2026-06-22,Referral,DE,affiliates,169.61,3769,191
2026-06-22,Referral,IN,affiliates,124.56,2768,139
2026-06-22,Referral,UK,affiliates,176.9,3931,192
2026-06-22,Referral,US,affiliates,313.74,6972,366
2026-06-22,SEO,BR,organic,30.8,4399,329
2026-06-22,SEO,DE,organic,44.22,6318,430
2026-06-22,SEO,IN,organic,30.84,4406,340
2026-06-22,SEO,UK,organic,52.27,7467,517
2026-06-22,SEO,US,organic,88.36,12623,796
2026-06-23,Display,BR,prospecting,140.51,28102,220
2026-06-23,Display,BR,retargeting,138.25,27649,243
2026-06-23,Display,DE,prospecting,152.84,30569,269
2026-06-23,Display,DE,retargeting,179.83,35965,294
2026-06-23,Display,IN,prospecting,122.84,24568,193
2026-06-23,Display,IN,retargeting,124.18,24837,194
2026-06-23,Display,UK,prospecting,181.97,36394,285
2026-06-23,Display,UK,retargeting,213.66,42732,328
2026-06-23,Display,US,prospecting,327.94,65589,576
2026-06-23,Display,US,retargeting,383.92,76784,639
2026-06-23,Email,BR,lifecycle,33.91,3768,294
2026-06-23,Email,BR,newsletter,47.24,5249,420
2026-06-23,Email,DE,lifecycle,46.13,5126,492
2026-06-23,Email,DE,newsletter,54.14,6016,512
2026-06-23,Email,IN,lifecycle,36.0,4000,382
2026-06-23,Email,IN,newsletter,30.29,3366,311
2026-06-23,Email,UK,lifecycle,75.26,8363,792
2026-06-23,Email,UK,newsletter,61.7,6856,617
2026-06-23,Email,US,lifecycle,68.87,7652,685
2026-06-23,Email,US,newsletter,71.97,7996,764
2026-06-23,Paid Search,BR,brand,472.28,6559,295
2026-06-23,Paid Search,BR,nonbrand,405.39,5630,260
2026-06-23,Paid Search,DE,brand,528.31,7338,293
2026-06-23,Paid Search,DE,nonbrand,559.34,7769,354
2026-06-23,Paid Search,IN,brand,260.21,3614,162
2026-06-23,Paid Search,IN,nonbrand,338.82,4706,209
2026-06-23,Paid Search,UK,brand,654.07,9084,353
2026-06-23,Paid Search,UK,nonbrand,669.23,9295,390
2026-06-23,Paid Search,US,brand,696.83,9678,433
2026-06-23,Paid Search,US,nonbrand,947.6,13161,629
2026-06-23,Paid Social,BR,prospecting,309.62,23817,424
2026-06-23,Paid Social,BR,retargeting,302.56,23274,416
2026-06-23,Paid Social,DE,prospecting,244.13,18779,337
2026-06-23,Paid Social,DE,retargeting,499.18,38399,720
2026-06-23,Paid Social,IN,prospecting,308.57,23736,421
2026-06-23,Paid Social,IN,retargeting,335.32,25794,468
2026-06-23,Paid Social,UK,prospecting,501.76,38597,726
2026-06-23,Paid Social,UK,retargeting,492.53,37887,756
2026-06-23,Paid Social,US,prospecting,846.62,65125,1311
2026-06-23,Paid Social,US,retargeting,819.26,63020,1024
2026-06-23,Referral,BR,affiliates,142.61,3169,136
2026-06-23,Referral,DE,affiliates,207.48,4611,252
2026-06-23,Referral,IN,affiliates,109.56,2435,116
2026-06-23,Referral,UK,affiliates,173.23,3850,220
2026-06-23,Referral,US,affiliates,285.85,6352,316
2026-06-23,SEO,BR,organic,28.08,4011,285
2026-06-23,SEO,DE,organic,33.73,4819,340
2026-06-23,SEO,IN,organic,26.84,3835,268
2026-06-23,SEO,UK,organic,47.97,6852,471
2026-06-23,SEO,US,organic,74.96,10709,784
2026-06-24,Display,BR,prospecting,124.07,24815,186
2026-06-24,Display,BR,retargeting,120.29,24058,196
2026-06-24,Display,DE,prospecting,145.65,29130,226
2026-06-24,Display,DE,retargeting,130.79,26158,200
2026-06-24,Display,IN,prospecting,120.99,24198,170
2026-06-24,Display,IN,retargeting,130.48,26095,205
2026-06-24,Display,UK,prospecting,210.06,42012,361
2026-06-24,Display,UK,retargeting,191.33,38266,302
2026-06-24,Display,US,prospecting,211.1,42220,338
2026-06-24,Display,US,retargeting,289.3,57859,428
2026-06-24,Email,BR,lifecycle,38.77,4307,385
2026-06-24,Email,BR,newsletter,32.86,3651,297
2026-06-24,Email,DE,lifecycle,52.06,5785,521
2026-06-24,Email,DE,newsletter,54.41,6045,571
2026-06-24,Email,IN,lifecycle,40.39,4488,401
2026-06-24,Email,IN,newsletter,39.6,4400,412
2026-06-24,Email,UK,lifecycle,57.66,6406,651
2026-06-24,Email,UK,newsletter,71.75,7973,795
2026-06-24,Email,US,lifecycle,93.33,10370,975
2026-06-24,Email,US,newsletter,106.26,11807,1204
2026-06-24,Paid Search,BR,brand,301.17,4183,163
2026-06-24,Paid Search,BR,nonbrand,346.19,4808,211
2026-06-24,Paid Search,DE,brand,503.06,6987,296
2026-06-24,Paid Search,DE,nonbrand,496.66,6898,295
2026-06-24,Paid Search,IN,brand,316.6,4397,190
2026-06-24,Paid Search,IN,nonbrand,316.99,4403,203
2026-06-24,Paid Search,UK,brand,568.26,7892,323
2026-06-24,Paid Search,UK,nonbrand,570.19,7919,394
2026-06-24,Paid Search,US,brand,922.9,12818,563
2026-06-24,Paid Search,US,nonbrand,939.33,13046,582
2026-06-24,Paid Social,BR,prospecting,278.04,21388,393
2026-06-24,Paid Social,BR,retargeting,346.56,26658,506
2026-06-24,Paid Social,DE,prospecting,392.87,30221,548
2026-06-24,Paid Social,DE,retargeting,409.44,31495,570
2026-06-24,Paid Social,IN,prospecting,285.09,21930,403
2026-06-24,Paid Social,IN,retargeting,328.35,25258,418
2026-06-24,Paid Social,UK,prospecting,530.41,40801,713
2026-06-24,Paid Social,UK,retargeting,458.34,35257,688
2026-06-24,Paid Social,US,prospecting,751.56,57812,997
2026-06-24,Paid Social,US,retargeting,539.15,41473,774
2026-06-24,Referral,BR,affiliates,142.83,3174,164
2026-06-24,Referral,DE,affiliates,156.95,3488,182
2026-06-24,Referral,IN,affiliates,149.58,3324,156
2026-06-24,Referral,UK,affiliates,223.56,4968,257
2026-06-24,Referral,US,affiliates,274.11,6091,273
2026-06-24,SEO,BR,organic,31.44,4491,303
2026-06-24,SEO,DE,organic,50.19,7170,500
2026-06-24,SEO,IN,organic,29.88,4268,279
2026-06-24,SEO,UK,organic,54.21,7744,521
2026-06-24,SEO,US,organic,72.72,10389,762
2026-06-25,Display,BR,prospecting,160.31,32061,262
2026-06-25,Display,BR,retargeting,112.28,22456,194
2026-06-25,Display,DE,prospecting,150.07,30013,249
2026-06-25,Display,DE,retargeting,130.71,26141,205
2026-06-25,Display,IN,prospecting,120.96,24191,188
2026-06-25,Display,IN,retargeting,116.18,23236,180
2026-06-25,Display,UK,prospecting,196.83,39366,314
2026-06-25,Display,UK,retargeting,194.03,38807,306
2026-06-25,Display,US,prospecting,325.52,65104,513
2026-06-25,Display,US,retargeting,305.37,61075,529
2026-06-25,Email,BR,lifecycle,34.02,3780,315
2026-06-25,Email,BR,newsletter,39.49,4388,409
2026-06-25,Email,DE,lifecycle,44.3,4922,450
2026-06-25,Email,DE,newsletter,49.04,5449,517
2026-06-25,Email,IN,lifecycle,42.35,4706,424
2026-06-25,Email,IN,newsletter,37.42,4158,377
2026-06-25,Email,UK,lifecycle,37.66,4185,351
2026-06-25,Email,UK,newsletter,56.61,6290,612
2026-06-25,Email,US,lifecycle,89.79,9976,849
2026-06-25,Email,US,newsletter,91.14,10127,990
2026-06-25,Paid Search,BR,brand,403.42,5603,258
2026-06-25,Paid Search,BR,nonbrand,386.84,5373,260
2026-06-25,Paid Search,DE,brand,460.85,6401,258
2026-06-25,Paid Search,DE,nonbrand,528.53,7341,327
2026-06-25,Paid Search,IN,brand,332.14,4613,204
2026-06-25,Paid Search,IN,nonbrand,357.47,4965,212
2026-06-25,Paid Search,UK,brand,623.09,8654,368
2026-06-25,Paid Search,UK,nonbrand,723.1,10043,476
2026-06-25,Paid Search,US,brand,827.9,11499,563
2026-06-25,Paid Search,US,nonbrand,851.43,11825,533
2026-06-25,Paid Social,BR,prospecting,316.53,24348,446
2026-06-25,Paid Social,BR,retargeting,335.49,25807,466
2026-06-25,Paid Social,DE,prospecting,357.37,27490,482
2026-06-25,Paid Social,DE,retargeting,305.48,23498,451
2026-06-25,Paid Social,IN,prospecting,294.68,22667,373
2026-06-25,Paid Social,IN,retargeting,275.5,21193,387
2026-06-25,Paid Social,UK,prospecting,543.24,41788,710
2026-06-25,Paid Social,UK,retargeting,588.71,45285,808
2026-06-25,Paid Social,US,prospecting,827.32,63640,1205
2026-06-25,Paid Social,US,retargeting,735.59,56583,1025
2026-06-25,Referral,BR,affiliates,169.14,3759,192
2026-06-25,Referral,DE,affiliates,154.64,3437,171
2026-06-25,Referral,IN,affiliates,85.71,1905,91
2026-06-25,Referral,UK,affiliates,212.61,4725,206
2026-06-25,Referral,US,affiliates,356.74,7928,401
2026-06-25,SEO,BR,organic,36.19,5170,320
2026-06-25,SEO,DE,organic,50.09,7156,497
2026-06-25,SEO,IN,organic,38.18,5455,385
2026-06-25,SEO,UK,organic,49.53,7075,535
2026-06-25,SEO,US,organic,87.79,12542,860
2026-06-26,Display,BR,prospecting,119.13,23826,211
2026-06-26,Display,BR,retargeting,114.02,22803,170
2026-06-26,Display,DE,prospecting,159.6,31921,242
2026-06-26,Display,DE,retargeting,167.43,33486,260
2026-06-26,Display,IN,prospecting,137.22,27444,210
2026-06-26,Display,IN,retargeting,78.7,15739,111
2026-06-26,Display,UK,prospecting,180.44,36087,312
2026-06-26,Display,UK,retargeting,193.75,38750,295
2026-06-26,Display,US,prospecting,254.37,50874,414
2026-06-26,Display,US,retargeting,253.52,50704,396
2026-06-26,Email,BR,lifecycle,37.46,4163,404
2026-06-26,Email,BR,newsletter,34.95,3883,396
2026-06-26,Email,DE,lifecycle,55.76,6195,662
2026-06-26,Email,DE,newsletter,49.84,5538,468
2026-06-26,Email,IN,lifecycle,33.64,3738,346
2026-06-26,Email,IN,newsletter,36.94,4104,354
2026-06-26,Email,UK,lifecycle,69.13,7681,664
2026-06-26,Email,UK,newsletter,70.84,7871,664
2026-06-26,Email,US,lifecycle,75.87,8430,803
2026-06-26,Email,US,newsletter,87.83,9759,825
2026-06-26,Paid Search,BR,brand,304.08,4223,212
2026-06-26,Paid Search,BR,nonbrand,448.92,6235,291
2026-06-26,Paid Search,DE,brand,355.62,4939,222
2026-06-26,Paid Search,DE,nonbrand,459.04,6376,253
2026-06-26,Paid Search,IN,brand,422.11,5863,240
2026-06-26,Paid Search,IN,nonbrand,290.37,4033,184
2026-06-26,Paid Search,UK,brand,623.07,8654,424
2026-06-26,Paid Search,UK,nonbrand,662.22,9198,359
2026-06-26,Paid Search,US,brand,795.53,11049,494
2026-06-26,Paid Search,US,nonbrand,828.99,11514,493
2026-06-26,Paid Social,BR,prospecting,330.62,25432,445
2026-06-26,Paid Social,BR,retargeting,304.1,23392,392
2026-06-26,Paid Social,DE,prospecting,415.61,31970,594
2026-06-26,Paid Social,DE,retargeting,452.04,34772,612
2026-06-26,Paid Social,IN,prospecting,311.17,23937,457
2026-06-26,Paid Social,IN,retargeting,278.34,21411,367
2026-06-26,Paid Social,UK,prospecting,478.82,36832,687
2026-06-26,Paid Social,UK,retargeting,557.86,42912,770
2026-06-26,Paid Social,US,prospecting,683.17,52552,919
2026-06-26,Paid Social,US,retargeting,665.74,51211,916
2026-06-26,Referral,BR,affiliates,147.46,3277,167
2026-06-26,Referral,DE,affiliates,123.73,2750,129
2026-06-26,Referral,IN,affiliates,107.4,2387,107
2026-06-26,Referral,UK,affiliates,201.02,4467,223
2026-06-26,Referral,US,affiliates,391.43,8698,446
2026-06-26,SEO,BR,organic,30.11,4301,346
2026-06-26,SEO,DE,organic,47.58,6798,469
2026-06-26,SEO,IN,organic,33.84,4835,337
2026-06-26,SEO,UK,organic,59.11,8444,604
2026-06-26,SEO,US,organic,76.36,10908,762
2026-06-27,Display,BR,prospecting,156.34,31268,251
2026-06-27,Display,BR,retargeting,147.85,29571,212
2026-06-27,Display,DE,prospecting,154.55,30910,217
2026-06-27,Display,DE,retargeting,209.62,41923,386
2026-06-27,Display,IN,prospecting,108.91,21783,177
2026-06-27,Display,IN,retargeting,121.92,24383,195
2026-06-27,Display,UK,prospecting,226.75,45351,388
2026-06-27,Display,UK,retargeting,184.73,36947,300
2026-06-27,Display,US,prospecting,318.41,63683,446
2026-06-27,Display,US,retargeting,246.6,49319,435
2026-06-27,Email,BR,lifecycle,37.63,4181,367
2026-06-27,Email,BR,newsletter,44.8,4977,393
2026-06-27,Email,DE,lifecycle,50.17,5574,501
2026-06-27,Email,DE,newsletter,56.95,6328,544
2026-06-27,Email,IN,lifecycle,39.75,4416,393
2026-06-27,Email,IN,newsletter,38.54,4283,408
2026-06-27,Email,UK,lifecycle,73.03,8114,708
2026-06-27,Email,UK,newsletter,66.26,7362,671
2026-06-27,Email,US,lifecycle,106.9,11878,1112
2026-06-27,Email,US,newsletter,85.65,9516,901
2026-06-27,Paid Search,BR,brand,406.14,5641,278
2026-06-27,Paid Search,BR,nonbrand,370.44,5145,248
2026-06-27,Paid Search,DE,brand,561.84,7803,349
2026-06-27,Paid Search,DE,nonbrand,484.84,6734,320
2026-06-27,Paid Search,IN,brand,411.99,5722,279
2026-06-27,Paid Search,IN,nonbrand,414.0,5750,255
2026-06-27,Paid Search,UK,brand,717.37,9963,456
2026-06-27,Paid Search,UK,nonbrand,706.92,9818,402
2026-06-27,Paid Search,US,brand,926.8,12872,659
2026-06-27,Paid Search,US,nonbrand,913.41,12686,601
2026-06-27,Paid Social,BR,prospecting,329.92,25379,457
2026-06-27,Paid Social,BR,retargeting,385.0,29616,559
2026-06-27,Paid Social,DE,prospecting,327.24,25172,427
2026-06-27,Paid Social,DE,retargeting,418.15,32165,529
2026-06-27,Paid Social,IN,prospecting,343.47,26421,477
2026-06-27,Paid Social,IN,retargeting,282.75,21750,430
2026-06-27,Paid Social,UK,prospecting,633.34,48718,927
2026-06-27,Paid Social,UK,retargeting,605.89,46607,841
2026-06-27,Paid Social,US,prospecting,702.98,54075,977
2026-06-27,Paid Social,US,retargeting,824.51,63424,1140
2026-06-27,Referral,BR,affiliates,159.64,3548,165
2026-06-27,Referral,DE,affiliates,185.12,4114,224
2026-06-27,Referral,IN,affiliates,123.87,2753,135
2026-06-27,Referral,UK,affiliates,212.32,4718,241
2026-06-27,Referral,US,affiliates,326.96,7266,399
2026-06-27,SEO,BR,organic,28.09,4013,314
2026-06-27,SEO,DE,organic,45.66,6523,456
2026-06-27,SEO,IN,organic,29.33,4189,301
2026-06-27,SEO,UK,organic,53.06,7580,505
2026-06-27,SEO,US,organic,81.05,11578,816
2026-06-28,Display,BR,prospecting,147.55,29510,242
2026-06-28,Display,BR,retargeting,135.89,27178,241
2026-06-28,Display,DE,prospecting,177.42,35484,287
2026-06-28,Display,DE,retargeting,150.75,30149,256
2026-06-28,Display,IN,prospecting,119.4,23879,198
2026-06-28,Display,IN,retargeting,104.76,20952,166
2026-06-28,Display,UK,prospecting,276.28,55255,470
2026-06-28,Display,UK,retargeting,232.63,46527,371
2026-06-28,Display,US,prospecting,283.72,56743,421
2026-06-28,Display,US,retargeting,298.1,59620,439
2026-06-28,Email,BR,lifecycle,39.19,4354,420
2026-06-28,Email,BR,newsletter,42.62,4735,406
2026-06-28,Email,DE,lifecycle,50.22,5580,481
2026-06-28,Email,DE,newsletter,56.86,6318,518
2026-06-28,Email,IN,lifecycle,43.52,4835,419
2026-06-28,Email,IN,newsletter,34.6,3845,363
2026-06-28,Email,UK,lifecycle,74.68,8297,784
2026-06-28,Email,UK,newsletter,56.69,6299,574
2026-06-28,Email,US,lifecycle,97.5,10834,928
2026-06-28,Email,US,newsletter,81.47,9053,827
2026-06-28,Paid Search,BR,brand,390.26,5420,271
2026-06-28,Paid Search,BR,nonbrand,418.86,5817,246
2026-06-28,Paid Search,DE,brand,590.05,8195,358
2026-06-28,Paid Search,DE,nonbrand,543.86,7554,324
2026-06-28,Paid Search,IN,brand,352.15,4891,215
2026-06-28,Paid Search,IN,nonbrand,382.61,5314,236
2026-06-28,Paid Search,UK,brand,768.46,10673,502
2026-06-28,Paid Search,UK,nonbrand,742.7,10315,461
2026-06-28,Paid Search,US,brand,1014.65,14092,638
2026-06-28,Paid Search,US,nonbrand,914.64,12703,559
2026-06-28,Paid Social,BR,prospecting,319.85,24604,394
2026-06-28,Paid Social,BR,retargeting,351.5,27039,439
2026-06-28,Paid Social,DE,prospecting,395.53,30426,516
2026-06-28,Paid Social,DE,retargeting,532.37,40952,758
2026-06-28,Paid Social,IN,prospecting,293.48,22576,405
2026-06-28,Paid Social,IN,retargeting,344.2,26477,431
2026-06-28,Paid Social,UK,prospecting,529.15,40704,773
2026-06-28,Paid Social,UK,retargeting,528.31,40639,738
2026-06-28,Paid Social,US,prospecting,751.0,57769,1116
2026-06-28,Paid Social,US,retargeting,801.28,61637,1123
2026-06-28,Referral,BR,affiliates,158.98,3533,159
2026-06-28,Referral,DE,affiliates,195.72,4349,217
2026-06-28,Referral,IN,affiliates,118.89,2642,132
2026-06-28,Referral,UK,affiliates,247.88,5508,268
2026-06-28,Referral,US,affiliates,269.98,6000,317
2026-06-28,SEO,BR,organic,37.23,5318,405
2026-06-28,SEO,DE,organic,54.88,7840,560
2026-06-28,SEO,IN,organic,40.11,5730,393
2026-06-28,SEO,UK,organic,68.11,9730,665
2026-06-28,SEO,US,organic,82.67,11810,839
2026-06-29,Display,BR,prospecting,133.29,26657,210
2026-06-29,Display,BR,retargeting,117.55,23510,178
2026-06-29,Display,DE,prospecting,164.32,32865,269
2026-06-29,Display,DE,retargeting,161.63,32326,261
2026-06-29,Display,IN,prospecting,138.13,27626,225
2026-06-29,Display,IN,retargeting,108.0,21600,184
2026-06-29,Display,UK,prospecting,190.18,38036,282
2026-06-29,Display,UK,retargeting,210.83,42166,323
2026-06-29,Display,US,prospecting,354.38,70876,554
2026-06-29,Display,US,retargeting,287.33,57467,468
2026-06-29,Email,BR,lifecycle,31.71,3523,294
2026-06-29,Email,BR,newsletter,43.88,4875,441
2026-06-29,Email,DE,lifecycle,46.02,5113,473
2026-06-29,Email,DE,newsletter,45.93,5103,463
2026-06-29,Email,IN,lifecycle,31.34,3482,285
2026-06-29,Email,IN,newsletter,33.9,3766,351
2026-06-29,Email,UK,lifecycle,68.88,7653,678
2026-06-29,Email,UK,newsletter,68.08,7565,671
2026-06-29,Email,US,lifecycle,99.34,11038,1025
2026-06-29,Email,US,newsletter,94.66,10518,881
2026-06-29,Paid Search,BR,brand,285.94,3971,168
2026-06-29,Paid Search,BR,nonbrand,372.51,5174,228
2026-06-29,Paid Search,DE,brand,513.56,7133,360
2026-06-29,Paid Search,DE,nonbrand,454.58,6314,284
2026-06-29,Paid Search,IN,brand,404.3,5615,273
2026-06-29,Paid Search,IN,nonbrand,357.54,4966,224
2026-06-29,Paid Search,UK,brand,554.85,7706,323
2026-06-29,Paid Search,UK,nonbrand,766.99,10653,466
2026-06-29,Paid Search,US,brand,876.62,12175,607
2026-06-29,Paid Search,US,nonbrand,849.98,11805,523
2026-06-29,Paid Social,BR,prospecting,339.29,26099,483
2026-06-29,Paid Social,BR,retargeting,324.04,24926,456
2026-06-29,Paid Social,DE,prospecting,419.66,32282,594
2026-06-29,Paid Social,DE,retargeting,467.36,35951,652
2026-06-29,Paid Social,IN,prospecting,344.96,26536,422
2026-06-29,Paid Social,IN,retargeting,276.51,21270,392
2026-06-29,Paid Social,UK,prospecting,474.38,36491,665
2026-06-29,Paid Social,UK,retargeting,540.86,41605,711
2026-06-29,Paid Social,US,prospecting,615.58,47352,835
2026-06-29,Paid Social,US,retargeting,746.45,57419,991
2026-06-29,Referral,BR,affiliates,124.36,2764,143
2026-06-29,Referral,DE,affiliates,181.26,4028,198
2026-06-29,Referral,IN,affiliates,142.48,3166,163
2026-06-29,Referral,UK,affiliates,261.3,5807,271
2026-06-29,Referral,US,affiliates,319.6,7102,336
2026-06-29,SEO,BR,organic,31.59,4513,303
2026-06-29,SEO,DE,organic,49.21,7031,499
2026-06-29,SEO,IN,organic,32.52,4646,331
2026-06-29,SEO,UK,organic,57.94,8277,617
2026-06-29,SEO,US,organic,89.69,12813,824
2026-06-30,Display,BR,prospecting,130.66,26132,203
2026-06-30,Display,BR,retargeting,122.46,24492,192
2026-06-30,Display,DE,prospecting,155.54,31108,247
2026-06-30,Display,DE,retargeting,135.4,27080,234
2026-06-30,Display,IN,prospecting,89.05,17810,153
2026-06-30,Display,IN,retargeting,136.88,27376,202
2026-06-30,Display,UK,prospecting,208.7,41741,334
2026-06-30,Display,UK,retargeting,231.32,46265,373
2026-06-30,Display,US,prospecting,290.4,58081,445
2026-06-30,Display,US,retargeting,297.43,59486,471
2026-06-30,Email,BR,lifecycle,41.94,4660,429
2026-06-30,Email,BR,newsletter,41.44,4604,453
2026-06-30,Email,DE,lifecycle,53.3,5923,557
2026-06-30,Email,DE,newsletter,53.16,5906,530
2026-06-30,Email,IN,lifecycle,33.94,3771,327
2026-06-30,Email,IN,newsletter,34.64,3849,329
2026-06-30,Email,UK,lifecycle,65.05,7227,663
2026-06-30,Email,UK,newsletter,74.25,8250,735
2026-06-30,Email,US,lifecycle,74.9,8323,798
2026-06-30,Email,US,newsletter,84.19,9355,856
2026-06-30,Paid Search,BR,brand,399.31,5546,263
2026-06-30,Paid Search,BR,nonbrand,378.62,5259,219
2026-06-30,Paid Search,DE,brand,426.54,5924,275
2026-06-30,Paid Search,DE,nonbrand,492.28,6837,281
2026-06-30,Paid Search,IN,brand,318.63,4425,200
2026-06-30,Paid Search,IN,nonbrand,410.18,5697,257
2026-06-30,Paid Search,UK,brand,626.3,8699,365
2026-06-30,Paid Search,UK,nonbrand,648.88,9012,373
2026-06-30,Paid Search,US,brand,790.8,10983,505
2026-06-30,Paid Search,US,nonbrand,839.01,11653,544
2026-06-30,Paid Social,BR,prospecting,336.9,25915,471
2026-06-30,Paid Social,BR,retargeting,312.65,24050,423
2026-06-30,Paid Social,DE,prospecting,348.29,26791,448
2026-06-30,Paid Social,DE,retargeting,373.3,28715,532
2026-06-30,Paid Social,IN,prospecting,337.46,25958,469
2026-06-30,Paid Social,IN,retargeting,262.78,20214,345
2026-06-30,Paid Social,UK,prospecting,495.37,38106,691
2026-06-30,Paid Social,UK,retargeting,444.8,34216,650
2026-06-30,Paid Social,US,prospecting,756.82,58217,1005
2026-06-30,Paid Social,US,retargeting,624.42,48032,855
2026-06-30,Referral,BR,affiliates,115.17,2559,138
2026-06-30,Referral,DE,affiliates,148.46,3299,170
2026-06-30,Referral,IN,affiliates,99.6,2213,112
2026-06-30,Referral,UK,affiliates,229.71,5105,265
2026-06-30,Referral,US,affiliates,228.83,5085,276
2026-06-30,SEO,BR,organic,26.88,3840,261
2026-06-30,SEO,DE,organic,39.68,5668,424
2026-06-30,SEO,IN,organic,34.18,4883,361
2026-06-30,SEO,UK,organic,63.33,9047,525
2026-06-30,SEO,US,organic,79.1,11300,814
